rank,organism_id,name_normalized,n_docs_either,cumulative_docs,cumulative_fraction_of_corpus,marginal_new_docs
1,ORG-0963,infection with,1160,1160,0.0474379421748,1160
2,ORG-1934,the use,1133,2262,0.0925039872408,1102
3,ORG-1361,pcr,1078,3254,0.133071606756,992
4,ORG-0302,cd4,1057,4158,0.17004048583,904
5,ORG-2306,wild type,1046,5001,0.204514783462,843
6,ORG-1910,the risk,966,5779,0.236330920541,778
7,ORG-0897,iii,950,6474,0.264752791069,695
8,ORG-1797,the ability,929,7121,0.291211712264,647
9,ORG-1986,through the,894,7697,0.314767104241,576
10,ORG-1089,long term,844,8218,0.336073283442,521
11,ORG-1856,the impact,803,8699,0.355743671533,481
12,ORG-1221,need for,777,9187,0.375700323069,488
13,ORG-1368,per,777,9604,0.392753445385,417
14,ORG-2260,which are,772,10064,0.411565043144,460
15,ORG-0858,human cytomegalovirus,764,10450,0.42735042735,386
16,ORG-0854,hsv 1,760,10830,0.44289044289,380
17,ORG-1948,there are,757,11239,0.459616406985,409
18,ORG-1569,reverse genetics,744,11642,0.476097002413,403
19,ORG-0188,bacteria,710,12002,0.490819122398,360
20,ORG-0970,influenza virus,702,12339,0.504600662495,337
21,ORG-2147,viral protein,685,12631,0.516541937595,292
22,ORG-1881,the need,677,12731,0.520631415368,100
23,ORG-0895,ifn,669,12915,0.528156054472,184
24,ORG-2120,varicella zoster,668,13269,0.542632805791,354
25,ORG-1798,the absence,655,13462,0.550525497894,193
26,ORG-0772,hcmv,644,13491,0.551711446448,29
27,ORG-1039,kshv,631,13833,0.565697460434,342
28,ORG-1421,potential for,610,14108,0.576943524312,275
29,ORG-1607,sarcoma associated,602,14162,0.57915184231,54
30,ORG-1897,the primary,584,14387,0.588353167301,225
31,ORG-0015,a virus,550,14537,0.594487383961,150
32,ORG-0559,enhance the,544,14714,0.60172575962,177
33,ORG-0317,cell type,543,14882,0.60859608228,168
34,ORG-2141,viral genome,511,15008,0.613748824275,126
35,ORG-2163,virus replication,506,15113,0.618042775938,105
36,ORG-0319,cells from,505,15253,0.623768044821,140
37,ORG-1851,the high,499,15419,0.630556577925,166
38,ORG-0527,ebv associated,496,15670,0.640821167137,251
39,ORG-1952,these viruses,483,15785,0.645524066577,115
40,ORG-1667,since the,481,15959,0.652639757903,174
41,ORG-2189,vzv,477,15969,0.65304870568,10
42,ORG-0171,avian influenza,455,16036,0.655788655789,67
43,ORG-1844,the gene,446,16165,0.661064082117,129
44,ORG-1921,the suppression,445,16253,0.664662822558,88
45,ORG-1847,the global,440,16380,0.66985645933,127
46,ORG-0938,increase the,439,16449,0.672678198994,69
47,ORG-1866,the interaction,437,16570,0.6776264671,121
48,ORG-0861,human immunodeficiency virus,430,16707,0.68322905165,137
49,ORG-0860,human herpesvirus,425,16815,0.687645687646,108
50,ORG-1956,they are,424,16917,0.691816954975,102
51,ORG-1890,the possibility,423,17024,0.696192696193,107
52,ORG-1215,natural killer,420,17152,0.701427227743,128
53,ORG-0943,increased risk,418,17268,0.70617102196,116
54,ORG-0312,cell culture,417,17344,0.709279025068,76
55,ORG-0825,hiv 1,411,17423,0.71250971251,79
56,ORG-1846,the genetic,400,17530,0.716885453728,107
57,ORG-1896,the prevalence,399,17623,0.720688668057,93
58,ORG-1949,these cells,390,17686,0.723265039055,63
59,ORG-2115,vaccinia virus,389,17787,0.727395411606,101
60,ORG-1095,low level,387,17867,0.730666993825,80
61,ORG-0833,host cells,361,17920,0.732834417045,53
62,ORG-1931,the underlying,361,18005,0.736310473153,85
63,ORG-0736,given the,350,18071,0.739009528483,66
64,ORG-2156,virus associated,341,18145,0.742035742036,74
65,ORG-1905,the replication,338,18188,0.743794217478,43
66,ORG-1862,the initial,325,18271,0.747188484031,83
67,ORG-1867,the lack,322,18327,0.749478591584,56
68,ORG-1900,the recombinant,322,18403,0.752586594692,76
69,ORG-1146,mers,320,18479,0.7556945978,76
70,ORG-1230,neutralizing antibodies,320,18539,0.758148284464,60
71,ORG-0399,control and,318,18617,0.761338077128,78
72,ORG-2170,viruses that,318,18650,0.762687604793,33
73,ORG-2171,viruses with,314,18680,0.763914448125,30
74,ORG-0421,create,303,18744,0.7665317139,64
75,ORG-0360,cns,299,18802,0.768903611009,58
76,ORG-1586,rna viruses,298,18842,0.770539402118,40
77,ORG-1834,the epstein barr virus,285,18900,0.772911299227,58
78,ORG-0455,decrease the,281,18934,0.77430172167,34
79,ORG-1887,the pathogen,278,18992,0.776673618779,58
80,ORG-1898,the rapid,277,19033,0.778350304666,41
81,ORG-1136,measles virus,275,19098,0.781008465219,65
82,ORG-0987,interactions between,273,19134,0.782480677218,36
83,ORG-0545,elisa,271,19188,0.784688995215,54
84,ORG-0968,influenza a virus,271,19188,0.784688995215,0
85,ORG-0363,co infection,262,19214,0.785752259436,26
86,ORG-1503,real time,261,19245,0.787019997546,31
87,ORG-1047,large scale,255,19290,0.788860262544,45
88,ORG-1773,target cells,254,19322,0.790168895432,32
89,ORG-0728,genome wide,252,19354,0.79147752832,32
90,ORG-2140,viral genes,252,19367,0.79200916043,13
91,ORG-2161,virus infections,251,19395,0.793154214207,28
92,ORG-0529,ebv infected,249,19424,0.794340162761,29
93,ORG-1286,of herpes simplex virus,248,19449,0.795362532205,25
94,ORG-1848,the growth,245,19485,0.796834744203,36
95,ORG-1505,receptor binding,244,19523,0.798388745757,38
96,ORG-0571,enhancing the,242,19549,0.799452009978,26
97,ORG-1232,next generation,236,19587,0.801006011532,38
98,ORG-0808,high throughput,230,19611,0.801987486198,24
99,ORG-1147,mers cov,228,19611,0.801987486198,0
100,ORG-2193,well known,224,19649,0.803541487752,38
101,ORG-0899,il 12,222,19678,0.804727436306,29
102,ORG-1702,spike protein,220,19709,0.805995174416,31
103,ORG-1831,the entire,220,19732,0.806935754304,23
104,ORG-0773,hcv,216,19763,0.808203492414,31
105,ORG-0020,aav,215,19812,0.810207336523,49
106,ORG-0046,adeno associated,212,19827,0.810820758189,15
107,ORG-0951,increasing the,212,19854,0.811924917188,27
108,ORG-1812,the capacity,209,19874,0.812742812743,20
109,ORG-1936,the vector,203,19900,0.813806076964,26
110,ORG-1253,non specific,202,19929,0.814992025518,29
111,ORG-1877,the mutation,202,19947,0.815728131518,18
112,ORG-1196,mva,201,19965,0.816464237517,18
113,ORG-1023,its role,200,19986,0.817323027849,21
114,ORG-1205,n terminal,200,20005,0.818100028626,19
115,ORG-0683,fungi,198,20022,0.818795239848,17
116,ORG-0267,c terminal,197,20033,0.819245082403,11
117,ORG-0869,humoral immune,197,20050,0.819940293625,17
118,ORG-0191,bacterium,195,20081,0.821208031734,31
119,ORG-1432,pre existing,195,20096,0.8218214534,15
120,ORG-1511,recombinant viruses,193,20100,0.821985032511,4
121,ORG-2159,virus encoded,192,20139,0.823579928843,39
122,ORG-1744,suppress the,191,20151,0.824070666176,12
123,ORG-1019,its ability,190,20168,0.824765877397,17
124,ORG-2114,vaccine induced,190,20187,0.825542878174,19
125,ORG-0244,broad spectrum,189,20210,0.826483458062,23
126,ORG-1246,non infectious,182,20232,0.827383143173,22
127,ORG-1490,rapid and,181,20252,0.828201038727,20
128,ORG-2160,virus host,180,20264,0.82869177606,12
129,ORG-2304,whole genome,180,20287,0.829632355948,23
130,ORG-0694,gain of function,178,20319,0.830940988836,32
131,ORG-1119,mammalian cell,177,20334,0.831554410502,15
132,ORG-1819,the common,175,20359,0.832576779945,25
133,ORG-0596,escherichia coli,173,20379,0.8333946755,20
134,ORG-1981,those who,172,20415,0.834866887498,36
135,ORG-1958,they can,170,20437,0.835766572609,22
136,ORG-0310,cell based,168,20462,0.836788942052,25
137,ORG-1809,the availability,168,20478,0.837443258496,16
138,ORG-1932,the unique,164,20499,0.838302048828,21
139,ORG-1979,this method,164,20517,0.839038154828,18
140,ORG-2167,viruses can,164,20532,0.839651576494,15
141,ORG-1672,single stranded,163,20538,0.83989694516,6
142,ORG-0680,full length,162,20549,0.840346787715,11
143,ORG-1593,rt pcr,162,20549,0.840346787715,0
144,ORG-0385,considering the,161,20568,0.841123788492,19
145,ORG-1868,the large,161,20581,0.841655420603,13
146,ORG-0623,facilitate the,158,20600,0.84243242138,19
147,ORG-1464,protein kinase,158,20616,0.843086737824,16
148,ORG-0974,inhibiting the,157,20627,0.843536580379,11
149,ORG-1087,lmp1,157,20642,0.844150002045,15
150,ORG-1811,the biology,157,20654,0.844640739378,12
151,ORG-1859,the increased,156,20671,0.845335950599,17
152,ORG-0503,double stranded,155,20683,0.845826687932,12
153,ORG-0581,environmental factors,155,20708,0.846849057375,25
154,ORG-1238,non coding,155,20719,0.84729889993,11
155,ORG-0429,crispr,153,20730,0.847748742486,11
156,ORG-0206,because the,152,20744,0.848321269374,14
157,ORG-1610,sars cov 2 virus,151,20760,0.848975585818,16
158,ORG-0047,adeno associated virus,149,20760,0.848975585818,0
159,ORG-0880,iav,148,20764,0.849139164929,4
160,ORG-1969,they have,148,20776,0.849629902261,12
161,ORG-0795,hhv 8,147,20787,0.850079744817,11
162,ORG-1872,the magnitude,146,20801,0.850652271705,14
163,ORG-1245,non human,145,20819,0.851388377704,18
164,ORG-1603,safety profile,144,20836,0.852083588926,17
165,ORG-0506,drug resistance,140,20846,0.852492536703,10
166,ORG-2158,virus can,137,20853,0.852778800147,7
167,ORG-1169,monoclonal antibodies,136,20867,0.853351327036,14
168,ORG-0619,express the,135,20871,0.853514906146,4
169,ORG-0409,cost effective,133,20888,0.854210117368,17
170,ORG-1913,the small,133,20904,0.854864433812,16
171,ORG-0124,antigen presenting,132,20911,0.855150697256,7
172,ORG-1849,the herpes,132,20922,0.855600539811,11
173,ORG-0836,host range,131,20928,0.855845908477,6
174,ORG-2058,tumor specific,131,20948,0.856663804032,20
175,ORG-0457,decreasing the,130,20954,0.856909172699,6
176,ORG-1874,the minimal,129,20966,0.857399910031,12
177,ORG-0898,il 10,128,20970,0.857563489142,4
178,ORG-1330,other than,126,20988,0.858299595142,18
179,ORG-0602,evaluating the,125,21004,0.858953911585,16
180,ORG-1803,the animal,125,21015,0.859403754141,11
181,ORG-0902,il 8,124,21023,0.859730912362,8
182,ORG-1917,the specificity,124,21028,0.859935386251,5
183,ORG-1813,the capsid,123,21038,0.860344334029,10
184,ORG-1833,the environment,121,21052,0.860916860917,14
185,ORG-0086,alter the,120,21056,0.861080440028,4
186,ORG-0507,drug resistant,120,21061,0.861284913916,5
187,ORG-0941,increased expression,120,21073,0.861775651249,12
188,ORG-1243,non essential,119,21079,0.862021019916,6
189,ORG-1639,sequences from,118,21083,0.862184599027,4
190,ORG-2057,tumor associated,118,21093,0.862593546804,10
191,ORG-2157,virus based,117,21097,0.862757125915,4
192,ORG-0012,a pathogen,115,21109,0.863247863248,12
193,ORG-0027,ace2,115,21117,0.86357502147,8
194,ORG-0754,guinea pig,115,21130,0.86410665358,13
195,ORG-0014,a type,114,21144,0.864679180469,14
196,ORG-0082,allows for,114,21154,0.865088128246,10
197,ORG-0285,car,114,21165,0.865537970801,11
198,ORG-0906,immune mediated,114,21185,0.866355866356,20
199,ORG-0243,broad range,113,21188,0.866478550689,3
200,ORG-1857,the inability,113,21197,0.866846603689,9
201,ORG-1248,non pathogenic,112,21204,0.867132867133,7
202,ORG-1364,pd l1,112,21226,0.868032552243,22
203,ORG-1802,the amount,112,21232,0.868277920909,6
204,ORG-0304,cdc,110,21239,0.868564184354,7
205,ORG-0320,centers for,110,21243,0.868727763465,4
206,ORG-1527,regulate the,110,21253,0.869136711242,10
207,ORG-1545,requirement for,109,21261,0.869463869464,8
208,ORG-1902,the reduction,109,21265,0.869627448575,4
209,ORG-0511,during latency,108,21268,0.869750132908,3
210,ORG-1908,the resistance,106,21275,0.870036396352,7
211,ORG-2139,viral envelope,106,21276,0.87007729113,1
212,ORG-0904,immediate early,105,21281,0.870281765019,5
213,ORG-1325,orf,105,21285,0.87044534413,4
214,ORG-1906,the requirement,105,21288,0.870568028463,3
215,ORG-0806,high rate,104,21296,0.870895186685,8
216,ORG-1035,kaposi sarcoma associated,103,21296,0.870895186685,0
217,ORG-1585,rna sequencing,103,21301,0.871099660573,5
218,ORG-1668,single cell,103,21308,0.871385924018,7
219,ORG-1439,preventing the,102,21313,0.871590397906,5
220,ORG-1903,the region,100,21323,0.871999345684,10
221,ORG-1747,suppressing the,99,21329,0.87224471435,6
222,ORG-0471,determining the,98,21338,0.87261276735,9
223,ORG-1538,replication deficient,98,21342,0.872776346461,4
224,ORG-0315,cell specific,97,21346,0.872939925572,4
225,ORG-0362,co expression,97,21356,0.873348873349,10
226,ORG-1135,mdv,97,21365,0.873716926349,9
227,ORG-0316,cell to cell,96,21370,0.873921400237,5
228,ORG-0522,ebola virus,95,21378,0.874248558459,8
229,ORG-0565,enhanced viral,95,21378,0.874248558459,0
230,ORG-0155,assessing the,94,21385,0.874534821903,7
231,ORG-0207,because they,94,21392,0.874821085347,7
232,ORG-0435,cross species,94,21396,0.874984664458,4
233,ORG-0866,human to human,93,21399,0.875107348792,3
234,ORG-0887,identify and,93,21405,0.875352717458,6
235,ORG-1231,newcastle disease virus,93,21414,0.875720770458,9
236,ORG-1738,studying the,93,21418,0.875884349569,4
237,ORG-1879,the mutations,93,21418,0.875884349569,0
238,ORG-0183,b anthracis strain,91,21431,0.876415981679,13
239,ORG-1051,latency associated,91,21431,0.876415981679,0
240,ORG-1843,the fusion,91,21434,0.876538666012,3
241,ORG-2165,virus spread,91,21435,0.87657956079,1
242,ORG-1600,s protein,90,21436,0.876620455568,1
243,ORG-1922,the system,90,21440,0.876784034679,4
244,ORG-0364,co infections,89,21440,0.876784034679,0
245,ORG-0379,concerns about,89,21452,0.877274772012,12
246,ORG-0755,guinea pigs,89,21452,0.877274772012,0
247,ORG-1218,ndv,88,21452,0.877274772012,0
248,ORG-1970,they may,88,21457,0.8774792459,5
249,ORG-2116,vacv,88,21457,0.8774792459,0
250,ORG-0560,enhance viral,87,21460,0.877601930234,3
251,ORG-1418,post translational,86,21466,0.8778472989,6
252,ORG-1257,non viral,84,21478,0.878338036233,12
253,ORG-1714,staphylococcus aureus,84,21484,0.878583404899,6
254,ORG-0542,elevated levels,83,21489,0.878787878788,5
255,ORG-1454,promoting the,83,21494,0.878992352677,5
256,ORG-1746,suppresses the,83,21497,0.87911503701,3
257,ORG-2162,virus like,83,21500,0.879237721343,3
258,ORG-0048,adenoviral vector,82,21510,0.87964666912,10
259,ORG-0520,ebna1,82,21513,0.879769353454,3
260,ORG-1040,kshv associated,82,21513,0.879769353454,0
261,ORG-0313,cell free,81,21518,0.879973827342,5
262,ORG-0464,dengue virus,80,21523,0.880178301231,5
263,ORG-0085,almost all,79,21533,0.880587249008,10
264,ORG-0374,comparing the,79,21538,0.880791722897,5
265,ORG-0900,il 2,79,21546,0.881118881119,8
266,ORG-0946,increased susceptibility,79,21550,0.88128246023,4
267,ORG-1493,rbd,79,21550,0.88128246023,0
268,ORG-1850,the herpes simplex virus,79,21550,0.88128246023,0
269,ORG-1912,the sars cov 2 virus,79,21550,0.88128246023,0
270,ORG-0670,francisella tularensis,78,21558,0.881609618452,8
271,ORG-0962,infection through,78,21560,0.881691408007,2
272,ORG-1441,primary cell,78,21563,0.88181409234,3
273,ORG-1935,the variable,78,21569,0.882059461007,6
274,ORG-1852,the higher,77,21576,0.882345724451,7
275,ORG-1228,net,76,21581,0.88255019834,5
276,ORG-1583,rna interference,76,21583,0.882631987895,2
277,ORG-0678,from which,75,21590,0.882918251339,7
278,ORG-1315,off target,73,21593,0.883040935673,3
279,ORG-1641,sequencing data,73,21594,0.88308183045,1
280,ORG-1696,species specific,73,21595,0.883122725228,1
281,ORG-2340,zikv,73,21600,0.883327199117,5
282,ORG-0691,g protein,72,21606,0.883572567783,6
283,ORG-1122,marburg virus,72,21612,0.88381793645,6
284,ORG-1137,measure the,72,21620,0.884145094671,8
285,ORG-1870,the likelihood,72,21625,0.88434956856,5
286,ORG-1919,the strain,72,21628,0.884472252893,3
287,ORG-0855,hsv1,71,21634,0.88471762156,6
288,ORG-1084,lipid based,71,21636,0.884799411115,2
289,ORG-1461,protein based,71,21640,0.884962990226,4
290,ORG-1241,non enveloped,70,21644,0.885126569337,4
291,ORG-0431,crispr cas9,69,21644,0.885126569337,0
292,ORG-0809,high titer,69,21651,0.885412832781,7
293,ORG-1480,quantify the,68,21656,0.88561730667,5
294,ORG-1536,replication competent,68,21658,0.885699096225,2
295,ORG-1800,the acquisition,68,21664,0.885944464892,6
296,ORG-2164,virus shedding,68,21665,0.88598535967,1
297,ORG-0361,co culture,67,21670,0.886189833558,5
298,ORG-0753,gtp,67,21673,0.886312517891,3
299,ORG-0814,higher frequency,67,21680,0.886598781336,7
300,ORG-1858,the inclusion,67,21689,0.886966834335,9
301,ORG-1864,the insertion,67,21689,0.886966834335,0
302,ORG-1405,point mutations,66,21691,0.887048623891,2
303,ORG-0549,enables the,65,21695,0.887212203002,4
304,ORG-1462,protein coupled,65,21696,0.887253097779,1
305,ORG-1826,the difficulty,65,21697,0.887293992557,1
306,ORG-1611,sars cov2,63,21703,0.887539361224,6
307,ORG-1631,self limiting,63,21711,0.887866519445,8
308,ORG-1719,sting,63,21712,0.887907414223,1
309,ORG-2256,when using,62,21715,0.888030098556,3
310,ORG-2332,yersinia pestis,62,21720,0.888234572445,5
311,ORG-0223,biological agent,61,21730,0.888643520222,10
312,ORG-1351,pathogen specific,61,21731,0.888684415,1
313,ORG-1783,testing the,61,21739,0.889011573222,8
314,ORG-0643,foot and,60,21742,0.889134257555,3
315,ORG-0988,interferon gamma,59,21742,0.889134257555,0
316,ORG-1131,mcv,59,21750,0.889461415777,8
317,ORG-1254,non structural,59,21753,0.88958410011,3
318,ORG-1709,spread of the virus,59,21757,0.889747679221,4
319,ORG-1806,the antigenic,59,21759,0.889829468777,2
320,ORG-2187,vsv,59,21762,0.88995215311,3
321,ORG-0268,c terminus,58,21764,0.890033942666,2
322,ORG-0796,high affinity,58,21769,0.890238416554,5
323,ORG-0801,high expression,58,21773,0.890401995665,4
324,ORG-1020,its function,58,21776,0.890524679998,3
325,ORG-1057,lentiviral vectors,58,21776,0.890524679998,0
326,ORG-1815,the chimeric,58,21779,0.890647364332,3
327,ORG-1927,the timing,58,21783,0.890810943443,4
328,ORG-1288,of influenza a virus,56,21783,0.890810943443,0
329,ORG-1983,three dimensional,56,21786,0.890933627776,3
330,ORG-1989,thymidine kinase,56,21791,0.891138101664,5
331,ORG-0606,examining the,55,21796,0.891342575553,5
332,ORG-0872,hvem,55,21800,0.891506154664,4
333,ORG-1990,tick borne,55,21804,0.891669733775,4
334,ORG-0518,eber,54,21811,0.891955997219,7
335,ORG-1112,maintain the,54,21814,0.892078681552,3
336,ORG-1442,primary cells,54,21814,0.892078681552,0
337,ORG-1827,the dual,54,21820,0.892324050219,6
338,ORG-1678,site specific,53,21823,0.892446734552,3
339,ORG-0122,antibody dependent,52,21825,0.892528524107,2
340,ORG-0798,high concentration,52,21829,0.892692103218,4
341,ORG-2192,well described,52,21834,0.892896577107,5
342,ORG-1316,omicron variant,51,21835,0.892937471885,1
343,ORG-1829,the efficient,51,21839,0.893101050996,4
344,ORG-1920,the strong,51,21843,0.893264630107,4
345,ORG-0763,half life,50,21848,0.893469103995,5
346,ORG-1200,mycobacterium tuberculosis,50,21853,0.893673577884,5
347,ORG-1276,of a virus,50,21853,0.893673577884,0
348,ORG-0182,bac,49,21855,0.89375536744,2
349,ORG-0700,gene editing,49,21855,0.89375536744,0
350,ORG-1353,pathogenic avian influenza virus,49,21855,0.89375536744,0
351,ORG-0036,activating the,48,21856,0.893796262217,1
352,ORG-0229,blood brain,48,21857,0.893837156995,1
353,ORG-0789,herd immunity,48,21861,0.894000736106,4
354,ORG-1413,positive sense,48,21861,0.894000736106,0
355,ORG-1644,serial passage,48,21861,0.894000736106,0
356,ORG-1822,the creation,48,21862,0.894041630884,1
357,ORG-1225,negative sense,47,21863,0.894082525661,1
358,ORG-1263,ns1,47,21863,0.894082525661,0
359,ORG-1289,of influenza a viruses,47,21863,0.894082525661,0
360,ORG-1305,of the epstein barr virus,47,21863,0.894082525661,0
361,ORG-1775,targeting and,47,21865,0.894164315217,2
362,ORG-0233,bordetella pertussis,46,21869,0.894327894328,4
363,ORG-1079,limiting the,46,21872,0.894450578661,3
364,ORG-1252,non replicating,46,21873,0.894491473439,1
365,ORG-0308,cell associated,45,21874,0.894532368217,1
366,ORG-0373,community acquired,45,21881,0.894818631661,7
367,ORG-1044,lana,44,21881,0.894818631661,0
368,ORG-1861,the inhibitor,44,21882,0.894859526438,1
369,ORG-0057,aedes aegypti,43,21883,0.894900421216,1
370,ORG-0227,blocking the,43,21884,0.894941315994,1
371,ORG-0856,htlv,43,21888,0.895104895105,4
372,ORG-2172,vlp,43,21889,0.895145789883,1
373,ORG-0332,chikv,42,21890,0.89518668466,1
374,ORG-0525,ebov,42,21890,0.89518668466,0
375,ORG-0791,herpesvirus associated,42,21891,0.895227579438,1
376,ORG-0947,increased virulence,42,21892,0.895268474216,1
377,ORG-1179,mucosal immunity,42,21895,0.895391158549,3
378,ORG-1485,raise the,42,21897,0.895472948105,2
379,ORG-1837,the extensive,42,21900,0.895595632438,3
380,ORG-0187,bacillus subtilis,41,21900,0.895595632438,0
381,ORG-0539,efficient gene,41,21902,0.895677421993,2
382,ORG-2105,using recombinant,41,21903,0.895718316771,1
383,ORG-0049,adenoviral vectors,40,21903,0.895718316771,0
384,ORG-0095,amr,40,21904,0.895759211549,1
385,ORG-0125,antigenic drift,40,21904,0.895759211549,0
386,ORG-0573,enhancing viral,40,21906,0.895841001104,2
387,ORG-1771,tap,40,21908,0.89592279066,2
388,ORG-2129,vero cells,40,21909,0.895963685437,1
389,ORG-0051,adenovirus vector,39,21909,0.895963685437,0
390,ORG-0540,egfr,39,21913,0.896127264548,4
391,ORG-1233,ngs,39,21915,0.896209054104,2
392,ORG-1498,re emergence,39,21916,0.896249948882,1
393,ORG-0306,cdv,38,21916,0.896249948882,0
394,ORG-1534,replacing the,38,21916,0.896249948882,0
395,ORG-1579,rig i,38,21917,0.896290843659,1
396,ORG-1817,the choice,38,21919,0.896372633215,2
397,ORG-2032,transfection with,38,21920,0.896413527992,1
398,ORG-2110,v cholerae,38,21922,0.896495317548,2
399,ORG-0338,cho,37,21923,0.896536212326,1
400,ORG-0829,homologous recombination,37,21923,0.896536212326,0
401,ORG-1321,only with,37,21925,0.896618001881,2
402,ORG-1732,structural analysis,37,21925,0.896618001881,0
403,ORG-0434,cross react,36,21926,0.896658896659,1
404,ORG-1234,nipah virus,36,21929,0.896781580992,3
405,ORG-1359,pb2,36,21929,0.896781580992,0
406,ORG-1414,positive strand,36,21931,0.896863370548,2
407,ORG-1427,poxvirus vector,36,21934,0.896986054881,3
408,ORG-1558,respiratory droplets,36,21936,0.897067844436,2
409,ORG-2040,transmission of the virus,36,21938,0.897149633992,2
410,ORG-2113,vaccination may,36,21942,0.897313213103,4
411,ORG-0625,facilitates the,35,21942,0.897313213103,0
412,ORG-0636,first generation,35,21942,0.897313213103,0
413,ORG-0756,gwas,35,21945,0.897435897436,3
414,ORG-1446,produce the,35,21945,0.897435897436,0
415,ORG-1675,site directed,35,21945,0.897435897436,0
416,ORG-1729,streptococcus pneumoniae,35,21948,0.897558581769,3
417,ORG-2313,within host,35,21949,0.897599476547,1
418,ORG-0022,aav2,34,21949,0.897599476547,0
419,ORG-1138,measuring the,34,21949,0.897599476547,0
420,ORG-1459,protective antigen,34,21950,0.897640371325,1
421,ORG-1582,rna dependent,34,21951,0.897681266102,1
422,ORG-1103,lymphocyte activation,33,21954,0.897803950436,3
423,ORG-1876,the mutants,33,21957,0.897926634769,3
424,ORG-1928,the toxin,33,21959,0.898008424324,2
425,ORG-0136,areas with,32,21962,0.898131108657,3
426,ORG-0334,chimeric viruses,32,21963,0.898172003435,1
427,ORG-0365,co stimulatory,32,21963,0.898172003435,0
428,ORG-1801,the affinity,32,21965,0.898253792991,2
429,ORG-1901,the recombinant viruses,32,21965,0.898253792991,0
430,ORG-1177,mps,31,21967,0.898335582546,2
431,ORG-1178,mtb,31,21967,0.898335582546,0
432,ORG-1918,the stable,31,21969,0.898417372102,2
433,ORG-1944,their genomes,31,21969,0.898417372102,0
434,ORG-1974,third generation,31,21971,0.898499161657,2
435,ORG-0810,high titers,30,21971,0.898499161657,0
436,ORG-0917,in herpes simplex virus,30,21972,0.898540056435,1
437,ORG-0967,influenza a h7n9 virus,30,21973,0.898580951213,1
438,ORG-0989,interleukin 10,30,21974,0.89862184599,1
439,ORG-1143,mediating the,30,21976,0.898703635546,2
440,ORG-1402,plasmid based,30,21976,0.898703635546,0
441,ORG-1638,sequence specific,30,21976,0.898703635546,0
442,ORG-1669,single chain,30,21976,0.898703635546,0
443,ORG-1684,smallpox and,30,21979,0.898826319879,3
444,ORG-0024,ability of the virus,29,21979,0.898826319879,0
445,ORG-0852,hsk,29,21981,0.898908109434,2
446,ORG-0882,icp0,29,21982,0.898949004212,1
447,ORG-1189,mutations can,29,21982,0.898949004212,0
448,ORG-1855,the immunomodulatory,29,21982,0.898949004212,0
449,ORG-2108,using viral,29,21982,0.898949004212,0
450,ORG-0090,altering the,28,21982,0.898949004212,0
451,ORG-0557,engineering the,28,21983,0.89898989899,1
452,ORG-1050,lat,28,21984,0.899030793768,1
453,ORG-1522,reduced virus,28,21985,0.899071688545,1
454,ORG-1711,stabilizing the,28,21985,0.899071688545,0
455,ORG-1772,tar,28,21986,0.899112583323,1
456,ORG-1924,the temperature,28,21986,0.899112583323,0
457,ORG-1993,tightly regulated,28,21986,0.899112583323,0
458,ORG-0007,a herpes simplex virus,27,21987,0.899153478101,1
459,ORG-0013,a subunit,27,21988,0.899194372879,1
460,ORG-0859,human embryonic,27,21988,0.899194372879,0
461,ORG-1121,many genes,27,21989,0.899235267656,1
462,ORG-1176,mpa,27,21991,0.899317057212,2
463,ORG-1216,natural selection,27,21993,0.899398846767,2
464,ORG-1749,sv40,27,21993,0.899398846767,0
465,ORG-1781,temperature sensitive,27,21996,0.8995215311,3
466,ORG-2062,two strains,27,21999,0.899644215434,3
467,ORG-0133,are either,26,22000,0.899685110211,1
468,ORG-0254,burkholderia pseudomallei,26,22004,0.899848689322,4
469,ORG-0583,epidermal growth,26,22005,0.8998895841,1
470,ORG-0701,gene fragment,26,22005,0.8998895841,0
471,ORG-1167,modifying the,26,22006,0.899930478878,1
472,ORG-1653,shift from,26,22009,0.900053163211,3
473,ORG-1982,thp 1,26,22009,0.900053163211,0
474,ORG-0101,and mouth disease virus,25,22009,0.900053163211,0
475,ORG-0311,cell binding,25,22013,0.900216742322,4
476,ORG-0978,insertional mutagenesis,25,22014,0.9002576371,1
477,ORG-1226,negative strand,25,22014,0.9002576371,0
478,ORG-1242,non enveloped viruses,25,22014,0.9002576371,0
479,ORG-1249,non permissive,25,22014,0.9002576371,0
480,ORG-1479,qtl,25,22015,0.900298531877,1
481,ORG-1618,second generation,25,22015,0.900298531877,0
482,ORG-2151,virology and,25,22016,0.900339426655,1
483,ORG-2155,virus antigen,25,22017,0.900380321433,1
484,ORG-2176,vp2,25,22017,0.900380321433,0
485,ORG-2331,yellow fever virus,25,22018,0.900421216211,1
486,ORG-0303,cd46,24,22018,0.900421216211,0
487,ORG-0521,ebna3c,24,22019,0.900462110988,1
488,ORG-0697,gel electrophoresis,24,22020,0.900503005766,1
489,ORG-0723,genetics based,24,22020,0.900503005766,0
490,ORG-0778,hek293,24,22020,0.900503005766,0
491,ORG-1358,pb1,24,22020,0.900503005766,0
492,ORG-1568,retrovirus vector,24,22021,0.900543900544,1
493,ORG-1860,the influenza a virus,24,22021,0.900543900544,0
494,ORG-1925,the testing,24,22021,0.900543900544,0
495,ORG-2111,vac,24,22021,0.900543900544,0
496,ORG-2248,when considering,24,22022,0.900584795322,1
497,ORG-0167,australia and,23,22022,0.900584795322,0
498,ORG-0556,engineering and,23,22023,0.900625690099,1
499,ORG-0719,genetic instability,23,22024,0.900666584877,1
500,ORG-0741,gm csf,23,22027,0.90078926921,3
501,ORG-0862,human like,23,22027,0.90078926921,0
502,ORG-0939,increase viral,23,22027,0.90078926921,0
503,ORG-0982,integration into,23,22027,0.90078926921,0
504,ORG-1085,live animal,23,22028,0.900830163988,1
505,ORG-1410,polymerase activity,23,22028,0.900830163988,0
506,ORG-1495,rbp,23,22029,0.900871058766,1
507,ORG-2034,transfer the,23,22029,0.900871058766,0
508,ORG-2174,vp1,23,22030,0.900911953544,1
509,ORG-0052,adenovirus vectors,22,22030,0.900911953544,0
510,ORG-0110,anthrax and,22,22031,0.900952848321,1
511,ORG-0367,co transfected,22,22031,0.900952848321,0
512,ORG-0444,cyclin dependent,22,22032,0.900993743099,1
513,ORG-0585,epigenetic modifications,22,22032,0.900993743099,0
514,ORG-0641,fmdv,22,22032,0.900993743099,0
515,ORG-1182,multi drug,22,22032,0.900993743099,0
516,ORG-1483,quantitative polymerase,22,22033,0.901034637877,1
517,ORG-1540,replication of the virus,22,22033,0.901034637877,0
518,ORG-1804,the anthrax,22,22033,0.901034637877,0
519,ORG-1828,the ease,22,22033,0.901034637877,0
520,ORG-2146,viral promoters,22,22033,0.901034637877,0
521,ORG-0141,as herpes simplex virus,21,22034,0.901075532654,1
522,ORG-0265,bzlf1,21,22036,0.90115732221,2
523,ORG-0440,culex pipiens,21,22040,0.901320901321,4
524,ORG-0547,ems,21,22040,0.901320901321,0
525,ORG-0584,epigenetic changes,21,22041,0.901361796099,1
526,ORG-0813,high virulence,21,22042,0.901402690876,1
527,ORG-0894,ifi16,21,22042,0.901402690876,0
528,ORG-0942,increased production,21,22043,0.901443585654,1
529,ORG-1028,jak stat,21,22044,0.901484480432,1
530,ORG-1197,mva based,21,22044,0.901484480432,0
531,ORG-1334,overcoming the,21,22044,0.901484480432,0
532,ORG-1507,receptor specific,21,22046,0.901566269987,2
533,ORG-1598,rvf,21,22046,0.901566269987,0
534,ORG-1841,the foreign,21,22046,0.901566269987,0
535,ORG-2145,viral origin,21,22047,0.901607164765,1
536,ORG-2247,when comparing,21,22051,0.901770743876,4
537,ORG-0159,at home,20,22054,0.901893428209,3
538,ORG-0173,avian like,20,22054,0.901893428209,0
539,ORG-0228,blood borne,20,22054,0.901893428209,0
540,ORG-0799,high copy,20,22054,0.901893428209,0
541,ORG-1326,orf virus,20,22054,0.901893428209,0
542,ORG-1683,smaller than,20,22055,0.901934322987,1
543,ORG-1923,the technical,20,22056,0.901975217765,1
544,ORG-1999,tmprss2,20,22057,0.902016112542,1
545,ORG-2143,viral inhibitor,20,22058,0.90205700732,1
546,ORG-2179,vp4,20,22058,0.90205700732,0
547,ORG-2298,which virus,20,22058,0.90205700732,0
548,ORG-0172,avian influenza a virus,19,22058,0.90205700732,0
549,ORG-0200,bats are,19,22058,0.90205700732,0
550,ORG-0339,chromatin immunoprecipitation,19,22058,0.90205700732,0
551,ORG-0427,crimean congo,19,22061,0.902179691653,3
552,ORG-0450,dc sign,19,22061,0.902179691653,0
553,ORG-0598,establishing the,19,22063,0.902261481209,2
554,ORG-0640,fmd,19,22063,0.902261481209,0
555,ORG-0792,herpesvirus encoded,19,22063,0.902261481209,0
556,ORG-0959,inducing the,19,22065,0.902343270764,2
557,ORG-1004,ires,19,22065,0.902343270764,0
558,ORG-1428,poxvirus vectors,19,22065,0.902343270764,0
559,ORG-1680,slam,19,22065,0.902343270764,0
560,ORG-1853,the hydrophobic,19,22067,0.90242506032,2
561,ORG-1914,the smaller,19,22067,0.90242506032,0
562,ORG-1915,the soluble,19,22069,0.902506849875,2
563,ORG-2037,transient transfection,19,22071,0.902588639431,2
564,ORG-2137,viral adaptation,19,22071,0.902588639431,0
565,ORG-2175,vp16,19,22071,0.902588639431,0
566,ORG-2183,vp7,19,22071,0.902588639431,0
567,ORG-2303,whole body,19,22075,0.902752218542,4
568,ORG-0058,aedes albopictus,18,22075,0.902752218542,0
569,ORG-0803,high immunogenicity,18,22075,0.902752218542,0
570,ORG-0893,ifa,18,22075,0.902752218542,0
571,ORG-0930,inclusion bodies,18,22076,0.902793113319,1
572,ORG-1133,mdck,18,22076,0.902793113319,0
573,ORG-1258,non virulent,18,22076,0.902793113319,0
574,ORG-1614,scientific research,18,22078,0.902874902875,2
575,ORG-1673,single stranded rna virus,18,22078,0.902874902875,0
576,ORG-0214,bhk 21,17,22078,0.902874902875,0
577,ORG-0343,cleavage and,17,22078,0.902874902875,0
578,ORG-0566,enhancer region,17,22078,0.902874902875,0
579,ORG-1068,limited availability,17,22078,0.902874902875,0
580,ORG-1102,lumbar puncture,17,22081,0.902997587208,3
581,ORG-1174,most viral,17,22081,0.902997587208,0
582,ORG-1395,pkr,17,22081,0.902997587208,0
583,ORG-1424,poxvirus based,17,22081,0.902997587208,0
584,ORG-1566,restricts the,17,22081,0.902997587208,0
585,ORG-1774,target host,17,22081,0.902997587208,0
586,ORG-1907,the residue,17,22081,0.902997587208,0
587,ORG-2134,vibrio parahaemolyticus,17,22081,0.902997587208,0
588,ORG-0108,animals infected,16,22082,0.903038481986,1
589,ORG-0202,bbb,16,22082,0.903038481986,0
590,ORG-0236,botulinum toxin,16,22084,0.903120271541,2
591,ORG-0368,co transfection,16,22085,0.903161166319,1
592,ORG-0605,evolution of the virus,16,22085,0.903161166319,0
593,ORG-0769,hav,16,22086,0.903202061097,1
594,ORG-1048,lassa fever,16,22087,0.903242955875,1
595,ORG-1484,question the,16,22087,0.903242955875,0
596,ORG-1563,restriction enzyme,16,22087,0.903242955875,0
597,ORG-1634,self replicating,16,22087,0.903242955875,0
598,ORG-1674,sir,16,22089,0.90332474543,2
599,ORG-1767,t lymphotropic,16,22089,0.90332474543,0
600,ORG-2061,two stage,16,22090,0.903365640208,1
601,ORG-2200,what are,16,22092,0.903447429763,2
602,ORG-0093,american and,15,22094,0.903529219319,2
603,ORG-0335,chinese hamster,15,22095,0.903570114096,1
604,ORG-0356,clostridium perfringens,15,22096,0.903611008874,1
605,ORG-0783,hemagglutinin and,15,22096,0.903611008874,0
606,ORG-0786,hendra virus,15,22096,0.903611008874,0
607,ORG-0788,hepatitis a virus,15,22096,0.903611008874,0
608,ORG-0843,how many,15,22098,0.90369279843,2
609,ORG-1000,introduction into,15,22098,0.90369279843,0
610,ORG-1046,large genome,15,22098,0.90369279843,0
611,ORG-1409,poly a,15,22098,0.90369279843,0
612,ORG-1415,positive stranded,15,22098,0.90369279843,0
613,ORG-0067,african green,14,22098,0.90369279843,0
614,ORG-0123,antibody detection,14,22099,0.903733693207,1
615,ORG-0354,clostridium botulinum,14,22102,0.903856377541,3
616,ORG-0414,coxiella burnetii,14,22102,0.903856377541,0
617,ORG-0419,cre recombinase,14,22103,0.903897272318,1
618,ORG-0484,directed evolution,14,22103,0.903897272318,0
619,ORG-0720,genetic mutations,14,22105,0.903979061874,2
620,ORG-0777,hek 293,14,22106,0.904019956652,1
621,ORG-1106,madin darby,14,22106,0.904019956652,0
622,ORG-1378,pertussis toxin,14,22106,0.904019956652,0
623,ORG-1576,ricin toxin,14,22109,0.904142640985,3
624,ORG-1647,serotype specific,14,22109,0.904142640985,0
625,ORG-1651,shelf life,14,22110,0.904183535762,1
626,ORG-1975,this allows,14,22110,0.904183535762,0
627,ORG-2118,variant specific,14,22111,0.90422443054,1
628,ORG-2177,vp3,14,22111,0.90422443054,0
629,ORG-0215,bhrf1,13,22111,0.90422443054,0
630,ORG-0296,cd150,13,22111,0.90422443054,0
631,ORG-0841,how does,13,22111,0.90422443054,0
632,ORG-0883,icp27,13,22111,0.90422443054,0
633,ORG-1149,metabolic pathway,13,22112,0.904265325318,1
634,ORG-1184,multiple sequence,13,22112,0.904265325318,0
635,ORG-1236,nlrp3,13,22112,0.904265325318,0
636,ORG-1285,of hepatitis c virus,13,22112,0.904265325318,0
637,ORG-1310,of the recombinant virus,13,22112,0.904265325318,0
638,ORG-1622,segmented genome,13,22113,0.904306220096,1
639,ORG-1671,single site,13,22115,0.904388009651,2
640,ORG-1715,star,13,22116,0.904428904429,1
641,ORG-1814,the carboxyl,13,22116,0.904428904429,0
642,ORG-1863,the insert,13,22116,0.904428904429,0
643,ORG-2244,what was,13,22117,0.904469799207,1
644,ORG-2246,when assessing,13,22117,0.904469799207,0
645,ORG-0075,air pollution,12,22118,0.904510693984,1
646,ORG-0113,anthrax spores,12,22119,0.904551588762,1
647,ORG-0121,anti vector,12,22119,0.904551588762,0
648,ORG-0242,broad host range,12,22119,0.904551588762,0
649,ORG-0416,cpe,12,22120,0.90459248354,1
650,ORG-0510,during herpes simplex virus,12,22120,0.90459248354,0
651,ORG-0846,how much,12,22120,0.90459248354,0
652,ORG-0990,interleukin 8,12,22120,0.90459248354,0
653,ORG-1031,jurkat cells,12,22122,0.904674273095,2
654,ORG-1072,limited knowledge,12,22122,0.904674273095,0
655,ORG-1094,low immunogenicity,12,22122,0.904674273095,0
656,ORG-1235,nl63,12,22122,0.904674273095,0
657,ORG-1356,pathogenicity of the virus,12,22122,0.904674273095,0
658,ORG-1429,poxviruses have,12,22122,0.904674273095,0
659,ORG-1779,tbev,12,22122,0.904674273095,0
660,ORG-1808,the arginine,12,22122,0.904674273095,0
661,ORG-1865,the instability,12,22124,0.904756062651,2
662,ORG-1893,the preferential,12,22124,0.904756062651,0
663,ORG-1909,the rice,12,22124,0.904756062651,0
664,ORG-2126,venezuelan equine,12,22124,0.904756062651,0
665,ORG-2284,which specific,12,22125,0.904796957429,1
666,ORG-0194,barf1,11,22125,0.904796957429,0
667,ORG-0246,brucella spp,11,22125,0.904796957429,0
668,ORG-0280,candida auris,11,22128,0.904919641762,3
669,ORG-0433,cross neutralization,11,22128,0.904919641762,0
670,ORG-0437,cryo electron,11,22128,0.904919641762,0
671,ORG-0516,each viral,11,22128,0.904919641762,0
672,ORG-0569,enhancing host,11,22128,0.904919641762,0
673,ORG-0576,entry of the virus,11,22128,0.904919641762,0
674,ORG-0588,epsilon toxin,11,22128,0.904919641762,0
675,ORG-0601,ev a71,11,22128,0.904919641762,0
676,ORG-0666,fragment the,11,22128,0.904919641762,0
677,ORG-0721,genetic recombination,11,22128,0.904919641762,0
678,ORG-0779,hek293t,11,22128,0.904919641762,0
679,ORG-0800,high diversity,11,22128,0.904919641762,0
680,ORG-0842,how long,11,22129,0.904960536539,1
681,ORG-0878,hypervariable region,11,22129,0.904960536539,0
682,ORG-0907,immune privileged,11,22129,0.904960536539,0
683,ORG-0972,inhibiting apoptosis,11,22129,0.904960536539,0
684,ORG-0985,inter species,11,22129,0.904960536539,0
685,ORG-1104,lytic proteins,11,22129,0.904960536539,0
686,ORG-1127,mavs,11,22129,0.904960536539,0
687,ORG-1201,mycoplasma pneumoniae,11,22130,0.905001431317,1
688,ORG-1203,n glycosylation,11,22130,0.905001431317,0
689,ORG-1293,of oncolytic measles virus,11,22130,0.905001431317,0
690,ORG-1374,perk,11,22131,0.905042326095,1
691,ORG-1469,provide early,11,22133,0.90512411565,2
692,ORG-1506,receptor expressing,11,22134,0.905165010428,1
693,ORG-1574,ribonucleotide reductase,11,22134,0.905165010428,0
694,ORG-1645,serial passaging,11,22134,0.905165010428,0
695,ORG-1765,t 2,11,22136,0.905246799984,2
696,ORG-1941,the wheat,11,22136,0.905246799984,0
697,ORG-1961,they contain,11,22136,0.905246799984,0
698,ORG-1991,ticks and,11,22136,0.905246799984,0
699,ORG-2000,tnfr,11,22136,0.905246799984,0
700,ORG-2125,veev,11,22136,0.905246799984,0
701,ORG-2138,viral based,11,22136,0.905246799984,0
702,ORG-2142,viral immediate early,11,22136,0.905246799984,0
703,ORG-2169,viruses require,11,22137,0.905287694761,1
704,ORG-2251,when designing,11,22137,0.905287694761,0
705,ORG-0482,direct injection,10,22139,0.905369484317,2
706,ORG-0487,directly targeting,10,22139,0.905369484317,0
707,ORG-0574,ensuring the,10,22140,0.905410379095,1
708,ORG-0618,express both,10,22140,0.905410379095,0
709,ORG-0667,frame shift,10,22141,0.905451273872,1
710,ORG-0781,helper virus free,10,22141,0.905451273872,0
711,ORG-1022,its resistance,10,22142,0.90549216865,1
712,ORG-1077,limited viral,10,22142,0.90549216865,0
713,ORG-1088,loci that,10,22142,0.90549216865,0
714,ORG-1092,low copy number,10,22142,0.90549216865,0
715,ORG-1192,mv infected,10,22142,0.90549216865,0
716,ORG-1331,over expressing,10,22142,0.90549216865,0
717,ORG-1543,replication proteins,10,22142,0.90549216865,0
718,ORG-1572,rgd,10,22143,0.905533063428,1
719,ORG-1687,soil samples,10,22143,0.905533063428,0
720,ORG-1690,southern blotting,10,22144,0.905573958206,1
721,ORG-1959,they cannot,10,22144,0.905573958206,0
722,ORG-2060,two plasmid,10,22145,0.905614852983,1
723,ORG-2091,upr,10,22145,0.905614852983,0
724,ORG-2153,virulence of the virus,10,22145,0.905614852983,0
725,ORG-2182,vp6,10,22145,0.905614852983,0
726,ORG-2184,vp8,10,22145,0.905614852983,0
727,ORG-2257,where are,10,22146,0.905655747761,1
728,ORG-0001,2009 pandemic h1n1 virus,9,22147,0.905696642539,1
729,ORG-0072,agrobacterium tumefaciens,9,22149,0.905778432094,2
730,ORG-0107,animal transmission,9,22149,0.905778432094,0
731,ORG-0117,anti measles,9,22149,0.905778432094,0
732,ORG-0181,b mallei,9,22151,0.90586022165,2
733,ORG-0189,bacterial toxins,9,22152,0.905901116427,1
734,ORG-0293,cchfv,9,22152,0.905901116427,0
735,ORG-0337,chip seq,9,22152,0.905901116427,0
736,ORG-0428,crimean congo hemorrhagic fever virus,9,22152,0.905901116427,0
737,ORG-0481,direct gene,9,22153,0.905942011205,1
738,ORG-0500,dna launched,9,22153,0.905942011205,0
739,ORG-0744,gpc,9,22153,0.905942011205,0
740,ORG-0851,hrsv,9,22154,0.905982905983,1
741,ORG-0876,hydrophobic interactions,9,22154,0.905982905983,0
742,ORG-0919,in influenza a virus,9,22154,0.905982905983,0
743,ORG-1062,lethal toxin,9,22155,0.906023800761,1
744,ORG-1081,link the,9,22156,0.906064695538,1
745,ORG-1144,mediating viral,9,22156,0.906064695538,0
746,ORG-1206,nad,9,22156,0.906064695538,0
747,ORG-1220,nectin 4,9,22156,0.906064695538,0
748,ORG-1335,p aeruginosa,9,22157,0.906105590316,1
749,ORG-1391,pigs are,9,22157,0.906105590316,0
750,ORG-1468,proteins under,9,22157,0.906105590316,0
751,ORG-1519,reduced immunogenicity,9,22157,0.906105590316,0
752,ORG-1577,ricinus communis,9,22158,0.906146485094,1
753,ORG-1883,the non specific,9,22158,0.906146485094,0
754,ORG-1985,through specific,9,22158,0.906146485094,0
755,ORG-2094,us3,9,22158,0.906146485094,0
756,ORG-2294,which two,9,22159,0.906187379872,1
757,ORG-0053,adenylate cyclase,8,22159,0.906187379872,0
758,ORG-0150,assemble the,8,22160,0.906228274649,1
759,ORG-0292,causes high,8,22161,0.906269169427,1
760,ORG-0307,cef,8,22161,0.906269169427,0
761,ORG-0347,clone the,8,22161,0.906269169427,0
762,ORG-0370,codon optimized,8,22161,0.906269169427,0
763,ORG-0599,eurasian avian like,8,22161,0.906269169427,0
764,ORG-0633,fecal oral,8,22161,0.906269169427,0
765,ORG-0762,ha2,8,22161,0.906269169427,0
766,ORG-0805,high production,8,22161,0.906269169427,0
767,ORG-0857,human adapted,8,22161,0.906269169427,0
768,ORG-0884,icp4,8,22161,0.906269169427,0
769,ORG-0905,immortalized human,8,22161,0.906269169427,0
770,ORG-1003,ip 10,8,22162,0.906310064205,1
771,ORG-1173,most similar,8,22162,0.906310064205,0
772,ORG-1260,not using,8,22162,0.906310064205,0
773,ORG-1404,plasmodium parasites,8,22162,0.906310064205,0
774,ORG-1436,pre vaccine,8,22162,0.906310064205,0
775,ORG-1559,response against the virus,8,22162,0.906310064205,0
776,ORG-1616,sds page,8,22162,0.906310064205,0
777,ORG-1627,self assembly,8,22162,0.906310064205,0
778,ORG-1695,spanish influenza,8,22162,0.906310064205,0
779,ORG-1730,streptococcus pyogenes,8,22162,0.906310064205,0
780,ORG-1835,the equilibrium,8,22162,0.906310064205,0
781,ORG-1869,the leaves,8,22162,0.906310064205,0
782,ORG-1895,the presence of virus,8,22163,0.906350958983,1
783,ORG-1943,their broad,8,22163,0.906350958983,0
784,ORG-2136,vil 6,8,22163,0.906350958983,0
785,ORG-2273,which host,8,22163,0.906350958983,0
786,ORG-0005,a helper virus,7,22163,0.906350958983,0
787,ORG-0100,and human influenza viruses,7,22163,0.906350958983,0
788,ORG-0118,anti mv,7,22163,0.906350958983,0
789,ORG-0184,bacillus cereus,7,22163,0.906350958983,0
790,ORG-0300,cd163,7,22164,0.90639185376,1
791,ORG-0378,computational modeling,7,22164,0.90639185376,0
792,ORG-0451,dead end,7,22165,0.906432748538,1
793,ORG-0469,designing the,7,22165,0.906432748538,0
794,ORG-0492,diversifying selection,7,22165,0.906432748538,0
795,ORG-0528,ebv based,7,22165,0.906432748538,0
796,ORG-0548,enables rapid,7,22165,0.906432748538,0
797,ORG-0652,for influenza a virus,7,22165,0.906432748538,0
798,ORG-0690,fusion peptide,7,22165,0.906432748538,0
799,ORG-0716,generation of recombinant viruses,7,22165,0.906432748538,0
800,ORG-0760,h5n1 influenza a viruses,7,22165,0.906432748538,0
801,ORG-0784,hemagglutinin neuraminidase,7,22165,0.906432748538,0
802,ORG-0802,high fidelity,7,22165,0.906432748538,0
803,ORG-0817,higher replication,7,22165,0.906432748538,0
804,ORG-0826,hku1,7,22165,0.906432748538,0
805,ORG-0827,hmpv,7,22165,0.906432748538,0
806,ORG-0865,human t lymphotropic virus,7,22165,0.906432748538,0
807,ORG-0877,hyper inflammatory,7,22166,0.906473643316,1
808,ORG-0937,increase expression,7,22166,0.906473643316,0
809,ORG-0969,influenza hemagglutinin,7,22166,0.906473643316,0
810,ORG-0980,integrate the,7,22167,0.906514538093,1
811,ORG-1007,isa,7,22167,0.906514538093,0
812,ORG-1021,its large,7,22167,0.906514538093,0
813,ORG-1063,leucine rich,7,22167,0.906514538093,0
814,ORG-1099,lower susceptibility,7,22167,0.906514538093,0
815,ORG-1100,ltp,7,22168,0.906555432871,1
816,ORG-1129,mbcs,7,22168,0.906555432871,0
817,ORG-1164,mlp,7,22168,0.906555432871,0
818,ORG-1183,multi site,7,22169,0.906596327649,1
819,ORG-1267,nsp3,7,22169,0.906596327649,0
820,ORG-1278,of an oncolytic virus,7,22169,0.906596327649,0
821,ORG-1312,of the smallpox virus,7,22169,0.906596327649,0
822,ORG-1362,pcr amplified,7,22169,0.906596327649,0
823,ORG-1387,php,7,22170,0.906637222427,1
824,ORG-1392,pigs have,7,22170,0.906637222427,0
825,ORG-1399,place the,7,22171,0.906678117204,1
826,ORG-1597,rv based,7,22172,0.906719011982,1
827,ORG-1660,shut off,7,22172,0.906719011982,0
828,ORG-1666,sin,7,22174,0.906800801538,2
829,ORG-1899,the reassortment,7,22174,0.906800801538,0
830,ORG-1945,their tropism,7,22174,0.906800801538,0
831,ORG-1973,they serve,7,22174,0.906800801538,0
832,ORG-2036,transformation associated,7,22174,0.906800801538,0
833,ORG-2054,trp and,7,22175,0.906841696315,1
834,ORG-2059,two part,7,22175,0.906841696315,0
835,ORG-2144,viral interleukin,7,22175,0.906841696315,0
836,ORG-2168,viruses cannot,7,22175,0.906841696315,0
837,ORG-0009,a highly pathogenic virus,6,22175,0.906841696315,0
838,ORG-0035,actin dynamics,6,22176,0.906882591093,1
839,ORG-0062,affect the virus,6,22176,0.906882591093,0
840,ORG-0129,apobec3,6,22177,0.906923485871,1
841,ORG-0160,atcc,6,22177,0.906923485871,0
842,ORG-0237,botulism and,6,22177,0.906923485871,0
843,ORG-0376,compatibility with,6,22177,0.906923485871,0
844,ORG-0400,controlled expression,6,22177,0.906923485871,0
845,ORG-0499,dna induced,6,22178,0.906964380649,1
846,ORG-0534,edta,6,22178,0.906964380649,0
847,ORG-0567,enhances binding,6,22178,0.906964380649,0
848,ORG-0620,external protein,6,22178,0.906964380649,0
849,ORG-0637,flaviviridae family,6,22178,0.906964380649,0
850,ORG-0639,flp frt,6,22178,0.906964380649,0
851,ORG-0671,freeze thaw,6,22178,0.906964380649,0
852,ORG-0673,from human immunodeficiency virus,6,22178,0.906964380649,0
853,ORG-0699,gene duplication,6,22178,0.906964380649,0
854,ORG-0873,hvr,6,22178,0.906964380649,0
855,ORG-0875,hybrid viruses,6,22178,0.906964380649,0
856,ORG-0901,il 6r,6,22178,0.906964380649,0
857,ORG-0971,inhalation anthrax,6,22178,0.906964380649,0
858,ORG-1002,involved in the virus,6,22178,0.906964380649,0
859,ORG-1036,kos,6,22178,0.906964380649,0
860,ORG-1043,laboratory acquired,6,22179,0.907005275426,1
861,ORG-1093,low fidelity,6,22179,0.907005275426,0
862,ORG-1130,mcc,6,22179,0.907005275426,0
863,ORG-1287,of human influenza viruses,6,22179,0.907005275426,0
864,ORG-1296,of recombinant vaccinia virus,6,22179,0.907005275426,0
865,ORG-1317,omv,6,22179,0.907005275426,0
866,ORG-1327,orf63,6,22179,0.907005275426,0
867,ORG-1338,packaging signal,6,22179,0.907005275426,0
868,ORG-1564,restriction enzymes,6,22179,0.907005275426,0
869,ORG-1575,ribosome inactivating,6,22180,0.907046170204,1
870,ORG-1663,similar symptoms,6,22180,0.907046170204,0
871,ORG-1748,sustained release,6,22180,0.907046170204,0
872,ORG-1778,tbe,6,22180,0.907046170204,0
873,ORG-1885,the orientation,6,22180,0.907046170204,0
874,ORG-1966,they encode,6,22181,0.907087064982,1
875,ORG-1980,this step,6,22181,0.907087064982,0
876,ORG-2052,trojan horse,6,22181,0.907087064982,0
877,ORG-2201,what can,6,22181,0.907087064982,0
878,ORG-2326,yeast based,6,22181,0.907087064982,0
879,ORG-2328,yeast cells,6,22182,0.90712795976,1
880,ORG-0038,adaptation of the virus,5,22182,0.90712795976,0
881,ORG-0080,all sequences,5,22182,0.90712795976,0
882,ORG-0230,board for,5,22183,0.907168854537,1
883,ORG-0290,catalyzing the,5,22183,0.907168854537,0
884,ORG-0377,complement proteins,5,22183,0.907168854537,0
885,ORG-0478,dic,5,22184,0.907209749315,1
886,ORG-0480,diphtheria toxin,5,22184,0.907209749315,0
887,ORG-0519,ebna lp,5,22184,0.907209749315,0
888,ORG-0544,elimination of the virus,5,22184,0.907209749315,0
889,ORG-0638,flies and,5,22184,0.907209749315,0
890,ORG-0665,fragment genome,5,22184,0.907209749315,0
891,ORG-0812,high transgene,5,22184,0.907209749315,0
892,ORG-0839,how can,5,22184,0.907209749315,0
893,ORG-0918,in herpes virus,5,22184,0.907209749315,0
894,ORG-0966,infectivity of the virus,5,22184,0.907209749315,0
895,ORG-1125,master donor virus,5,22184,0.907209749315,0
896,ORG-1219,nec,5,22184,0.907209749315,0
897,ORG-1295,of recombinant adeno associated virus,5,22184,0.907209749315,0
898,ORG-1344,passage the,5,22184,0.907209749315,0
899,ORG-1400,plaque assay,5,22184,0.907209749315,0
900,ORG-1476,pvsripo,5,22185,0.907250644093,1
901,ORG-1635,self replication,5,22185,0.907250644093,0
902,ORG-1649,sfv,5,22185,0.907250644093,0
903,ORG-1723,strains of the virus,5,22185,0.907250644093,0
904,ORG-1751,swapping the,5,22185,0.907250644093,0
905,ORG-1795,that the recombinant virus,5,22185,0.907250644093,0
906,ORG-1972,they regulate,5,22185,0.907250644093,0
907,ORG-1976,this enables,5,22185,0.907250644093,0
908,ORG-1994,tigit,5,22185,0.907250644093,0
909,ORG-2011,to enhance the virus,5,22185,0.907250644093,0
910,ORG-2178,vp35,5,22185,0.907250644093,0
911,ORG-2181,vp5,5,22185,0.907250644093,0
912,ORG-2208,what does,5,22185,0.907250644093,0
913,ORG-2231,what role,5,22185,0.907250644093,0
914,ORG-2269,which factor,5,22186,0.90729153887,1
915,ORG-2281,which protein,5,22186,0.90729153887,0
916,ORG-0045,ade,4,22186,0.90729153887,0
917,ORG-0163,attachment of the virus,4,22186,0.90729153887,0
918,ORG-0299,cd155,4,22186,0.90729153887,0
919,ORG-0417,cper,4,22186,0.90729153887,0
920,ORG-0977,insert the,4,22186,0.90729153887,0
921,ORG-0999,introducing mutations,4,22186,0.90729153887,0
922,ORG-1273,of a chimeric virus,4,22186,0.90729153887,0
923,ORG-1514,recovery of infectious virus,4,22186,0.90729153887,0
924,ORG-1601,sa11,4,22186,0.90729153887,0
925,ORG-1953,they act,4,22186,0.90729153887,0
926,ORG-1954,they allow,4,22187,0.907332433648,1
927,ORG-2017,to generate recombinant viruses,4,22187,0.907332433648,0
928,ORG-2135,vil 10,4,22187,0.907332433648,0
929,ORG-2275,which method,4,22187,0.907332433648,0
930,ORG-0217,binding of the virus,3,22187,0.907332433648,0
931,ORG-0266,c botulinum,3,22187,0.907332433648,0
932,ORG-0743,gos,3,22187,0.907332433648,0
933,ORG-0885,icp47,3,22187,0.907332433648,0
934,ORG-1275,of a recombinant virus,3,22187,0.907332433648,0
935,ORG-1304,of the ebola virus,3,22187,0.907332433648,0
936,ORG-1509,recombinant herpes simplex virus,3,22187,0.907332433648,0
937,ORG-1654,shiga toxin,3,22187,0.907332433648,0
938,ORG-1842,the furin,3,22187,0.907332433648,0
939,ORG-1967,they enhance,3,22187,0.907332433648,0
940,ORG-2038,transmission of influenza viruses,3,22187,0.907332433648,0
941,ORG-2070,ul18,3,22187,0.907332433648,0
942,ORG-2076,ul41,3,22187,0.907332433648,0
943,ORG-2077,ul42,3,22187,0.907332433648,0
944,ORG-0161,ati,2,22187,0.907332433648,0
945,ORG-0330,chemical synthesis,2,22187,0.907332433648,0
946,ORG-0535,eev,2,22187,0.907332433648,0
947,ORG-0650,for generating recombinant viruses,2,22187,0.907332433648,0
948,ORG-0726,genetics of rna viruses,2,22187,0.907332433648,0
949,ORG-0845,how might,2,22187,0.907332433648,0
950,ORG-0911,impaired replication,2,22187,0.907332433648,0
951,ORG-1313,of the vaccinia virus,2,22187,0.907332433648,0
952,ORG-1365,pdm09 influenza virus,2,22187,0.907332433648,0
953,ORG-1396,pla2,2,22187,0.907332433648,0
954,ORG-1494,rbm,2,22187,0.907332433648,0
955,ORG-1703,split the,2,22188,0.907373328426,1
956,ORG-1963,they determine,2,22188,0.907373328426,0
957,ORG-2023,to protect the virus,2,22189,0.907414223204,1
958,ORG-2226,what potential,2,22189,0.907414223204,0
959,ORG-2240,what type,2,22189,0.907414223204,0
960,ORG-2337,you have,2,22189,0.907414223204,0
961,ORG-0185,bacillus globigii,1,22189,0.907414223204,0
962,ORG-0366,co transfect,1,22189,0.907414223204,0
963,ORG-0408,corynebacterium diphtheriae,1,22189,0.907414223204,0
964,ORG-0575,entry of measles virus,1,22189,0.907414223204,0
965,ORG-0631,fbi,1,22189,0.907414223204,0
966,ORG-0733,gibson assembly,1,22189,0.907414223204,0
967,ORG-0879,i scei,1,22189,0.907414223204,0
968,ORG-0923,in the measles virus,1,22189,0.907414223204,0
969,ORG-1301,of the chimeric virus,1,22189,0.907414223204,0
970,ORG-1407,poliomyelitis virus,1,22189,0.907414223204,0
971,ORG-1626,selection of recombinant viruses,1,22189,0.907414223204,0
972,ORG-1629,self destruct,1,22189,0.907414223204,0
973,ORG-2020,to increase the virus,1,22189,0.907414223204,0
974,ORG-2069,ul13,1,22189,0.907414223204,0
975,ORG-2207,what conditions,1,22189,0.907414223204,0
976,ORG-2213,what genes,1,22190,0.907455117981,1
977,ORG-2249,when constructing,1,22190,0.907455117981,0
978,ORG-2280,which process,1,22190,0.907455117981,0
979,ORG-2335,you are,1,22191,0.907496012759,1
