organism_id,name_normalized,tier,n_questions,degree,n_topics,in_largest_component,corpus_doc_frequency,agent_list_match,tier_reason
ORG-0001,2009 pandemic h1n1 virus,periphery,1,3,4,true,0.000368052999632,,benchmark_attested_with_corpus_support
ORG-0005,a helper virus,periphery,1,1,4,false,0.000286263444158,,benchmark_attested_with_corpus_support
ORG-0007,a herpes simplex virus,core,2,4,5,true,0.0011041589989,,n_questions_2_largest_component_degree_gte_3
ORG-0009,a highly pathogenic virus,periphery,1,2,4,true,0.000245368666421,,benchmark_attested_with_corpus_support
ORG-0012,a pathogen,periphery,1,2,4,false,0.00470289943974,,benchmark_attested_with_corpus_support
ORG-0013,a subunit,periphery,1,1,4,false,0.0011041589989,,benchmark_attested_with_corpus_support
ORG-0014,a type,periphery,2,2,6,true,0.004662004662,,benchmark_attested_with_corpus_support
ORG-0015,a virus,review,2,6,5,true,0.0224921277553,,corpus_doc_frequency_gt_0.02
ORG-0020,aav,core,27,39,12,true,0.00879237721343,,n_questions_gte_3
ORG-0022,aav2,core,3,2,6,true,0.00139042244305,,n_questions_gte_3
ORG-0024,ability of the virus,periphery,1,2,4,true,0.00118594855437,,benchmark_attested_with_corpus_support
ORG-0027,ace2,core,3,3,7,true,0.00470289943974,,n_questions_gte_3
ORG-0035,actin dynamics,periphery,1,2,4,true,0.000245368666421,,benchmark_attested_with_corpus_support
ORG-0036,activating the,periphery,1,5,4,true,0.00196294933137,,benchmark_attested_with_corpus_support
ORG-0038,adaptation of the virus,periphery,1,2,4,true,0.000204473888684,,benchmark_attested_with_corpus_support
ORG-0045,ade,core,2,9,6,true,0.000163579110948,,n_questions_2_largest_component_degree_gte_3
ORG-0046,adeno associated,core,12,8,9,true,0.00866969288022,,n_questions_gte_3
ORG-0047,adeno associated virus,core,3,5,7,true,0.0060933218828,,n_questions_gte_3
ORG-0048,adenoviral vector,periphery,1,1,4,true,0.00335337177442,,benchmark_attested_with_corpus_support
ORG-0049,adenoviral vectors,periphery,1,0,4,false,0.00163579110948,,benchmark_attested_with_corpus_support
ORG-0051,adenovirus vector,periphery,1,2,4,false,0.00159489633174,,benchmark_attested_with_corpus_support
ORG-0052,adenovirus vectors,periphery,1,3,4,true,0.000899685110211,,benchmark_attested_with_corpus_support
ORG-0053,adenylate cyclase,core,3,2,6,true,0.000327158221895,,n_questions_gte_3
ORG-0057,aedes aegypti,periphery,2,0,6,false,0.00175847544269,,benchmark_attested_with_corpus_support
ORG-0058,aedes albopictus,periphery,2,1,5,false,0.000736105999264,,benchmark_attested_with_corpus_support
ORG-0062,affect the virus,periphery,1,2,4,true,0.000245368666421,,benchmark_attested_with_corpus_support
ORG-0067,african green,periphery,1,2,4,true,0.000572526888316,,benchmark_attested_with_corpus_support
ORG-0072,agrobacterium tumefaciens,periphery,1,5,4,false,0.000368052999632,,benchmark_attested_with_corpus_support
ORG-0075,air pollution,periphery,1,1,4,true,0.000490737332843,,benchmark_attested_with_corpus_support
ORG-0080,all sequences,periphery,1,0,4,false,0.000204473888684,,benchmark_attested_with_corpus_support
ORG-0082,allows for,periphery,1,1,4,true,0.004662004662,,benchmark_attested_with_corpus_support
ORG-0085,almost all,periphery,1,0,4,false,0.00323068744121,,benchmark_attested_with_corpus_support
ORG-0086,alter the,periphery,1,0,4,false,0.00490737332843,,benchmark_attested_with_corpus_support
ORG-0090,altering the,core,6,13,10,true,0.00114505377663,,n_questions_gte_3
ORG-0093,american and,periphery,1,1,4,true,0.000613421666053,,benchmark_attested_with_corpus_support
ORG-0095,amr,periphery,1,0,4,false,0.00163579110948,,benchmark_attested_with_corpus_support
ORG-0100,and human influenza viruses,core,2,7,6,true,0.000286263444158,,n_questions_2_largest_component_degree_gte_3
ORG-0101,and mouth disease virus,periphery,1,1,4,false,0.00102236944342,,benchmark_attested_with_corpus_support
ORG-0107,animal transmission,periphery,1,2,4,true,0.000368052999632,,benchmark_attested_with_corpus_support
ORG-0108,animals infected,periphery,1,2,4,true,0.00065431644379,,benchmark_attested_with_corpus_support
ORG-0110,anthrax and,periphery,1,0,4,false,0.000899685110211,,benchmark_attested_with_corpus_support
ORG-0113,anthrax spores,periphery,1,1,4,true,0.000490737332843,,benchmark_attested_with_corpus_support
ORG-0117,anti measles,periphery,1,4,4,true,0.000368052999632,,benchmark_attested_with_corpus_support
ORG-0118,anti mv,periphery,1,6,4,true,0.000286263444158,,benchmark_attested_with_corpus_support
ORG-0121,anti vector,periphery,1,0,4,false,0.000490737332843,,benchmark_attested_with_corpus_support
ORG-0122,antibody dependent,core,2,9,6,true,0.00212652844232,,n_questions_2_largest_component_degree_gte_3
ORG-0123,antibody detection,periphery,1,1,4,true,0.000572526888316,,benchmark_attested_with_corpus_support
ORG-0124,antigen presenting,periphery,1,0,4,false,0.00539811066127,,benchmark_attested_with_corpus_support
ORG-0125,antigenic drift,periphery,1,1,4,true,0.00163579110948,,benchmark_attested_with_corpus_support
ORG-0129,apobec3,periphery,1,1,4,true,0.000245368666421,,benchmark_attested_with_corpus_support
ORG-0133,are either,periphery,1,1,4,true,0.00106326422116,,benchmark_attested_with_corpus_support
ORG-0136,areas with,periphery,1,1,4,false,0.00130863288758,,benchmark_attested_with_corpus_support
ORG-0141,as herpes simplex virus,periphery,1,0,4,false,0.000858790332475,,benchmark_attested_with_corpus_support
ORG-0150,assemble the,periphery,1,1,4,false,0.000327158221895,,benchmark_attested_with_corpus_support
ORG-0155,assessing the,periphery,1,8,4,true,0.00384410910727,,benchmark_attested_with_corpus_support
ORG-0159,at home,review,1,0,4,false,0.000817895554738,,frequent_out_of_domain_matcher
ORG-0160,atcc,periphery,1,1,4,true,0.000245368666421,,benchmark_attested_with_corpus_support
ORG-0161,ati,periphery,2,2,6,true,8.17895554738e-05,,benchmark_attested_with_corpus_support
ORG-0163,attachment of the virus,periphery,2,2,5,false,0.000163579110948,,benchmark_attested_with_corpus_support
ORG-0167,australia and,periphery,1,2,4,true,0.000940579887948,,benchmark_attested_with_corpus_support
ORG-0171,avian influenza,periphery,1,4,4,true,0.0186071238703,,benchmark_attested_with_corpus_support
ORG-0172,avian influenza a virus,periphery,1,4,4,true,0.000777000777001,,benchmark_attested_with_corpus_support
ORG-0173,avian like,periphery,1,3,4,true,0.000817895554738,,benchmark_attested_with_corpus_support
ORG-0181,b mallei,periphery,1,0,4,false,0.000368052999632,,benchmark_attested_with_corpus_support
ORG-0182,bac,core,7,7,10,true,0.00200384410911,,n_questions_gte_3
ORG-0183,b anthracis strain,core,31,29,12,true,0.00372142477406,,n_questions_gte_3
ORG-0184,bacillus cereus,periphery,2,2,6,true,0.000286263444158,,benchmark_attested_with_corpus_support
ORG-0185,bacillus globigii,periphery,2,1,6,true,4.08947777369e-05,,benchmark_attested_with_corpus_support
ORG-0187,bacillus subtilis,core,3,6,8,true,0.00167668588721,,n_questions_gte_3
ORG-0188,bacteria,review,2,2,5,true,0.0290352921932,,corpus_doc_frequency_gt_0.02
ORG-0189,bacterial toxins,periphery,1,0,4,false,0.000368052999632,,benchmark_attested_with_corpus_support
ORG-0191,bacterium,periphery,1,1,4,true,0.00797448165869,,benchmark_attested_with_corpus_support
ORG-0194,barf1,periphery,1,2,4,true,0.000449842555106,,benchmark_attested_with_corpus_support
ORG-0200,bats are,periphery,1,0,4,false,0.000777000777001,,benchmark_attested_with_corpus_support
ORG-0202,bbb,core,3,6,7,true,0.00065431644379,,n_questions_gte_3
ORG-0206,because the,review,1,1,4,true,0.00621600621601,,frequent_out_of_domain_matcher
ORG-0207,because they,periphery,1,1,4,true,0.00384410910727,,benchmark_attested_with_corpus_support
ORG-0214,bhk 21,core,2,3,6,true,0.000695211221527,,n_questions_2_largest_component_degree_gte_3
ORG-0215,bhrf1,periphery,1,1,4,false,0.000531632110579,,benchmark_attested_with_corpus_support
ORG-0217,binding of the virus,periphery,2,1,5,false,0.000122684333211,,benchmark_attested_with_corpus_support
ORG-0223,biological agent,periphery,1,1,4,false,0.00249458144195,,benchmark_attested_with_corpus_support
ORG-0227,blocking the,core,2,4,6,true,0.00175847544269,,n_questions_2_largest_component_degree_gte_3
ORG-0228,blood borne,periphery,1,0,4,false,0.000817895554738,,benchmark_attested_with_corpus_support
ORG-0229,blood brain,core,3,11,7,true,0.00196294933137,,n_questions_gte_3
ORG-0230,board for,periphery,1,0,4,false,0.000204473888684,,benchmark_attested_with_corpus_support
ORG-0233,bordetella pertussis,core,10,12,10,true,0.0018811597759,,n_questions_gte_3
ORG-0236,botulinum toxin,core,4,12,7,true,0.00065431644379,,n_questions_gte_3
ORG-0237,botulism and,periphery,1,0,4,false,0.000245368666421,,benchmark_attested_with_corpus_support
ORG-0242,broad host range,periphery,1,0,4,false,0.000490737332843,,benchmark_attested_with_corpus_support
ORG-0243,broad range,periphery,1,4,4,true,0.00462110988427,,benchmark_attested_with_corpus_support
ORG-0244,broad spectrum,periphery,1,3,4,false,0.00772911299227,,benchmark_attested_with_corpus_support
ORG-0246,brucella spp,periphery,1,15,4,true,0.000449842555106,,benchmark_attested_with_corpus_support
ORG-0254,burkholderia pseudomallei,core,2,4,4,true,0.00106326422116,,n_questions_2_largest_component_degree_gte_3
ORG-0265,bzlf1,periphery,2,2,5,false,0.000858790332475,,benchmark_attested_with_corpus_support
ORG-0266,c botulinum,core,3,0,9,false,0.000122684333211,,n_questions_gte_3
ORG-0267,c terminal,periphery,1,1,4,true,0.00805627121417,,benchmark_attested_with_corpus_support
ORG-0268,c terminus,periphery,1,5,4,true,0.00237189710874,,benchmark_attested_with_corpus_support
ORG-0280,candida auris,periphery,2,2,6,false,0.000449842555106,,benchmark_attested_with_corpus_support
ORG-0285,car,periphery,2,2,6,false,0.004662004662,,benchmark_attested_with_corpus_support
ORG-0290,catalyzing the,periphery,1,0,4,false,0.000204473888684,,benchmark_attested_with_corpus_support
ORG-0292,causes high,periphery,1,0,4,false,0.000327158221895,,benchmark_attested_with_corpus_support
ORG-0293,cchfv,periphery,1,15,4,true,0.000368052999632,,benchmark_attested_with_corpus_support
ORG-0296,cd150,core,3,7,7,true,0.000531632110579,,n_questions_gte_3
ORG-0299,cd155,core,4,7,8,true,0.000163579110948,,n_questions_gte_3
ORG-0300,cd163,periphery,1,4,4,false,0.000286263444158,,benchmark_attested_with_corpus_support
ORG-0302,cd4,review,1,2,4,false,0.0432257800679,,corpus_doc_frequency_gt_0.02
ORG-0303,cd46,core,4,6,7,true,0.000981474665685,,n_questions_gte_3
ORG-0304,cdc,periphery,1,1,4,false,0.00449842555106,,benchmark_attested_with_corpus_support
ORG-0306,cdv,core,2,5,6,true,0.001554001554,,n_questions_2_largest_component_degree_gte_3
ORG-0307,cef,periphery,1,1,4,true,0.000327158221895,,benchmark_attested_with_corpus_support
ORG-0308,cell associated,periphery,1,3,4,true,0.00184026499816,,benchmark_attested_with_corpus_support
ORG-0310,cell based,periphery,1,3,4,false,0.0068703226598,,benchmark_attested_with_corpus_support
ORG-0311,cell binding,periphery,1,4,4,true,0.00102236944342,,benchmark_attested_with_corpus_support
ORG-0312,cell culture,periphery,1,2,4,true,0.0170531223163,,benchmark_attested_with_corpus_support
ORG-0313,cell free,core,5,0,10,false,0.00331247699669,,n_questions_gte_3
ORG-0315,cell specific,periphery,1,0,4,false,0.00396679344048,,benchmark_attested_with_corpus_support
ORG-0316,cell to cell,core,2,4,7,true,0.00392589866274,,n_questions_2_largest_component_degree_gte_3
ORG-0317,cell type,review,1,0,4,false,0.0222058643111,,corpus_doc_frequency_gt_0.02
ORG-0319,cells from,review,1,0,4,false,0.0206518627571,,corpus_doc_frequency_gt_0.02
ORG-0320,centers for,periphery,1,3,4,false,0.00449842555106,,benchmark_attested_with_corpus_support
ORG-0330,chemical synthesis,periphery,2,3,7,false,8.17895554738e-05,,benchmark_attested_with_corpus_support
ORG-0332,chikv,periphery,2,1,5,false,0.00171758066495,,benchmark_attested_with_corpus_support
ORG-0334,chimeric viruses,periphery,1,1,4,false,0.00130863288758,,benchmark_attested_with_corpus_support
ORG-0335,chinese hamster,periphery,1,2,4,true,0.000613421666053,,benchmark_attested_with_corpus_support
ORG-0337,chip seq,periphery,1,1,4,false,0.000368052999632,,benchmark_attested_with_corpus_support
ORG-0338,cho,core,3,7,6,true,0.00151310677626,,n_questions_gte_3
ORG-0339,chromatin immunoprecipitation,periphery,1,1,4,false,0.000777000777001,,benchmark_attested_with_corpus_support
ORG-0343,cleavage and,periphery,1,2,4,false,0.000695211221527,,benchmark_attested_with_corpus_support
ORG-0347,clone the,periphery,2,7,7,false,0.000327158221895,,benchmark_attested_with_corpus_support
ORG-0354,clostridium botulinum,core,3,11,7,true,0.000572526888316,,n_questions_gte_3
ORG-0356,clostridium perfringens,periphery,1,10,4,true,0.000613421666053,,benchmark_attested_with_corpus_support
ORG-0360,cns,core,4,12,8,true,0.0122275385433,,n_questions_gte_3
ORG-0361,co culture,periphery,1,3,4,true,0.00273995010837,,benchmark_attested_with_corpus_support
ORG-0362,co expression,periphery,1,0,4,false,0.00396679344048,,benchmark_attested_with_corpus_support
ORG-0363,co infection,periphery,2,2,7,false,0.0107144317671,,benchmark_attested_with_corpus_support
ORG-0364,co infections,periphery,1,0,4,false,0.00363963521858,,benchmark_attested_with_corpus_support
ORG-0365,co stimulatory,periphery,1,0,4,false,0.00130863288758,,benchmark_attested_with_corpus_support
ORG-0366,co transfect,periphery,2,1,6,true,4.08947777369e-05,,benchmark_attested_with_corpus_support
ORG-0367,co transfected,periphery,2,6,5,false,0.000899685110211,,benchmark_attested_with_corpus_support
ORG-0368,co transfection,core,3,1,6,false,0.00065431644379,,n_questions_gte_3
ORG-0370,codon optimized,periphery,1,2,4,false,0.000327158221895,,benchmark_attested_with_corpus_support
ORG-0373,community acquired,periphery,1,10,4,true,0.00184026499816,,benchmark_attested_with_corpus_support
ORG-0374,comparing the,periphery,1,8,4,true,0.00323068744121,,benchmark_attested_with_corpus_support
ORG-0376,compatibility with,periphery,1,0,4,false,0.000245368666421,,benchmark_attested_with_corpus_support
ORG-0377,complement proteins,periphery,1,3,4,true,0.000204473888684,,benchmark_attested_with_corpus_support
ORG-0378,computational modeling,periphery,1,5,4,true,0.000286263444158,,benchmark_attested_with_corpus_support
ORG-0379,concerns about,periphery,1,0,4,false,0.00363963521858,,benchmark_attested_with_corpus_support
ORG-0385,considering the,core,5,20,8,true,0.00658405921564,,n_questions_gte_3
ORG-0399,control and,periphery,1,3,4,false,0.0130045393203,,benchmark_attested_with_corpus_support
ORG-0400,controlled expression,periphery,1,1,4,false,0.000245368666421,,benchmark_attested_with_corpus_support
ORG-0408,corynebacterium diphtheriae,core,2,4,7,true,4.08947777369e-05,,n_questions_2_largest_component_degree_gte_3
ORG-0409,cost effective,periphery,1,1,4,true,0.00543900543901,,benchmark_attested_with_corpus_support
ORG-0414,coxiella burnetii,core,2,4,6,true,0.000572526888316,,n_questions_2_largest_component_degree_gte_3
ORG-0416,cpe,periphery,1,0,4,false,0.000490737332843,,benchmark_attested_with_corpus_support
ORG-0417,cper,core,3,4,8,true,0.000163579110948,,n_questions_gte_3
ORG-0419,cre recombinase,periphery,1,0,4,false,0.000572526888316,,benchmark_attested_with_corpus_support
ORG-0421,create,review,1,1,4,true,0.0123911176543,,frequent_out_of_domain_matcher
ORG-0427,crimean congo,periphery,1,15,4,true,0.000777000777001,,benchmark_attested_with_corpus_support
ORG-0428,crimean congo hemorrhagic fever virus,periphery,1,15,4,true,0.000368052999632,,benchmark_attested_with_corpus_support
ORG-0429,crispr,core,7,6,9,true,0.00625690099374,,n_questions_gte_3
ORG-0431,crispr cas9,core,2,3,5,true,0.00282173966384,,n_questions_2_largest_component_degree_gte_3
ORG-0433,cross neutralization,periphery,1,1,4,false,0.000449842555106,,benchmark_attested_with_corpus_support
ORG-0434,cross react,periphery,1,2,4,true,0.00147221199853,,benchmark_attested_with_corpus_support
ORG-0435,cross species,core,3,6,6,true,0.00384410910727,,n_questions_gte_3
ORG-0437,cryo electron,periphery,1,1,4,false,0.000449842555106,,benchmark_attested_with_corpus_support
ORG-0440,culex pipiens,periphery,1,1,4,false,0.000858790332475,,benchmark_attested_with_corpus_support
ORG-0444,cyclin dependent,periphery,1,2,4,true,0.000899685110211,,benchmark_attested_with_corpus_support
ORG-0450,dc sign,periphery,1,0,4,false,0.000777000777001,,benchmark_attested_with_corpus_support
ORG-0451,dead end,periphery,1,2,4,true,0.000286263444158,,benchmark_attested_with_corpus_support
ORG-0455,decrease the,periphery,1,4,4,true,0.0114914325441,,benchmark_attested_with_corpus_support
ORG-0457,decreasing the,periphery,1,2,4,true,0.00531632110579,,benchmark_attested_with_corpus_support
ORG-0464,dengue virus,periphery,1,3,4,true,0.00327158221895,,benchmark_attested_with_corpus_support
ORG-0469,designing the,periphery,1,4,4,true,0.000286263444158,,benchmark_attested_with_corpus_support
ORG-0471,determining the,core,3,7,8,true,0.00400768821821,,n_questions_gte_3
ORG-0478,dic,periphery,1,0,4,false,0.000204473888684,,benchmark_attested_with_corpus_support
ORG-0480,diphtheria toxin,periphery,1,2,4,true,0.000204473888684,,benchmark_attested_with_corpus_support
ORG-0481,direct gene,periphery,1,1,4,false,0.000368052999632,,benchmark_attested_with_corpus_support
ORG-0482,direct injection,core,3,4,6,true,0.000408947777369,,n_questions_gte_3
ORG-0484,directed evolution,periphery,2,1,7,true,0.000572526888316,,benchmark_attested_with_corpus_support
ORG-0487,directly targeting,periphery,1,0,4,false,0.000408947777369,,benchmark_attested_with_corpus_support
ORG-0492,diversifying selection,periphery,1,1,4,false,0.000286263444158,,benchmark_attested_with_corpus_support
ORG-0499,dna induced,periphery,1,1,4,false,0.000245368666421,,benchmark_attested_with_corpus_support
ORG-0500,dna launched,core,5,3,8,true,0.000368052999632,,n_questions_gte_3
ORG-0503,double stranded,periphery,2,2,4,true,0.00633869054922,,benchmark_attested_with_corpus_support
ORG-0506,drug resistance,periphery,1,3,4,true,0.00572526888316,,benchmark_attested_with_corpus_support
ORG-0507,drug resistant,core,2,5,6,true,0.00490737332843,,n_questions_2_largest_component_degree_gte_3
ORG-0510,during herpes simplex virus,periphery,1,0,4,false,0.000490737332843,,benchmark_attested_with_corpus_support
ORG-0511,during latency,core,2,3,4,true,0.00441663599558,,n_questions_2_largest_component_degree_gte_3
ORG-0516,each viral,periphery,1,4,4,false,0.000449842555106,,benchmark_attested_with_corpus_support
ORG-0518,eber,periphery,1,0,4,false,0.00220831799779,,benchmark_attested_with_corpus_support
ORG-0519,ebna lp,periphery,1,2,4,false,0.000204473888684,,benchmark_attested_with_corpus_support
ORG-0520,ebna1,core,3,2,6,false,0.00335337177442,,n_questions_gte_3
ORG-0521,ebna3c,periphery,1,2,4,false,0.000981474665685,,benchmark_attested_with_corpus_support
ORG-0522,ebola virus,core,8,27,8,true,0.003885003885,,n_questions_gte_3
ORG-0525,ebov,core,5,5,7,true,0.00171758066495,,n_questions_gte_3
ORG-0527,ebv associated,review,1,1,4,false,0.0202838097575,,corpus_doc_frequency_gt_0.02
ORG-0528,ebv based,periphery,1,2,4,false,0.000286263444158,,benchmark_attested_with_corpus_support
ORG-0529,ebv infected,periphery,1,2,4,false,0.0101827996565,,benchmark_attested_with_corpus_support
ORG-0534,edta,periphery,2,1,6,false,0.000245368666421,,benchmark_attested_with_corpus_support
ORG-0535,eev,core,2,3,6,true,8.17895554738e-05,,n_questions_2_largest_component_degree_gte_3
ORG-0539,efficient gene,periphery,1,1,4,false,0.00167668588721,,benchmark_attested_with_corpus_support
ORG-0540,egfr,periphery,1,5,4,false,0.00159489633174,,benchmark_attested_with_corpus_support
ORG-0542,elevated levels,periphery,1,4,4,false,0.00339426655216,,benchmark_attested_with_corpus_support
ORG-0544,elimination of the virus,periphery,1,2,4,false,0.000204473888684,,benchmark_attested_with_corpus_support
ORG-0545,elisa,periphery,1,1,4,false,0.0110824847667,,benchmark_attested_with_corpus_support
ORG-0547,ems,periphery,2,3,7,false,0.000858790332475,,benchmark_attested_with_corpus_support
ORG-0548,enables rapid,periphery,2,2,6,true,0.000286263444158,,benchmark_attested_with_corpus_support
ORG-0549,enables the,periphery,1,2,4,true,0.0026581605529,,benchmark_attested_with_corpus_support
ORG-0556,engineering and,periphery,1,2,4,false,0.000940579887948,,benchmark_attested_with_corpus_support
ORG-0557,engineering the,periphery,1,4,4,true,0.00114505377663,,benchmark_attested_with_corpus_support
ORG-0559,enhance the,review,1,1,4,false,0.0222467590889,,corpus_doc_frequency_gt_0.02
ORG-0560,enhance viral,periphery,1,3,4,false,0.00355784566311,,benchmark_attested_with_corpus_support
ORG-0565,enhanced viral,periphery,1,2,4,true,0.003885003885,,benchmark_attested_with_corpus_support
ORG-0566,enhancer region,periphery,1,1,4,false,0.000695211221527,,benchmark_attested_with_corpus_support
ORG-0567,enhances binding,periphery,1,1,4,false,0.000245368666421,,benchmark_attested_with_corpus_support
ORG-0569,enhancing host,periphery,1,0,4,false,0.000449842555106,,benchmark_attested_with_corpus_support
ORG-0571,enhancing the,core,5,8,9,true,0.00989653621233,,n_questions_gte_3
ORG-0573,enhancing viral,periphery,1,0,4,false,0.00163579110948,,benchmark_attested_with_corpus_support
ORG-0574,ensuring the,core,2,3,5,true,0.000408947777369,,n_questions_2_largest_component_degree_gte_3
ORG-0575,entry of measles virus,core,2,4,6,true,4.08947777369e-05,,n_questions_2_largest_component_degree_gte_3
ORG-0576,entry of the virus,periphery,2,2,5,true,0.000449842555106,,benchmark_attested_with_corpus_support
ORG-0581,environmental factors,periphery,1,3,4,true,0.00633869054922,,benchmark_attested_with_corpus_support
ORG-0583,epidermal growth,periphery,1,5,4,false,0.00106326422116,,benchmark_attested_with_corpus_support
ORG-0584,epigenetic changes,periphery,1,1,4,false,0.000858790332475,,benchmark_attested_with_corpus_support
ORG-0585,epigenetic modifications,periphery,1,1,4,false,0.000899685110211,,benchmark_attested_with_corpus_support
ORG-0588,epsilon toxin,periphery,1,10,4,true,0.000449842555106,,benchmark_attested_with_corpus_support
ORG-0596,escherichia coli,core,5,5,9,true,0.00707479654848,,n_questions_gte_3
ORG-0598,establishing the,periphery,1,2,4,true,0.000777000777001,,benchmark_attested_with_corpus_support
ORG-0599,eurasian avian like,periphery,1,3,4,true,0.000327158221895,,benchmark_attested_with_corpus_support
ORG-0601,ev a71,periphery,1,3,4,false,0.000449842555106,,benchmark_attested_with_corpus_support
ORG-0602,evaluating the,core,3,12,6,true,0.00511184721711,,n_questions_gte_3
ORG-0605,evolution of the virus,periphery,1,1,4,true,0.00065431644379,,benchmark_attested_with_corpus_support
ORG-0606,examining the,periphery,1,2,4,true,0.00224921277553,,benchmark_attested_with_corpus_support
ORG-0618,express both,periphery,1,2,4,true,0.000408947777369,,benchmark_attested_with_corpus_support
ORG-0619,express the,periphery,1,1,4,false,0.00552079499448,,benchmark_attested_with_corpus_support
ORG-0620,external protein,periphery,1,4,4,true,0.000245368666421,,benchmark_attested_with_corpus_support
ORG-0623,facilitate the,periphery,1,1,4,false,0.00646137488243,,benchmark_attested_with_corpus_support
ORG-0625,facilitates the,core,3,4,8,true,0.00143131722079,,n_questions_gte_3
ORG-0631,fbi,periphery,2,1,5,false,4.08947777369e-05,,benchmark_attested_with_corpus_support
ORG-0633,fecal oral,periphery,1,3,4,true,0.000327158221895,,benchmark_attested_with_corpus_support
ORG-0636,first generation,periphery,2,2,4,false,0.00143131722079,,benchmark_attested_with_corpus_support
ORG-0637,flaviviridae family,periphery,1,0,4,false,0.000245368666421,,benchmark_attested_with_corpus_support
ORG-0638,flies and,periphery,1,1,4,false,0.000204473888684,,benchmark_attested_with_corpus_support
ORG-0639,flp frt,periphery,1,2,4,true,0.000245368666421,,benchmark_attested_with_corpus_support
ORG-0640,fmd,periphery,1,0,4,false,0.000777000777001,,benchmark_attested_with_corpus_support
ORG-0641,fmdv,periphery,1,1,4,false,0.000899685110211,,benchmark_attested_with_corpus_support
ORG-0643,foot and,periphery,1,0,4,false,0.00245368666421,,benchmark_attested_with_corpus_support
ORG-0650,for generating recombinant viruses,periphery,2,1,6,true,8.17895554738e-05,,benchmark_attested_with_corpus_support
ORG-0652,for influenza a virus,periphery,1,0,4,false,0.000286263444158,,benchmark_attested_with_corpus_support
ORG-0665,fragment genome,periphery,1,0,4,false,0.000204473888684,,benchmark_attested_with_corpus_support
ORG-0666,fragment the,periphery,1,1,4,false,0.000449842555106,,benchmark_attested_with_corpus_support
ORG-0667,frame shift,periphery,1,0,4,false,0.000408947777369,,benchmark_attested_with_corpus_support
ORG-0670,francisella tularensis,core,5,7,5,true,0.00318979266348,,n_questions_gte_3
ORG-0671,freeze thaw,periphery,1,0,4,false,0.000245368666421,,benchmark_attested_with_corpus_support
ORG-0673,from human immunodeficiency virus,periphery,1,2,4,true,0.000245368666421,,benchmark_attested_with_corpus_support
ORG-0678,from which,periphery,1,1,4,false,0.00306710833027,,benchmark_attested_with_corpus_support
ORG-0680,full length,core,9,13,10,true,0.00662495399338,,n_questions_gte_3
ORG-0683,fungi,periphery,1,2,4,true,0.0080971659919,,benchmark_attested_with_corpus_support
ORG-0690,fusion peptide,periphery,1,3,4,true,0.000286263444158,,benchmark_attested_with_corpus_support
ORG-0691,g protein,periphery,1,5,4,true,0.00294442399706,,benchmark_attested_with_corpus_support
ORG-0694,gain of function,periphery,1,3,4,true,0.00727927043717,,benchmark_attested_with_corpus_support
ORG-0697,gel electrophoresis,periphery,1,3,4,true,0.000981474665685,,benchmark_attested_with_corpus_support
ORG-0699,gene duplication,periphery,1,2,4,false,0.000245368666421,,benchmark_attested_with_corpus_support
ORG-0700,gene editing,periphery,1,1,4,true,0.00200384410911,,benchmark_attested_with_corpus_support
ORG-0701,gene fragment,periphery,1,0,4,false,0.00106326422116,,benchmark_attested_with_corpus_support
ORG-0716,generation of recombinant viruses,periphery,2,1,5,true,0.000286263444158,,benchmark_attested_with_corpus_support
ORG-0719,genetic instability,periphery,1,2,4,true,0.000940579887948,,benchmark_attested_with_corpus_support
ORG-0720,genetic mutations,periphery,1,3,4,true,0.000572526888316,,benchmark_attested_with_corpus_support
ORG-0721,genetic recombination,periphery,1,4,4,true,0.000449842555106,,benchmark_attested_with_corpus_support
ORG-0723,genetics based,periphery,2,1,6,false,0.000981474665685,,benchmark_attested_with_corpus_support
ORG-0726,genetics of rna viruses,core,3,1,8,false,8.17895554738e-05,,n_questions_gte_3
ORG-0728,genome wide,periphery,2,4,6,false,0.0103054839897,,benchmark_attested_with_corpus_support
ORG-0733,gibson assembly,core,4,2,9,true,4.08947777369e-05,,n_questions_gte_3
ORG-0736,given the,core,3,16,7,true,0.0143131722079,,n_questions_gte_3
ORG-0741,gm csf,periphery,1,4,4,false,0.000940579887948,,benchmark_attested_with_corpus_support
ORG-0743,gos,periphery,2,2,5,true,0.000122684333211,,benchmark_attested_with_corpus_support
ORG-0744,gpc,periphery,1,1,4,false,0.000368052999632,,benchmark_attested_with_corpus_support
ORG-0753,gtp,periphery,1,0,4,false,0.00273995010837,,benchmark_attested_with_corpus_support
ORG-0754,guinea pig,periphery,2,0,4,false,0.00470289943974,,benchmark_attested_with_corpus_support
ORG-0755,guinea pigs,periphery,2,0,5,false,0.00363963521858,,benchmark_attested_with_corpus_support
ORG-0756,gwas,periphery,1,2,4,false,0.00143131722079,,benchmark_attested_with_corpus_support
ORG-0760,h5n1 influenza a viruses,periphery,1,0,4,false,0.000286263444158,,benchmark_attested_with_corpus_support
ORG-0762,ha2,periphery,1,0,4,false,0.000327158221895,,benchmark_attested_with_corpus_support
ORG-0763,half life,periphery,1,4,4,true,0.00204473888684,,benchmark_attested_with_corpus_support
ORG-0769,hav,periphery,1,15,4,true,0.00065431644379,,benchmark_attested_with_corpus_support
ORG-0772,hcmv,review,2,17,5,true,0.0263362368626,,corpus_doc_frequency_gt_0.02
ORG-0773,hcv,periphery,1,1,4,false,0.00883327199117,,benchmark_attested_with_corpus_support
ORG-0777,hek 293,periphery,1,1,4,false,0.000572526888316,,benchmark_attested_with_corpus_support
ORG-0778,hek293,periphery,1,1,4,false,0.000981474665685,,benchmark_attested_with_corpus_support
ORG-0779,hek293t,periphery,1,1,4,false,0.000449842555106,,benchmark_attested_with_corpus_support
ORG-0781,helper virus free,periphery,1,0,4,false,0.000408947777369,,benchmark_attested_with_corpus_support
ORG-0783,hemagglutinin and,periphery,1,0,4,false,0.000613421666053,,benchmark_attested_with_corpus_support
ORG-0784,hemagglutinin neuraminidase,periphery,1,3,4,true,0.000286263444158,,benchmark_attested_with_corpus_support
ORG-0786,hendra virus,periphery,1,2,4,true,0.000613421666053,,benchmark_attested_with_corpus_support
ORG-0788,hepatitis a virus,periphery,1,15,4,true,0.000613421666053,,benchmark_attested_with_corpus_support
ORG-0789,herd immunity,periphery,1,0,4,false,0.00196294933137,,benchmark_attested_with_corpus_support
ORG-0791,herpesvirus associated,periphery,1,0,4,false,0.00171758066495,,benchmark_attested_with_corpus_support
ORG-0792,herpesvirus encoded,periphery,1,0,4,false,0.000777000777001,,benchmark_attested_with_corpus_support
ORG-0795,hhv 8,periphery,2,1,6,false,0.00601153232732,,benchmark_attested_with_corpus_support
ORG-0796,high affinity,periphery,1,2,4,false,0.00237189710874,,benchmark_attested_with_corpus_support
ORG-0798,high concentration,periphery,1,2,4,true,0.00212652844232,,benchmark_attested_with_corpus_support
ORG-0799,high copy,periphery,1,1,4,true,0.000817895554738,,benchmark_attested_with_corpus_support
ORG-0800,high diversity,periphery,1,2,4,true,0.000449842555106,,benchmark_attested_with_corpus_support
ORG-0801,high expression,periphery,1,0,4,false,0.00237189710874,,benchmark_attested_with_corpus_support
ORG-0802,high fidelity,periphery,1,1,4,false,0.000286263444158,,benchmark_attested_with_corpus_support
ORG-0803,high immunogenicity,periphery,1,1,4,false,0.000736105999264,,benchmark_attested_with_corpus_support
ORG-0805,high production,periphery,1,1,4,false,0.000327158221895,,benchmark_attested_with_corpus_support
ORG-0806,high rate,periphery,1,0,4,false,0.00425305688464,,benchmark_attested_with_corpus_support
ORG-0808,high throughput,core,2,6,7,true,0.00940579887948,,n_questions_2_largest_component_degree_gte_3
ORG-0809,high titer,periphery,1,1,4,false,0.00282173966384,,benchmark_attested_with_corpus_support
ORG-0810,high titers,periphery,1,2,4,true,0.00122684333211,,benchmark_attested_with_corpus_support
ORG-0812,high transgene,periphery,1,4,4,true,0.000204473888684,,benchmark_attested_with_corpus_support
ORG-0813,high virulence,periphery,1,0,4,false,0.000858790332475,,benchmark_attested_with_corpus_support
ORG-0814,higher frequency,periphery,1,4,4,false,0.00273995010837,,benchmark_attested_with_corpus_support
ORG-0817,higher replication,periphery,1,1,4,false,0.000286263444158,,benchmark_attested_with_corpus_support
ORG-0825,hiv 1,core,7,18,8,true,0.0168077536499,,n_questions_gte_3
ORG-0826,hku1,periphery,1,1,4,false,0.000286263444158,,benchmark_attested_with_corpus_support
ORG-0827,hmpv,periphery,1,5,4,true,0.000286263444158,,benchmark_attested_with_corpus_support
ORG-0829,homologous recombination,core,7,8,9,true,0.00151310677626,,n_questions_gte_3
ORG-0833,host cells,periphery,1,1,4,true,0.014763014763,,benchmark_attested_with_corpus_support
ORG-0836,host range,core,2,4,5,true,0.00535721588353,,n_questions_2_largest_component_degree_gte_3
ORG-0839,how can,review,3,2,9,false,0.000204473888684,,frequent_out_of_domain_matcher
ORG-0841,how does,review,16,16,12,true,0.000531632110579,,frequent_out_of_domain_matcher
ORG-0842,how long,core,3,1,6,true,0.000449842555106,,n_questions_gte_3
ORG-0843,how many,core,3,2,7,true,0.000613421666053,,n_questions_gte_3
ORG-0845,how might,core,3,3,7,true,8.17895554738e-05,,n_questions_gte_3
ORG-0846,how much,periphery,2,2,5,false,0.000490737332843,,benchmark_attested_with_corpus_support
ORG-0851,hrsv,periphery,1,0,4,false,0.000368052999632,,benchmark_attested_with_corpus_support
ORG-0852,hsk,periphery,1,2,4,false,0.00118594855437,,benchmark_attested_with_corpus_support
ORG-0854,hsv 1,review,7,10,10,true,0.03108003108,,corpus_doc_frequency_gt_0.02
ORG-0855,hsv1,periphery,2,2,6,true,0.00290352921932,,benchmark_attested_with_corpus_support
ORG-0856,htlv,periphery,1,15,4,true,0.00175847544269,,benchmark_attested_with_corpus_support
ORG-0857,human adapted,periphery,2,1,6,false,0.000327158221895,,benchmark_attested_with_corpus_support
ORG-0858,human cytomegalovirus,review,1,15,4,true,0.031243610191,,corpus_doc_frequency_gt_0.02
ORG-0859,human embryonic,periphery,1,0,4,false,0.0011041589989,,benchmark_attested_with_corpus_support
ORG-0860,human herpesvirus,periphery,1,1,4,false,0.0173802805382,,benchmark_attested_with_corpus_support
ORG-0861,human immunodeficiency virus,periphery,1,15,4,true,0.0175847544269,,benchmark_attested_with_corpus_support
ORG-0862,human like,periphery,1,4,4,true,0.000940579887948,,benchmark_attested_with_corpus_support
ORG-0865,human t lymphotropic virus,periphery,1,15,4,true,0.000286263444158,,benchmark_attested_with_corpus_support
ORG-0866,human to human,core,2,3,4,true,0.00380321432953,,n_questions_2_largest_component_degree_gte_3
ORG-0869,humoral immune,periphery,1,0,4,false,0.00805627121417,,benchmark_attested_with_corpus_support
ORG-0872,hvem,periphery,1,0,4,false,0.00224921277553,,benchmark_attested_with_corpus_support
ORG-0873,hvr,periphery,1,0,4,false,0.000245368666421,,benchmark_attested_with_corpus_support
ORG-0875,hybrid viruses,periphery,1,0,4,false,0.000245368666421,,benchmark_attested_with_corpus_support
ORG-0876,hydrophobic interactions,periphery,1,0,4,false,0.000368052999632,,benchmark_attested_with_corpus_support
ORG-0877,hyper inflammatory,periphery,1,1,4,false,0.000286263444158,,benchmark_attested_with_corpus_support
ORG-0878,hypervariable region,periphery,1,3,4,true,0.000449842555106,,benchmark_attested_with_corpus_support
ORG-0879,i scei,periphery,2,2,5,true,4.08947777369e-05,,benchmark_attested_with_corpus_support
ORG-0880,iav,periphery,1,3,4,true,0.00605242710506,,benchmark_attested_with_corpus_support
ORG-0882,icp0,core,5,10,6,true,0.00118594855437,,n_questions_gte_3
ORG-0883,icp27,periphery,1,2,4,false,0.000531632110579,,benchmark_attested_with_corpus_support
ORG-0884,icp4,periphery,1,1,4,true,0.000327158221895,,benchmark_attested_with_corpus_support
ORG-0885,icp47,core,3,7,5,true,0.000122684333211,,n_questions_gte_3
ORG-0887,identify and,core,2,7,7,true,0.00380321432953,,n_questions_2_largest_component_degree_gte_3
ORG-0893,ifa,periphery,1,0,4,false,0.000736105999264,,benchmark_attested_with_corpus_support
ORG-0894,ifi16,periphery,1,1,4,false,0.000858790332475,,benchmark_attested_with_corpus_support
ORG-0895,ifn,review,1,0,4,false,0.027358606306,,corpus_doc_frequency_gt_0.02
ORG-0897,iii,review,1,1,4,false,0.03885003885,,corpus_doc_frequency_gt_0.02
ORG-0898,il 10,periphery,1,2,4,false,0.00523453155032,,benchmark_attested_with_corpus_support
ORG-0899,il 12,periphery,1,0,4,false,0.00907864065759,,benchmark_attested_with_corpus_support
ORG-0900,il 2,periphery,1,1,4,false,0.00323068744121,,benchmark_attested_with_corpus_support
ORG-0901,il 6r,periphery,1,5,4,false,0.000245368666421,,benchmark_attested_with_corpus_support
ORG-0902,il 8,periphery,1,2,4,false,0.00507095243937,,benchmark_attested_with_corpus_support
ORG-0904,immediate early,core,6,12,7,true,0.00429395166237,,n_questions_gte_3
ORG-0905,immortalized human,periphery,1,1,4,false,0.000327158221895,,benchmark_attested_with_corpus_support
ORG-0906,immune mediated,periphery,1,2,4,true,0.004662004662,,benchmark_attested_with_corpus_support
ORG-0907,immune privileged,periphery,1,1,4,false,0.000449842555106,,benchmark_attested_with_corpus_support
ORG-0911,impaired replication,periphery,2,1,4,false,8.17895554738e-05,,benchmark_attested_with_corpus_support
ORG-0917,in herpes simplex virus,core,4,1,8,false,0.00122684333211,,n_questions_gte_3
ORG-0918,in herpes virus,periphery,1,2,4,false,0.000204473888684,,benchmark_attested_with_corpus_support
ORG-0919,in influenza a virus,periphery,2,0,5,false,0.000368052999632,,benchmark_attested_with_corpus_support
ORG-0923,in the measles virus,periphery,2,1,6,true,4.08947777369e-05,,benchmark_attested_with_corpus_support
ORG-0930,inclusion bodies,periphery,1,0,4,false,0.000736105999264,,benchmark_attested_with_corpus_support
ORG-0937,increase expression,periphery,1,4,4,true,0.000286263444158,,benchmark_attested_with_corpus_support
ORG-0938,increase the,review,3,6,7,true,0.0179528074265,,frequent_out_of_domain_matcher
ORG-0939,increase viral,periphery,1,3,4,false,0.000940579887948,,benchmark_attested_with_corpus_support
ORG-0941,increased expression,periphery,2,5,4,false,0.00490737332843,,benchmark_attested_with_corpus_support
ORG-0942,increased production,periphery,1,1,4,false,0.000858790332475,,benchmark_attested_with_corpus_support
ORG-0943,increased risk,periphery,1,0,4,false,0.017094017094,,benchmark_attested_with_corpus_support
ORG-0946,increased susceptibility,periphery,1,1,4,false,0.00323068744121,,benchmark_attested_with_corpus_support
ORG-0947,increased virulence,periphery,1,1,4,false,0.00171758066495,,benchmark_attested_with_corpus_support
ORG-0951,increasing the,core,4,5,8,true,0.00866969288022,,n_questions_gte_3
ORG-0959,inducing the,core,2,5,5,true,0.000777000777001,,n_questions_2_largest_component_degree_gte_3
ORG-0962,infection through,periphery,1,1,4,true,0.00318979266348,,benchmark_attested_with_corpus_support
ORG-0963,infection with,review,1,2,4,true,0.0474379421748,,corpus_doc_frequency_gt_0.02
ORG-0966,infectivity of the virus,periphery,1,1,4,true,0.000204473888684,,benchmark_attested_with_corpus_support
ORG-0967,influenza a h7n9 virus,periphery,1,1,4,true,0.00122684333211,,benchmark_attested_with_corpus_support
ORG-0968,influenza a virus,periphery,1,4,4,true,0.0110824847667,,benchmark_attested_with_corpus_support
ORG-0969,influenza hemagglutinin,periphery,1,0,4,false,0.000286263444158,,benchmark_attested_with_corpus_support
ORG-0970,influenza virus,review,5,4,7,false,0.0287081339713,,corpus_doc_frequency_gt_0.02
ORG-0971,inhalation anthrax,periphery,1,0,4,false,0.000245368666421,,benchmark_attested_with_corpus_support
ORG-0972,inhibiting apoptosis,periphery,1,4,4,true,0.000449842555106,,benchmark_attested_with_corpus_support
ORG-0974,inhibiting the,periphery,1,5,4,true,0.00642048010469,,benchmark_attested_with_corpus_support
ORG-0977,insert the,periphery,2,2,6,false,0.000163579110948,,benchmark_attested_with_corpus_support
ORG-0978,insertional mutagenesis,periphery,1,0,4,false,0.00102236944342,,benchmark_attested_with_corpus_support
ORG-0980,integrate the,core,2,5,6,true,0.000286263444158,,n_questions_2_largest_component_degree_gte_3
ORG-0982,integration into,periphery,1,2,4,true,0.000940579887948,,benchmark_attested_with_corpus_support
ORG-0985,inter species,periphery,1,0,4,false,0.000449842555106,,benchmark_attested_with_corpus_support
ORG-0987,interactions between,periphery,1,2,4,true,0.0111642743222,,benchmark_attested_with_corpus_support
ORG-0988,interferon gamma,periphery,1,2,4,false,0.00241279188648,,benchmark_attested_with_corpus_support
ORG-0989,interleukin 10,periphery,1,2,4,false,0.00122684333211,,benchmark_attested_with_corpus_support
ORG-0990,interleukin 8,periphery,1,2,4,false,0.000490737332843,,benchmark_attested_with_corpus_support
ORG-0999,introducing mutations,core,6,13,8,true,0.000163579110948,,n_questions_gte_3
ORG-1000,introduction into,periphery,1,1,4,true,0.000613421666053,,benchmark_attested_with_corpus_support
ORG-1002,involved in the virus,periphery,1,0,4,false,0.000245368666421,,benchmark_attested_with_corpus_support
ORG-1003,ip 10,periphery,1,0,4,false,0.000327158221895,,benchmark_attested_with_corpus_support
ORG-1004,ires,core,5,4,8,true,0.000777000777001,,n_questions_gte_3
ORG-1007,isa,periphery,1,1,4,true,0.000286263444158,,benchmark_attested_with_corpus_support
ORG-1019,its ability,core,3,7,6,true,0.00777000777001,,n_questions_gte_3
ORG-1020,its function,periphery,1,5,4,true,0.00237189710874,,benchmark_attested_with_corpus_support
ORG-1021,its large,periphery,1,1,4,true,0.000286263444158,,benchmark_attested_with_corpus_support
ORG-1022,its resistance,periphery,1,5,4,true,0.000408947777369,,benchmark_attested_with_corpus_support
ORG-1023,its role,periphery,1,5,4,true,0.00817895554738,,benchmark_attested_with_corpus_support
ORG-1028,jak stat,periphery,1,1,4,false,0.000858790332475,,benchmark_attested_with_corpus_support
ORG-1031,jurkat cells,periphery,1,2,4,true,0.000490737332843,,benchmark_attested_with_corpus_support
ORG-1035,kaposi sarcoma associated,periphery,1,2,4,true,0.0042121621069,,benchmark_attested_with_corpus_support
ORG-1036,kos,core,2,3,5,true,0.000245368666421,,n_questions_2_largest_component_degree_gte_3
ORG-1039,kshv,review,4,8,7,true,0.025804604752,,corpus_doc_frequency_gt_0.02
ORG-1040,kshv associated,periphery,1,0,4,false,0.00335337177442,,benchmark_attested_with_corpus_support
ORG-1043,laboratory acquired,periphery,1,0,4,false,0.000245368666421,,benchmark_attested_with_corpus_support
ORG-1044,lana,periphery,1,3,4,true,0.00179937022042,,benchmark_attested_with_corpus_support
ORG-1046,large genome,periphery,1,0,4,false,0.000613421666053,,benchmark_attested_with_corpus_support
ORG-1047,large scale,core,2,3,6,true,0.0104281683229,,n_questions_2_largest_component_degree_gte_3
ORG-1048,lassa fever,periphery,1,0,4,false,0.00065431644379,,benchmark_attested_with_corpus_support
ORG-1050,lat,core,3,8,5,true,0.00114505377663,,n_questions_gte_3
ORG-1051,latency associated,core,7,14,7,true,0.00372142477406,,n_questions_gte_3
ORG-1057,lentiviral vectors,periphery,1,3,4,true,0.00237189710874,,benchmark_attested_with_corpus_support
ORG-1062,lethal toxin,core,2,10,5,true,0.000368052999632,,n_questions_2_largest_component_degree_gte_3
ORG-1063,leucine rich,periphery,1,0,4,false,0.000286263444158,,benchmark_attested_with_corpus_support
ORG-1068,limited availability,periphery,1,2,4,true,0.000695211221527,,benchmark_attested_with_corpus_support
ORG-1072,limited knowledge,periphery,1,1,4,false,0.000490737332843,,benchmark_attested_with_corpus_support
ORG-1077,limited viral,periphery,1,0,4,false,0.000408947777369,,benchmark_attested_with_corpus_support
ORG-1079,limiting the,periphery,1,1,4,true,0.0018811597759,,benchmark_attested_with_corpus_support
ORG-1081,link the,periphery,1,2,4,true,0.000368052999632,,benchmark_attested_with_corpus_support
ORG-1084,lipid based,periphery,1,1,4,false,0.00290352921932,,benchmark_attested_with_corpus_support
ORG-1085,live animal,periphery,1,0,4,false,0.000940579887948,,benchmark_attested_with_corpus_support
ORG-1087,lmp1,core,5,7,5,false,0.00642048010469,,n_questions_gte_3
ORG-1088,loci that,periphery,1,1,4,true,0.000408947777369,,benchmark_attested_with_corpus_support
ORG-1089,long term,review,3,3,6,true,0.0345151924099,,corpus_doc_frequency_gt_0.02
ORG-1092,low copy number,periphery,1,1,4,true,0.000408947777369,,benchmark_attested_with_corpus_support
ORG-1093,low fidelity,core,4,2,10,true,0.000245368666421,,n_questions_gte_3
ORG-1094,low immunogenicity,periphery,1,2,4,true,0.000490737332843,,benchmark_attested_with_corpus_support
ORG-1095,low level,periphery,1,2,4,true,0.0158262789842,,benchmark_attested_with_corpus_support
ORG-1099,lower susceptibility,periphery,1,1,4,false,0.000286263444158,,benchmark_attested_with_corpus_support
ORG-1100,ltp,periphery,1,5,4,false,0.000286263444158,,benchmark_attested_with_corpus_support
ORG-1102,lumbar puncture,periphery,1,1,4,false,0.000695211221527,,benchmark_attested_with_corpus_support
ORG-1103,lymphocyte activation,periphery,1,1,4,true,0.00134952766532,,benchmark_attested_with_corpus_support
ORG-1104,lytic proteins,periphery,1,4,4,true,0.000449842555106,,benchmark_attested_with_corpus_support
ORG-1106,madin darby,periphery,1,0,4,false,0.000572526888316,,benchmark_attested_with_corpus_support
ORG-1112,maintain the,periphery,1,1,4,false,0.00220831799779,,benchmark_attested_with_corpus_support
ORG-1119,mammalian cell,periphery,1,0,4,false,0.00723837565943,,benchmark_attested_with_corpus_support
ORG-1121,many genes,periphery,1,0,4,false,0.0011041589989,,benchmark_attested_with_corpus_support
ORG-1122,marburg virus,core,2,3,6,true,0.00294442399706,,n_questions_2_largest_component_degree_gte_3
ORG-1125,master donor virus,periphery,1,1,4,false,0.000204473888684,,benchmark_attested_with_corpus_support
ORG-1127,mavs,core,3,4,5,false,0.000449842555106,,n_questions_gte_3
ORG-1129,mbcs,periphery,1,0,4,false,0.000286263444158,,benchmark_attested_with_corpus_support
ORG-1130,mcc,periphery,1,1,4,false,0.000245368666421,,benchmark_attested_with_corpus_support
ORG-1131,mcv,periphery,1,1,4,false,0.00241279188648,,benchmark_attested_with_corpus_support
ORG-1133,mdck,core,2,4,6,true,0.000736105999264,,n_questions_2_largest_component_degree_gte_3
ORG-1135,mdv,periphery,1,1,4,false,0.00396679344048,,benchmark_attested_with_corpus_support
ORG-1136,measles virus,core,5,9,9,true,0.0112460638776,,n_questions_gte_3
ORG-1137,measure the,periphery,1,2,4,false,0.00294442399706,,benchmark_attested_with_corpus_support
ORG-1138,measuring the,periphery,1,3,4,true,0.00139042244305,,benchmark_attested_with_corpus_support
ORG-1143,mediating the,periphery,1,2,4,false,0.00122684333211,,benchmark_attested_with_corpus_support
ORG-1144,mediating viral,periphery,1,2,4,false,0.000368052999632,,benchmark_attested_with_corpus_support
ORG-1146,mers,periphery,1,2,4,false,0.0130863288758,,benchmark_attested_with_corpus_support
ORG-1147,mers cov,periphery,1,2,4,false,0.00932400932401,,benchmark_attested_with_corpus_support
ORG-1149,metabolic pathway,periphery,1,2,4,false,0.000531632110579,,benchmark_attested_with_corpus_support
ORG-1164,mlp,periphery,1,0,4,false,0.000286263444158,,benchmark_attested_with_corpus_support
ORG-1167,modifying the,core,6,17,8,true,0.00106326422116,,n_questions_gte_3
ORG-1169,monoclonal antibodies,periphery,1,0,4,false,0.00556168977222,,benchmark_attested_with_corpus_support
ORG-1173,most similar,periphery,1,0,4,false,0.000327158221895,,benchmark_attested_with_corpus_support
ORG-1174,most viral,periphery,1,0,4,false,0.000695211221527,,benchmark_attested_with_corpus_support
ORG-1176,mpa,periphery,1,0,4,false,0.0011041589989,,benchmark_attested_with_corpus_support
ORG-1177,mps,core,2,5,6,true,0.00126773810984,,n_questions_2_largest_component_degree_gte_3
ORG-1178,mtb,periphery,1,1,4,false,0.00126773810984,,benchmark_attested_with_corpus_support
ORG-1179,mucosal immunity,periphery,1,3,4,true,0.00171758066495,,benchmark_attested_with_corpus_support
ORG-1182,multi drug,periphery,1,1,4,true,0.000899685110211,,benchmark_attested_with_corpus_support
ORG-1183,multi site,periphery,1,1,4,false,0.000286263444158,,benchmark_attested_with_corpus_support
ORG-1184,multiple sequence,periphery,1,0,4,false,0.000531632110579,,benchmark_attested_with_corpus_support
ORG-1189,mutations can,periphery,1,1,4,false,0.00118594855437,,benchmark_attested_with_corpus_support
ORG-1192,mv infected,periphery,1,0,4,false,0.000408947777369,,benchmark_attested_with_corpus_support
ORG-1196,mva,periphery,1,1,4,false,0.00821985032511,,benchmark_attested_with_corpus_support
ORG-1197,mva based,periphery,1,1,4,false,0.000858790332475,,benchmark_attested_with_corpus_support
ORG-1200,mycobacterium tuberculosis,core,3,3,5,false,0.00204473888684,,n_questions_gte_3
ORG-1201,mycoplasma pneumoniae,periphery,1,10,4,true,0.000449842555106,,benchmark_attested_with_corpus_support
ORG-1203,n glycosylation,periphery,1,1,4,true,0.000449842555106,,benchmark_attested_with_corpus_support
ORG-1205,n terminal,core,4,12,7,true,0.00817895554738,,n_questions_gte_3
ORG-1206,nad,periphery,1,1,4,false,0.000368052999632,,benchmark_attested_with_corpus_support
ORG-1215,natural killer,periphery,1,2,4,false,0.0171758066495,,benchmark_attested_with_corpus_support
ORG-1216,natural selection,periphery,1,1,4,true,0.0011041589989,,benchmark_attested_with_corpus_support
ORG-1218,ndv,core,5,8,8,true,0.00359874044085,,n_questions_gte_3
ORG-1219,nec,periphery,1,1,4,true,0.000204473888684,,benchmark_attested_with_corpus_support
ORG-1220,nectin 4,core,4,7,9,true,0.000368052999632,,n_questions_gte_3
ORG-1221,need for,review,1,1,4,true,0.0317752423016,,corpus_doc_frequency_gt_0.02
ORG-1225,negative sense,core,3,7,6,true,0.00192205455363,,n_questions_gte_3
ORG-1226,negative strand,periphery,2,5,6,false,0.00102236944342,,benchmark_attested_with_corpus_support
ORG-1228,net,review,1,1,4,false,0.003108003108,,frequent_out_of_domain_matcher
ORG-1230,neutralizing antibodies,periphery,1,0,4,false,0.0130863288758,,benchmark_attested_with_corpus_support
ORG-1231,newcastle disease virus,core,2,4,7,true,0.00380321432953,,n_questions_2_largest_component_degree_gte_3
ORG-1232,next generation,core,2,9,4,true,0.0096511675459,,n_questions_2_largest_component_degree_gte_3
ORG-1233,ngs,periphery,1,5,4,true,0.00159489633174,,benchmark_attested_with_corpus_support
ORG-1234,nipah virus,periphery,1,1,4,false,0.00147221199853,,benchmark_attested_with_corpus_support
ORG-1235,nl63,periphery,1,1,4,false,0.000490737332843,,benchmark_attested_with_corpus_support
ORG-1236,nlrp3,periphery,1,1,4,true,0.000531632110579,,benchmark_attested_with_corpus_support
ORG-1238,non coding,core,4,7,8,true,0.00633869054922,,n_questions_gte_3
ORG-1241,non enveloped,core,2,4,6,true,0.00286263444158,,n_questions_2_largest_component_degree_gte_3
ORG-1242,non enveloped viruses,periphery,1,1,4,true,0.00102236944342,,benchmark_attested_with_corpus_support
ORG-1243,non essential,core,5,2,8,true,0.00486647855069,,n_questions_gte_3
ORG-1245,non human,periphery,2,1,6,false,0.00592974277185,,benchmark_attested_with_corpus_support
ORG-1246,non infectious,periphery,2,2,4,true,0.00744284954811,,benchmark_attested_with_corpus_support
ORG-1248,non pathogenic,periphery,2,2,6,true,0.00458021510653,,benchmark_attested_with_corpus_support
ORG-1249,non permissive,periphery,1,1,4,true,0.00102236944342,,benchmark_attested_with_corpus_support
ORG-1252,non replicating,core,2,3,6,true,0.0018811597759,,n_questions_2_largest_component_degree_gte_3
ORG-1253,non specific,periphery,1,4,4,true,0.00826074510285,,benchmark_attested_with_corpus_support
ORG-1254,non structural,periphery,1,0,4,false,0.00241279188648,,benchmark_attested_with_corpus_support
ORG-1257,non viral,periphery,1,1,4,false,0.0034351613299,,benchmark_attested_with_corpus_support
ORG-1258,non virulent,periphery,1,2,4,false,0.000736105999264,,benchmark_attested_with_corpus_support
ORG-1260,not using,periphery,1,0,4,false,0.000327158221895,,benchmark_attested_with_corpus_support
ORG-1263,ns1,core,5,5,7,false,0.00192205455363,,n_questions_gte_3
ORG-1267,nsp3,periphery,1,2,4,true,0.000286263444158,,benchmark_attested_with_corpus_support
ORG-1273,of a chimeric virus,periphery,2,1,5,true,0.000163579110948,,benchmark_attested_with_corpus_support
ORG-1275,of a recombinant virus,core,3,1,6,false,0.000122684333211,,n_questions_gte_3
ORG-1276,of a virus,periphery,1,0,4,false,0.00204473888684,,benchmark_attested_with_corpus_support
ORG-1278,of an oncolytic virus,periphery,1,4,4,true,0.000286263444158,,benchmark_attested_with_corpus_support
ORG-1285,of hepatitis c virus,periphery,1,1,4,false,0.000531632110579,,benchmark_attested_with_corpus_support
ORG-1286,of herpes simplex virus,core,7,13,6,true,0.0101419048787,,n_questions_gte_3
ORG-1287,of human influenza viruses,periphery,1,4,4,true,0.000245368666421,,benchmark_attested_with_corpus_support
ORG-1288,of influenza a virus,core,2,3,7,true,0.00229010755327,,n_questions_2_largest_component_degree_gte_3
ORG-1289,of influenza a viruses,core,2,3,5,true,0.00192205455363,,n_questions_2_largest_component_degree_gte_3
ORG-1293,of oncolytic measles virus,periphery,1,5,4,true,0.000449842555106,,benchmark_attested_with_corpus_support
ORG-1295,of recombinant adeno associated virus,periphery,1,1,4,true,0.000204473888684,,benchmark_attested_with_corpus_support
ORG-1296,of recombinant vaccinia virus,periphery,1,0,4,false,0.000245368666421,,benchmark_attested_with_corpus_support
ORG-1301,of the chimeric virus,core,3,5,7,true,4.08947777369e-05,,n_questions_gte_3
ORG-1304,of the ebola virus,core,3,7,8,true,0.000122684333211,,n_questions_gte_3
ORG-1305,of the epstein barr virus,periphery,2,2,6,false,0.00192205455363,,benchmark_attested_with_corpus_support
ORG-1310,of the recombinant virus,periphery,2,1,6,false,0.000531632110579,,benchmark_attested_with_corpus_support
ORG-1312,of the smallpox virus,periphery,1,3,4,true,0.000286263444158,,benchmark_attested_with_corpus_support
ORG-1313,of the vaccinia virus,core,3,0,7,false,8.17895554738e-05,,n_questions_gte_3
ORG-1315,off target,core,3,5,8,true,0.00298531877479,,n_questions_gte_3
ORG-1316,omicron variant,periphery,1,2,4,true,0.00208563366458,,benchmark_attested_with_corpus_support
ORG-1317,omv,core,2,5,7,true,0.000245368666421,,n_questions_2_largest_component_degree_gte_3
ORG-1321,only with,periphery,1,0,4,false,0.00151310677626,,benchmark_attested_with_corpus_support
ORG-1325,orf,core,2,5,6,true,0.00429395166237,,n_questions_2_largest_component_degree_gte_3
ORG-1326,orf virus,periphery,1,3,4,true,0.000817895554738,,benchmark_attested_with_corpus_support
ORG-1327,orf63,periphery,1,1,4,false,0.000245368666421,,benchmark_attested_with_corpus_support
ORG-1330,other than,periphery,1,1,4,false,0.00515274199485,,benchmark_attested_with_corpus_support
ORG-1331,over expressing,periphery,1,1,4,true,0.000408947777369,,benchmark_attested_with_corpus_support
ORG-1334,overcoming the,periphery,1,2,4,true,0.000858790332475,,benchmark_attested_with_corpus_support
ORG-1335,p aeruginosa,periphery,1,2,4,true,0.000368052999632,,benchmark_attested_with_corpus_support
ORG-1338,packaging signal,periphery,1,3,4,true,0.000245368666421,,benchmark_attested_with_corpus_support
ORG-1344,passage the,core,2,4,5,true,0.000204473888684,,n_questions_2_largest_component_degree_gte_3
ORG-1351,pathogen specific,periphery,1,0,4,false,0.00249458144195,,benchmark_attested_with_corpus_support
ORG-1353,pathogenic avian influenza virus,periphery,1,4,4,true,0.00200384410911,,benchmark_attested_with_corpus_support
ORG-1356,pathogenicity of the virus,periphery,2,3,5,false,0.000490737332843,,benchmark_attested_with_corpus_support
ORG-1358,pb1,periphery,2,1,5,false,0.000981474665685,,benchmark_attested_with_corpus_support
ORG-1359,pb2,core,5,3,7,false,0.00147221199853,,n_questions_gte_3
ORG-1361,pcr,review,6,8,8,true,0.0440845704004,,corpus_doc_frequency_gt_0.02
ORG-1362,pcr amplified,periphery,1,2,4,false,0.000286263444158,,benchmark_attested_with_corpus_support
ORG-1364,pd l1,periphery,1,0,4,false,0.00458021510653,,benchmark_attested_with_corpus_support
ORG-1365,pdm09 influenza virus,core,4,7,7,true,8.17895554738e-05,,n_questions_gte_3
ORG-1368,per,review,1,1,4,true,0.0317752423016,,corpus_doc_frequency_gt_0.02
ORG-1374,perk,periphery,1,3,4,true,0.000449842555106,,benchmark_attested_with_corpus_support
ORG-1378,pertussis toxin,core,3,3,6,true,0.000572526888316,,n_questions_gte_3
ORG-1387,php,review,1,3,4,true,0.000286263444158,,frequent_out_of_domain_matcher
ORG-1391,pigs are,periphery,1,1,4,false,0.000368052999632,,benchmark_attested_with_corpus_support
ORG-1392,pigs have,periphery,1,1,4,false,0.000286263444158,,benchmark_attested_with_corpus_support
ORG-1395,pkr,periphery,1,1,4,true,0.000695211221527,,benchmark_attested_with_corpus_support
ORG-1396,pla2,core,2,8,4,true,8.17895554738e-05,,n_questions_2_largest_component_degree_gte_3
ORG-1399,place the,periphery,1,1,4,true,0.000286263444158,,benchmark_attested_with_corpus_support
ORG-1400,plaque assay,core,2,3,5,true,0.000204473888684,,n_questions_2_largest_component_degree_gte_3
ORG-1402,plasmid based,core,4,3,6,true,0.00122684333211,,n_questions_gte_3
ORG-1404,plasmodium parasites,periphery,1,0,4,false,0.000327158221895,,benchmark_attested_with_corpus_support
ORG-1405,point mutations,periphery,1,1,4,true,0.00269905533063,,benchmark_attested_with_corpus_support
ORG-1407,poliomyelitis virus,core,4,3,6,false,4.08947777369e-05,,n_questions_gte_3
ORG-1409,poly a,periphery,1,0,4,false,0.000613421666053,,benchmark_attested_with_corpus_support
ORG-1410,polymerase activity,periphery,1,2,4,true,0.000940579887948,,benchmark_attested_with_corpus_support
ORG-1413,positive sense,core,3,2,8,true,0.00196294933137,,n_questions_gte_3
ORG-1414,positive strand,core,4,4,6,true,0.00147221199853,,n_questions_gte_3
ORG-1415,positive stranded,periphery,1,0,4,false,0.000613421666053,,benchmark_attested_with_corpus_support
ORG-1418,post translational,core,5,5,7,true,0.00351695088537,,n_questions_gte_3
ORG-1421,potential for,review,1,0,4,false,0.0249458144195,,corpus_doc_frequency_gt_0.02
ORG-1424,poxvirus based,core,4,1,7,false,0.000695211221527,,n_questions_gte_3
ORG-1427,poxvirus vector,periphery,1,2,4,false,0.00147221199853,,benchmark_attested_with_corpus_support
ORG-1428,poxvirus vectors,periphery,1,2,4,true,0.000777000777001,,benchmark_attested_with_corpus_support
ORG-1429,poxviruses have,periphery,1,1,4,true,0.000490737332843,,benchmark_attested_with_corpus_support
ORG-1432,pre existing,core,11,22,10,true,0.00797448165869,,n_questions_gte_3
ORG-1436,pre vaccine,periphery,1,0,4,false,0.000327158221895,,benchmark_attested_with_corpus_support
ORG-1439,preventing the,periphery,1,2,4,true,0.00417126732916,,benchmark_attested_with_corpus_support
ORG-1441,primary cell,periphery,1,3,4,true,0.00318979266348,,benchmark_attested_with_corpus_support
ORG-1442,primary cells,periphery,1,0,4,false,0.00220831799779,,benchmark_attested_with_corpus_support
ORG-1446,produce the,periphery,1,2,4,false,0.00143131722079,,benchmark_attested_with_corpus_support
ORG-1454,promoting the,core,2,6,5,true,0.00339426655216,,n_questions_2_largest_component_degree_gte_3
ORG-1459,protective antigen,periphery,1,1,4,true,0.00139042244305,,benchmark_attested_with_corpus_support
ORG-1461,protein based,periphery,1,5,4,false,0.00290352921932,,benchmark_attested_with_corpus_support
ORG-1462,protein coupled,periphery,1,2,4,true,0.0026581605529,,benchmark_attested_with_corpus_support
ORG-1464,protein kinase,periphery,1,2,4,false,0.00646137488243,,benchmark_attested_with_corpus_support
ORG-1468,proteins under,periphery,1,1,4,false,0.000368052999632,,benchmark_attested_with_corpus_support
ORG-1469,provide early,periphery,1,1,4,false,0.000449842555106,,benchmark_attested_with_corpus_support
ORG-1476,pvsripo,core,4,7,7,true,0.000204473888684,,n_questions_gte_3
ORG-1479,qtl,periphery,1,2,4,false,0.00102236944342,,benchmark_attested_with_corpus_support
ORG-1480,quantify the,periphery,1,2,4,false,0.00278084488611,,benchmark_attested_with_corpus_support
ORG-1483,quantitative polymerase,periphery,1,1,4,true,0.000899685110211,,benchmark_attested_with_corpus_support
ORG-1484,question the,periphery,1,0,4,false,0.00065431644379,,benchmark_attested_with_corpus_support
ORG-1485,raise the,periphery,1,2,4,true,0.00171758066495,,benchmark_attested_with_corpus_support
ORG-1490,rapid and,periphery,1,2,4,true,0.00740195477038,,benchmark_attested_with_corpus_support
ORG-1493,rbd,periphery,1,5,4,true,0.00323068744121,,benchmark_attested_with_corpus_support
ORG-1494,rbm,periphery,2,2,6,true,8.17895554738e-05,,benchmark_attested_with_corpus_support
ORG-1495,rbp,review,4,4,7,true,0.000940579887948,,frequent_out_of_domain_matcher
ORG-1498,re emergence,periphery,1,0,4,false,0.00159489633174,,benchmark_attested_with_corpus_support
ORG-1503,real time,periphery,1,2,4,true,0.0106735369893,,benchmark_attested_with_corpus_support
ORG-1505,receptor binding,core,7,13,9,true,0.0099783257678,,n_questions_gte_3
ORG-1506,receptor expressing,periphery,1,8,4,true,0.000449842555106,,benchmark_attested_with_corpus_support
ORG-1507,receptor specific,periphery,1,2,4,true,0.000858790332475,,benchmark_attested_with_corpus_support
ORG-1509,recombinant herpes simplex virus,periphery,2,2,5,true,0.000122684333211,,benchmark_attested_with_corpus_support
ORG-1511,recombinant viruses,periphery,1,4,4,false,0.00789269210322,,benchmark_attested_with_corpus_support
ORG-1514,recovery of infectious virus,core,3,2,6,true,0.000163579110948,,n_questions_gte_3
ORG-1519,reduced immunogenicity,periphery,1,0,4,false,0.000368052999632,,benchmark_attested_with_corpus_support
ORG-1522,reduced virus,periphery,1,2,4,true,0.00114505377663,,benchmark_attested_with_corpus_support
ORG-1527,regulate the,periphery,1,0,4,false,0.00449842555106,,benchmark_attested_with_corpus_support
ORG-1534,replacing the,periphery,1,5,4,true,0.001554001554,,benchmark_attested_with_corpus_support
ORG-1536,replication competent,core,5,10,7,true,0.00278084488611,,n_questions_gte_3
ORG-1538,replication deficient,periphery,1,1,4,true,0.00400768821821,,benchmark_attested_with_corpus_support
ORG-1540,replication of the virus,periphery,1,1,4,false,0.000899685110211,,benchmark_attested_with_corpus_support
ORG-1543,replication proteins,core,2,6,5,true,0.000408947777369,,n_questions_2_largest_component_degree_gte_3
ORG-1545,requirement for,core,3,5,8,true,0.00445753077332,,n_questions_gte_3
ORG-1558,respiratory droplets,periphery,1,1,4,true,0.00147221199853,,benchmark_attested_with_corpus_support
ORG-1559,response against the virus,periphery,1,3,4,false,0.000327158221895,,benchmark_attested_with_corpus_support
ORG-1563,restriction enzyme,core,3,5,8,true,0.00065431644379,,n_questions_gte_3
ORG-1564,restriction enzymes,periphery,1,2,4,false,0.000245368666421,,benchmark_attested_with_corpus_support
ORG-1566,restricts the,periphery,1,2,4,true,0.000695211221527,,benchmark_attested_with_corpus_support
ORG-1568,retrovirus vector,periphery,1,2,4,false,0.000981474665685,,benchmark_attested_with_corpus_support
ORG-1569,reverse genetics,review,1,4,4,false,0.0304257146362,,corpus_doc_frequency_gt_0.02
ORG-1572,rgd,periphery,1,0,4,false,0.000408947777369,,benchmark_attested_with_corpus_support
ORG-1574,ribonucleotide reductase,periphery,1,1,4,false,0.000449842555106,,benchmark_attested_with_corpus_support
ORG-1575,ribosome inactivating,periphery,1,1,4,false,0.000245368666421,,benchmark_attested_with_corpus_support
ORG-1576,ricin toxin,periphery,1,10,4,true,0.000572526888316,,benchmark_attested_with_corpus_support
ORG-1577,ricinus communis,periphery,1,10,4,true,0.000368052999632,,benchmark_attested_with_corpus_support
ORG-1579,rig i,periphery,1,2,4,false,0.001554001554,,benchmark_attested_with_corpus_support
ORG-1582,rna dependent,core,3,2,8,true,0.00139042244305,,n_questions_gte_3
ORG-1583,rna interference,periphery,1,1,4,false,0.003108003108,,benchmark_attested_with_corpus_support
ORG-1585,rna sequencing,periphery,1,0,4,false,0.0042121621069,,benchmark_attested_with_corpus_support
ORG-1586,rna viruses,periphery,1,0,4,false,0.0121866437656,,benchmark_attested_with_corpus_support
ORG-1593,rt pcr,core,2,3,6,true,0.00662495399338,,n_questions_2_largest_component_degree_gte_3
ORG-1597,rv based,periphery,1,1,4,true,0.000286263444158,,benchmark_attested_with_corpus_support
ORG-1598,rvf,periphery,1,1,4,false,0.000858790332475,,benchmark_attested_with_corpus_support
ORG-1600,s protein,periphery,1,0,4,false,0.00368052999632,,benchmark_attested_with_corpus_support
ORG-1601,sa11,core,2,3,6,true,0.000163579110948,,n_questions_2_largest_component_degree_gte_3
ORG-1603,safety profile,periphery,1,1,4,true,0.00588884799411,,benchmark_attested_with_corpus_support
ORG-1607,sarcoma associated,review,1,3,4,true,0.0246186561976,,corpus_doc_frequency_gt_0.02
ORG-1610,sars cov 2 virus,periphery,1,2,4,false,0.00617511143827,,benchmark_attested_with_corpus_support
ORG-1611,sars cov2,periphery,1,0,4,false,0.00257637099742,,benchmark_attested_with_corpus_support
ORG-1614,scientific research,periphery,1,0,4,false,0.000736105999264,,benchmark_attested_with_corpus_support
ORG-1616,sds page,periphery,1,1,4,false,0.000327158221895,,benchmark_attested_with_corpus_support
ORG-1618,second generation,periphery,1,1,4,true,0.00102236944342,,benchmark_attested_with_corpus_support
ORG-1622,segmented genome,periphery,1,0,4,false,0.000531632110579,,benchmark_attested_with_corpus_support
ORG-1626,selection of recombinant viruses,core,4,5,8,true,4.08947777369e-05,,n_questions_gte_3
ORG-1627,self assembly,periphery,1,3,4,true,0.000327158221895,,benchmark_attested_with_corpus_support
ORG-1629,self destruct,periphery,2,2,6,false,4.08947777369e-05,,benchmark_attested_with_corpus_support
ORG-1631,self limiting,periphery,1,2,4,true,0.00257637099742,,benchmark_attested_with_corpus_support
ORG-1634,self replicating,core,2,4,7,true,0.00065431644379,,n_questions_2_largest_component_degree_gte_3
ORG-1635,self replication,periphery,1,3,4,true,0.000204473888684,,benchmark_attested_with_corpus_support
ORG-1638,sequence specific,periphery,1,1,4,false,0.00122684333211,,benchmark_attested_with_corpus_support
ORG-1639,sequences from,periphery,1,0,4,false,0.00482558377295,,benchmark_attested_with_corpus_support
ORG-1641,sequencing data,periphery,1,1,4,false,0.00298531877479,,benchmark_attested_with_corpus_support
ORG-1644,serial passage,periphery,1,3,4,false,0.00196294933137,,benchmark_attested_with_corpus_support
ORG-1645,serial passaging,periphery,1,4,4,true,0.000449842555106,,benchmark_attested_with_corpus_support
ORG-1647,serotype specific,periphery,1,1,4,false,0.000572526888316,,benchmark_attested_with_corpus_support
ORG-1649,sfv,periphery,1,0,4,false,0.000204473888684,,benchmark_attested_with_corpus_support
ORG-1651,shelf life,periphery,1,1,4,true,0.000572526888316,,benchmark_attested_with_corpus_support
ORG-1653,shift from,periphery,1,1,4,false,0.00106326422116,,benchmark_attested_with_corpus_support
ORG-1654,shiga toxin,core,2,11,7,true,0.000122684333211,,n_questions_2_largest_component_degree_gte_3
ORG-1660,shut off,periphery,1,2,4,false,0.000286263444158,,benchmark_attested_with_corpus_support
ORG-1663,similar symptoms,periphery,1,0,4,false,0.000245368666421,,benchmark_attested_with_corpus_support
ORG-1666,sin,periphery,1,1,4,true,0.000286263444158,,benchmark_attested_with_corpus_support
ORG-1667,since the,periphery,1,1,4,false,0.0196703880914,,benchmark_attested_with_corpus_support
ORG-1668,single cell,periphery,1,2,4,true,0.0042121621069,,benchmark_attested_with_corpus_support
ORG-1669,single chain,periphery,1,2,4,false,0.00122684333211,,benchmark_attested_with_corpus_support
ORG-1671,single site,periphery,1,1,4,false,0.000531632110579,,benchmark_attested_with_corpus_support
ORG-1672,single stranded,periphery,1,6,4,true,0.00666584877111,,benchmark_attested_with_corpus_support
ORG-1673,single stranded rna virus,periphery,1,1,4,false,0.000736105999264,,benchmark_attested_with_corpus_support
ORG-1674,sir,periphery,1,0,4,false,0.00065431644379,,benchmark_attested_with_corpus_support
ORG-1675,site directed,periphery,2,1,6,true,0.00143131722079,,benchmark_attested_with_corpus_support
ORG-1678,site specific,periphery,1,0,4,false,0.00216742322005,,benchmark_attested_with_corpus_support
ORG-1680,slam,core,7,8,8,true,0.000777000777001,,n_questions_gte_3
ORG-1683,smaller than,periphery,1,1,4,true,0.000817895554738,,benchmark_attested_with_corpus_support
ORG-1684,smallpox and,periphery,1,1,4,false,0.00122684333211,,benchmark_attested_with_corpus_support
ORG-1687,soil samples,periphery,1,0,4,false,0.000408947777369,,benchmark_attested_with_corpus_support
ORG-1690,southern blotting,periphery,1,3,4,true,0.000408947777369,,benchmark_attested_with_corpus_support
ORG-1695,spanish influenza,periphery,1,5,4,true,0.000327158221895,,benchmark_attested_with_corpus_support
ORG-1696,species specific,periphery,1,1,4,false,0.00298531877479,,benchmark_attested_with_corpus_support
ORG-1702,spike protein,periphery,2,2,6,false,0.00899685110211,,benchmark_attested_with_corpus_support
ORG-1703,split the,periphery,2,3,5,false,8.17895554738e-05,,benchmark_attested_with_corpus_support
ORG-1709,spread of the virus,periphery,2,1,5,true,0.00241279188648,,benchmark_attested_with_corpus_support
ORG-1711,stabilizing the,periphery,1,0,4,false,0.00114505377663,,benchmark_attested_with_corpus_support
ORG-1714,staphylococcus aureus,core,3,3,5,true,0.0034351613299,,n_questions_gte_3
ORG-1715,star,periphery,1,2,4,false,0.000531632110579,,benchmark_attested_with_corpus_support
ORG-1719,sting,periphery,2,3,6,false,0.00257637099742,,benchmark_attested_with_corpus_support
ORG-1723,strains of the virus,periphery,1,1,4,false,0.000204473888684,,benchmark_attested_with_corpus_support
ORG-1729,streptococcus pneumoniae,periphery,1,2,4,true,0.00143131722079,,benchmark_attested_with_corpus_support
ORG-1730,streptococcus pyogenes,periphery,1,2,4,false,0.000327158221895,,benchmark_attested_with_corpus_support
ORG-1732,structural analysis,core,2,7,7,true,0.00151310677626,,n_questions_2_largest_component_degree_gte_3
ORG-1738,studying the,periphery,1,0,4,false,0.00380321432953,,benchmark_attested_with_corpus_support
ORG-1744,suppress the,periphery,1,0,4,false,0.00781090254774,,benchmark_attested_with_corpus_support
ORG-1746,suppresses the,periphery,1,0,4,false,0.00339426655216,,benchmark_attested_with_corpus_support
ORG-1747,suppressing the,periphery,1,5,4,true,0.00404858299595,,benchmark_attested_with_corpus_support
ORG-1748,sustained release,periphery,1,0,4,false,0.000245368666421,,benchmark_attested_with_corpus_support
ORG-1749,sv40,periphery,1,2,4,false,0.0011041589989,,benchmark_attested_with_corpus_support
ORG-1751,swapping the,core,3,9,7,true,0.000204473888684,,n_questions_gte_3
ORG-1765,t 2,core,3,1,6,true,0.000449842555106,,n_questions_gte_3
ORG-1767,t lymphotropic,periphery,1,15,4,true,0.00065431644379,,benchmark_attested_with_corpus_support
ORG-1771,tap,periphery,1,6,4,true,0.00163579110948,,benchmark_attested_with_corpus_support
ORG-1772,tar,core,3,5,7,true,0.00114505377663,,n_questions_gte_3
ORG-1773,target cells,periphery,1,0,4,false,0.0103872735452,,benchmark_attested_with_corpus_support
ORG-1774,target host,periphery,1,3,4,false,0.000695211221527,,benchmark_attested_with_corpus_support
ORG-1775,targeting and,periphery,1,0,4,false,0.00192205455363,,benchmark_attested_with_corpus_support
ORG-1778,tbe,periphery,1,2,4,false,0.000245368666421,,benchmark_attested_with_corpus_support
ORG-1779,tbev,periphery,1,2,4,false,0.000490737332843,,benchmark_attested_with_corpus_support
ORG-1781,temperature sensitive,periphery,2,0,5,false,0.0011041589989,,benchmark_attested_with_corpus_support
ORG-1783,testing the,core,2,9,5,true,0.00249458144195,,n_questions_2_largest_component_degree_gte_3
ORG-1795,that the recombinant virus,periphery,1,1,4,false,0.000204473888684,,benchmark_attested_with_corpus_support
ORG-1797,the ability,review,5,7,10,true,0.0379912485176,,corpus_doc_frequency_gt_0.02
ORG-1798,the absence,review,2,7,6,true,0.0267860794177,,corpus_doc_frequency_gt_0.02
ORG-1800,the acquisition,core,2,4,6,true,0.00278084488611,,n_questions_2_largest_component_degree_gte_3
ORG-1801,the affinity,periphery,1,3,4,true,0.00130863288758,,benchmark_attested_with_corpus_support
ORG-1802,the amount,periphery,1,2,4,false,0.00458021510653,,benchmark_attested_with_corpus_support
ORG-1803,the animal,periphery,1,0,4,false,0.00511184721711,,benchmark_attested_with_corpus_support
ORG-1804,the anthrax,periphery,1,1,4,true,0.000899685110211,,benchmark_attested_with_corpus_support
ORG-1806,the antigenic,periphery,1,5,4,true,0.00241279188648,,benchmark_attested_with_corpus_support
ORG-1808,the arginine,periphery,1,1,4,false,0.000490737332843,,benchmark_attested_with_corpus_support
ORG-1809,the availability,core,2,5,5,true,0.0068703226598,,n_questions_2_largest_component_degree_gte_3
ORG-1811,the biology,periphery,1,2,4,true,0.00642048010469,,benchmark_attested_with_corpus_support
ORG-1812,the capacity,periphery,1,3,4,true,0.00854700854701,,benchmark_attested_with_corpus_support
ORG-1813,the capsid,periphery,1,3,4,true,0.00503005766164,,benchmark_attested_with_corpus_support
ORG-1814,the carboxyl,periphery,1,1,4,true,0.000531632110579,,benchmark_attested_with_corpus_support
ORG-1815,the chimeric,periphery,1,0,4,false,0.00237189710874,,benchmark_attested_with_corpus_support
ORG-1817,the choice,periphery,1,1,4,false,0.001554001554,,benchmark_attested_with_corpus_support
ORG-1819,the common,periphery,1,5,4,true,0.00715658610395,,benchmark_attested_with_corpus_support
ORG-1822,the creation,periphery,2,1,7,false,0.00196294933137,,benchmark_attested_with_corpus_support
ORG-1826,the difficulty,core,3,6,5,true,0.0026581605529,,n_questions_gte_3
ORG-1827,the dual,periphery,1,2,4,true,0.00220831799779,,benchmark_attested_with_corpus_support
ORG-1828,the ease,periphery,1,1,4,true,0.000899685110211,,benchmark_attested_with_corpus_support
ORG-1829,the efficient,periphery,1,2,4,true,0.00208563366458,,benchmark_attested_with_corpus_support
ORG-1831,the entire,periphery,1,4,4,false,0.00899685110211,,benchmark_attested_with_corpus_support
ORG-1833,the environment,periphery,1,2,4,false,0.00494826810616,,benchmark_attested_with_corpus_support
ORG-1834,the epstein barr virus,periphery,1,5,4,false,0.011655011655,,benchmark_attested_with_corpus_support
ORG-1835,the equilibrium,periphery,1,1,4,false,0.000327158221895,,benchmark_attested_with_corpus_support
ORG-1837,the extensive,periphery,1,1,4,true,0.00171758066495,,benchmark_attested_with_corpus_support
ORG-1841,the foreign,periphery,1,3,4,true,0.000858790332475,,benchmark_attested_with_corpus_support
ORG-1842,the furin,periphery,2,1,5,true,0.000122684333211,,benchmark_attested_with_corpus_support
ORG-1843,the fusion,periphery,1,0,4,false,0.00372142477406,,benchmark_attested_with_corpus_support
ORG-1844,the gene,periphery,1,2,4,false,0.0182390708706,,benchmark_attested_with_corpus_support
ORG-1846,the genetic,core,2,4,6,true,0.0163579110948,,n_questions_2_largest_component_degree_gte_3
ORG-1847,the global,periphery,1,5,4,true,0.0179937022042,,benchmark_attested_with_corpus_support
ORG-1848,the growth,periphery,1,1,4,false,0.0100192205455,,benchmark_attested_with_corpus_support
ORG-1849,the herpes,core,2,5,6,true,0.00539811066127,,n_questions_2_largest_component_degree_gte_3
ORG-1850,the herpes simplex virus,core,10,15,6,true,0.00323068744121,,n_questions_gte_3
ORG-1851,the high,review,2,4,6,true,0.0204064940907,,corpus_doc_frequency_gt_0.02
ORG-1852,the higher,periphery,1,1,4,true,0.00314889788574,,benchmark_attested_with_corpus_support
ORG-1853,the hydrophobic,periphery,1,1,4,true,0.000777000777001,,benchmark_attested_with_corpus_support
ORG-1855,the immunomodulatory,periphery,1,4,4,true,0.00118594855437,,benchmark_attested_with_corpus_support
ORG-1856,the impact,review,1,0,4,false,0.0328385065227,,corpus_doc_frequency_gt_0.02
ORG-1857,the inability,periphery,1,3,4,true,0.00462110988427,,benchmark_attested_with_corpus_support
ORG-1858,the inclusion,periphery,1,2,4,true,0.00273995010837,,benchmark_attested_with_corpus_support
ORG-1859,the increased,core,4,4,9,true,0.00637958532695,,n_questions_gte_3
ORG-1860,the influenza a virus,periphery,1,0,4,false,0.000981474665685,,benchmark_attested_with_corpus_support
ORG-1861,the inhibitor,periphery,1,1,4,false,0.00179937022042,,benchmark_attested_with_corpus_support
ORG-1862,the initial,review,1,1,4,false,0.0132908027645,,frequent_out_of_domain_matcher
ORG-1863,the insert,periphery,1,0,4,false,0.000531632110579,,benchmark_attested_with_corpus_support
ORG-1864,the insertion,periphery,1,1,4,false,0.00273995010837,,benchmark_attested_with_corpus_support
ORG-1865,the instability,periphery,1,3,4,true,0.000490737332843,,benchmark_attested_with_corpus_support
ORG-1866,the interaction,periphery,1,3,4,true,0.017871017871,,benchmark_attested_with_corpus_support
ORG-1867,the lack,core,4,5,7,true,0.0131681184313,,n_questions_gte_3
ORG-1868,the large,periphery,1,1,4,false,0.00658405921564,,benchmark_attested_with_corpus_support
ORG-1869,the leaves,periphery,1,2,4,false,0.000327158221895,,benchmark_attested_with_corpus_support
ORG-1870,the likelihood,periphery,1,2,4,false,0.00294442399706,,benchmark_attested_with_corpus_support
ORG-1872,the magnitude,periphery,1,1,4,false,0.00597063754958,,benchmark_attested_with_corpus_support
ORG-1874,the minimal,periphery,1,2,4,false,0.00527542632806,,benchmark_attested_with_corpus_support
ORG-1876,the mutants,periphery,1,1,4,false,0.00134952766532,,benchmark_attested_with_corpus_support
ORG-1877,the mutation,periphery,2,2,5,false,0.00826074510285,,benchmark_attested_with_corpus_support
ORG-1879,the mutations,core,3,5,7,true,0.00380321432953,,n_questions_gte_3
ORG-1881,the need,review,1,3,4,true,0.0276857645279,,corpus_doc_frequency_gt_0.02
ORG-1883,the non specific,periphery,1,4,4,true,0.000368052999632,,benchmark_attested_with_corpus_support
ORG-1885,the orientation,periphery,1,6,4,true,0.000245368666421,,benchmark_attested_with_corpus_support
ORG-1887,the pathogen,core,3,4,6,true,0.0113687482109,,n_questions_gte_3
ORG-1890,the possibility,periphery,1,2,4,false,0.0172984909827,,benchmark_attested_with_corpus_support
ORG-1893,the preferential,periphery,1,1,4,true,0.000490737332843,,benchmark_attested_with_corpus_support
ORG-1895,the presence of virus,periphery,1,0,4,false,0.000327158221895,,benchmark_attested_with_corpus_support
ORG-1896,the prevalence,periphery,1,3,4,true,0.016317016317,,benchmark_attested_with_corpus_support
ORG-1897,the primary,review,1,1,4,false,0.0238825501983,,frequent_out_of_domain_matcher
ORG-1898,the rapid,core,3,9,7,true,0.0113278534331,,n_questions_gte_3
ORG-1899,the reassortment,periphery,1,5,4,true,0.000286263444158,,benchmark_attested_with_corpus_support
ORG-1900,the recombinant,periphery,1,3,4,true,0.0131681184313,,benchmark_attested_with_corpus_support
ORG-1901,the recombinant viruses,periphery,1,3,4,true,0.00130863288758,,benchmark_attested_with_corpus_support
ORG-1902,the reduction,periphery,1,2,4,true,0.00445753077332,,benchmark_attested_with_corpus_support
ORG-1903,the region,periphery,1,1,4,false,0.00408947777369,,benchmark_attested_with_corpus_support
ORG-1905,the replication,periphery,1,4,4,true,0.0138224348751,,benchmark_attested_with_corpus_support
ORG-1906,the requirement,core,2,5,5,true,0.00429395166237,,n_questions_2_largest_component_degree_gte_3
ORG-1907,the residue,periphery,1,0,4,false,0.000695211221527,,benchmark_attested_with_corpus_support
ORG-1908,the resistance,core,2,7,5,true,0.00433484644011,,n_questions_2_largest_component_degree_gte_3
ORG-1909,the rice,periphery,1,2,4,true,0.000490737332843,,benchmark_attested_with_corpus_support
ORG-1910,the risk,review,1,2,4,false,0.0395043552938,,corpus_doc_frequency_gt_0.02
ORG-1912,the sars cov 2 virus,periphery,1,1,4,true,0.00323068744121,,benchmark_attested_with_corpus_support
ORG-1913,the small,periphery,1,3,4,true,0.00543900543901,,benchmark_attested_with_corpus_support
ORG-1914,the smaller,periphery,1,2,4,true,0.000777000777001,,benchmark_attested_with_corpus_support
ORG-1915,the soluble,periphery,1,0,4,false,0.000777000777001,,benchmark_attested_with_corpus_support
ORG-1917,the specificity,periphery,1,0,4,false,0.00507095243937,,benchmark_attested_with_corpus_support
ORG-1918,the stable,periphery,1,4,4,true,0.00126773810984,,benchmark_attested_with_corpus_support
ORG-1919,the strain,periphery,1,2,4,false,0.00294442399706,,benchmark_attested_with_corpus_support
ORG-1920,the strong,periphery,1,1,4,true,0.00208563366458,,benchmark_attested_with_corpus_support
ORG-1921,the suppression,periphery,1,3,4,true,0.0181981760929,,benchmark_attested_with_corpus_support
ORG-1922,the system,review,1,3,4,false,0.00368052999632,,frequent_out_of_domain_matcher
ORG-1923,the technical,periphery,1,1,4,false,0.000817895554738,,benchmark_attested_with_corpus_support
ORG-1924,the temperature,periphery,1,2,4,false,0.00114505377663,,benchmark_attested_with_corpus_support
ORG-1925,the testing,periphery,1,2,4,true,0.000981474665685,,benchmark_attested_with_corpus_support
ORG-1927,the timing,periphery,1,0,4,false,0.00237189710874,,benchmark_attested_with_corpus_support
ORG-1928,the toxin,periphery,1,2,4,true,0.00134952766532,,benchmark_attested_with_corpus_support
ORG-1931,the underlying,periphery,2,0,5,false,0.014763014763,,benchmark_attested_with_corpus_support
ORG-1932,the unique,periphery,1,3,4,true,0.00670674354885,,benchmark_attested_with_corpus_support
ORG-1934,the use,review,7,13,9,true,0.0463337831759,,frequent_out_of_domain_matcher
ORG-1935,the variable,periphery,1,6,4,true,0.00318979266348,,benchmark_attested_with_corpus_support
ORG-1936,the vector,periphery,1,3,4,true,0.00830163988059,,benchmark_attested_with_corpus_support
ORG-1941,the wheat,periphery,1,2,4,true,0.000449842555106,,benchmark_attested_with_corpus_support
ORG-1943,their broad,periphery,1,3,4,true,0.000327158221895,,benchmark_attested_with_corpus_support
ORG-1944,their genomes,periphery,1,2,4,false,0.00126773810984,,benchmark_attested_with_corpus_support
ORG-1945,their tropism,periphery,1,3,4,true,0.000286263444158,,benchmark_attested_with_corpus_support
ORG-1948,there are,review,2,1,5,true,0.0309573467468,,frequent_out_of_domain_matcher
ORG-1949,these cells,periphery,1,2,4,false,0.0159489633174,,benchmark_attested_with_corpus_support
ORG-1952,these viruses,periphery,1,3,4,true,0.0197521776469,,benchmark_attested_with_corpus_support
ORG-1953,they act,core,5,5,6,true,0.000163579110948,,n_questions_gte_3
ORG-1954,they allow,core,3,6,7,true,0.000163579110948,,n_questions_gte_3
ORG-1956,they are,review,12,17,9,true,0.0173393857604,,frequent_out_of_domain_matcher
ORG-1958,they can,core,3,8,6,true,0.00695211221527,,n_questions_gte_3
ORG-1959,they cannot,periphery,1,4,4,true,0.000408947777369,,benchmark_attested_with_corpus_support
ORG-1961,they contain,periphery,1,3,4,true,0.000449842555106,,benchmark_attested_with_corpus_support
ORG-1963,they determine,periphery,2,2,5,true,8.17895554738e-05,,benchmark_attested_with_corpus_support
ORG-1966,they encode,periphery,1,1,4,true,0.000245368666421,,benchmark_attested_with_corpus_support
ORG-1967,they enhance,core,3,2,7,true,0.000122684333211,,n_questions_gte_3
ORG-1969,they have,core,2,5,4,true,0.00605242710506,,n_questions_2_largest_component_degree_gte_3
ORG-1970,they may,periphery,1,2,4,true,0.00359874044085,,benchmark_attested_with_corpus_support
ORG-1972,they regulate,core,2,3,5,true,0.000204473888684,,n_questions_2_largest_component_degree_gte_3
ORG-1973,they serve,core,3,6,6,true,0.000286263444158,,n_questions_gte_3
ORG-1974,third generation,core,4,3,6,true,0.00126773810984,,n_questions_gte_3
ORG-1975,this allows,periphery,1,6,4,true,0.000572526888316,,benchmark_attested_with_corpus_support
ORG-1976,this enables,periphery,1,3,4,true,0.000204473888684,,benchmark_attested_with_corpus_support
ORG-1979,this method,periphery,1,3,4,true,0.00670674354885,,benchmark_attested_with_corpus_support
ORG-1980,this step,periphery,1,1,4,false,0.000245368666421,,benchmark_attested_with_corpus_support
ORG-1981,those who,periphery,1,0,4,false,0.00703390177074,,benchmark_attested_with_corpus_support
ORG-1982,thp 1,periphery,1,1,4,false,0.00106326422116,,benchmark_attested_with_corpus_support
ORG-1983,three dimensional,periphery,1,0,4,false,0.00229010755327,,benchmark_attested_with_corpus_support
ORG-1985,through specific,periphery,1,1,4,true,0.000368052999632,,benchmark_attested_with_corpus_support
ORG-1986,through the,review,1,3,4,true,0.0365599312968,,frequent_out_of_domain_matcher
ORG-1989,thymidine kinase,periphery,1,1,4,false,0.00229010755327,,benchmark_attested_with_corpus_support
ORG-1990,tick borne,periphery,1,2,4,false,0.00224921277553,,benchmark_attested_with_corpus_support
ORG-1991,ticks and,periphery,1,1,4,false,0.000449842555106,,benchmark_attested_with_corpus_support
ORG-1993,tightly regulated,periphery,1,1,4,false,0.00114505377663,,benchmark_attested_with_corpus_support
ORG-1994,tigit,periphery,1,2,4,true,0.000204473888684,,benchmark_attested_with_corpus_support
ORG-1999,tmprss2,periphery,1,0,4,false,0.000817895554738,,benchmark_attested_with_corpus_support
ORG-2000,tnfr,periphery,1,5,4,false,0.000449842555106,,benchmark_attested_with_corpus_support
ORG-2011,to enhance the virus,core,6,12,9,true,0.000204473888684,,n_questions_gte_3
ORG-2017,to generate recombinant viruses,periphery,2,1,6,true,0.000163579110948,,benchmark_attested_with_corpus_support
ORG-2020,to increase the virus,core,2,8,5,true,4.08947777369e-05,,n_questions_2_largest_component_degree_gte_3
ORG-2023,to protect the virus,core,2,10,6,true,8.17895554738e-05,,n_questions_2_largest_component_degree_gte_3
ORG-2032,transfection with,periphery,1,3,4,false,0.001554001554,,benchmark_attested_with_corpus_support
ORG-2034,transfer the,periphery,1,5,4,false,0.000940579887948,,benchmark_attested_with_corpus_support
ORG-2036,transformation associated,core,3,7,6,true,0.000286263444158,,n_questions_gte_3
ORG-2037,transient transfection,periphery,1,3,4,true,0.000777000777001,,benchmark_attested_with_corpus_support
ORG-2038,transmission of influenza viruses,core,2,3,6,true,0.000122684333211,,n_questions_2_largest_component_degree_gte_3
ORG-2040,transmission of the virus,core,3,5,7,true,0.00147221199853,,n_questions_gte_3
ORG-2052,trojan horse,core,2,7,5,true,0.000245368666421,,n_questions_2_largest_component_degree_gte_3
ORG-2054,trp and,periphery,1,1,4,false,0.000286263444158,,benchmark_attested_with_corpus_support
ORG-2057,tumor associated,periphery,1,2,4,false,0.00482558377295,,benchmark_attested_with_corpus_support
ORG-2058,tumor specific,periphery,1,4,4,true,0.00535721588353,,benchmark_attested_with_corpus_support
ORG-2059,two part,periphery,1,3,4,true,0.000286263444158,,benchmark_attested_with_corpus_support
ORG-2060,two plasmid,periphery,1,0,4,false,0.000408947777369,,benchmark_attested_with_corpus_support
ORG-2061,two stage,periphery,1,1,4,false,0.00065431644379,,benchmark_attested_with_corpus_support
ORG-2062,two strains,periphery,1,2,4,false,0.0011041589989,,benchmark_attested_with_corpus_support
ORG-2069,ul13,periphery,2,2,5,false,4.08947777369e-05,,benchmark_attested_with_corpus_support
ORG-2070,ul18,periphery,2,2,4,true,0.000122684333211,,benchmark_attested_with_corpus_support
ORG-2076,ul41,periphery,2,2,5,true,0.000122684333211,,benchmark_attested_with_corpus_support
ORG-2077,ul42,periphery,2,2,6,true,0.000122684333211,,benchmark_attested_with_corpus_support
ORG-2091,upr,periphery,1,3,4,true,0.000408947777369,,benchmark_attested_with_corpus_support
ORG-2094,us3,periphery,1,0,4,false,0.000368052999632,,benchmark_attested_with_corpus_support
ORG-2105,using recombinant,periphery,1,5,4,false,0.00167668588721,,benchmark_attested_with_corpus_support
ORG-2108,using viral,periphery,1,0,4,false,0.00118594855437,,benchmark_attested_with_corpus_support
ORG-2110,v cholerae,periphery,1,2,4,true,0.001554001554,,benchmark_attested_with_corpus_support
ORG-2111,vac,periphery,1,2,4,true,0.000981474665685,,benchmark_attested_with_corpus_support
ORG-2113,vaccination may,periphery,1,0,4,false,0.00147221199853,,benchmark_attested_with_corpus_support
ORG-2114,vaccine induced,core,2,11,6,true,0.00777000777001,,n_questions_2_largest_component_degree_gte_3
ORG-2115,vaccinia virus,core,7,9,11,true,0.0159080685396,,n_questions_gte_3
ORG-2116,vacv,core,3,2,7,false,0.00359874044085,,n_questions_gte_3
ORG-2118,variant specific,periphery,1,1,4,false,0.000572526888316,,benchmark_attested_with_corpus_support
ORG-2120,varicella zoster,review,1,4,4,true,0.0273177115282,,corpus_doc_frequency_gt_0.02
ORG-2125,veev,periphery,1,15,4,true,0.000449842555106,,benchmark_attested_with_corpus_support
ORG-2126,venezuelan equine,periphery,1,0,4,false,0.000490737332843,,benchmark_attested_with_corpus_support
ORG-2129,vero cells,periphery,1,1,4,false,0.00163579110948,,benchmark_attested_with_corpus_support
ORG-2134,vibrio parahaemolyticus,core,3,2,5,false,0.000695211221527,,n_questions_gte_3
ORG-2135,vil 10,core,3,6,6,true,0.000163579110948,,n_questions_gte_3
ORG-2136,vil 6,periphery,1,2,4,true,0.000327158221895,,benchmark_attested_with_corpus_support
ORG-2137,viral adaptation,periphery,1,0,4,false,0.000777000777001,,benchmark_attested_with_corpus_support
ORG-2138,viral based,periphery,1,1,4,false,0.000449842555106,,benchmark_attested_with_corpus_support
ORG-2139,viral envelope,core,2,6,4,true,0.00433484644011,,n_questions_2_largest_component_degree_gte_3
ORG-2140,viral genes,periphery,1,2,4,false,0.0103054839897,,benchmark_attested_with_corpus_support
ORG-2141,viral genome,review,2,2,5,true,0.0208972314235,,corpus_doc_frequency_gt_0.02
ORG-2142,viral immediate early,periphery,1,6,4,true,0.000449842555106,,benchmark_attested_with_corpus_support
ORG-2143,viral inhibitor,periphery,1,6,4,true,0.000817895554738,,benchmark_attested_with_corpus_support
ORG-2144,viral interleukin,periphery,1,6,4,true,0.000286263444158,,benchmark_attested_with_corpus_support
ORG-2145,viral origin,periphery,1,2,4,true,0.000858790332475,,benchmark_attested_with_corpus_support
ORG-2146,viral promoters,periphery,1,1,4,true,0.000899685110211,,benchmark_attested_with_corpus_support
ORG-2147,viral protein,review,1,0,4,false,0.0280129227498,,corpus_doc_frequency_gt_0.02
ORG-2151,virology and,periphery,1,3,4,false,0.00102236944342,,benchmark_attested_with_corpus_support
ORG-2153,virulence of the virus,core,3,2,5,false,0.000408947777369,,n_questions_gte_3
ORG-2155,virus antigen,periphery,1,0,4,false,0.00102236944342,,benchmark_attested_with_corpus_support
ORG-2156,virus associated,periphery,1,1,4,false,0.0139451192083,,benchmark_attested_with_corpus_support
ORG-2157,virus based,periphery,1,3,4,true,0.00478468899522,,benchmark_attested_with_corpus_support
ORG-2158,virus can,periphery,1,2,4,true,0.00560258454995,,benchmark_attested_with_corpus_support
ORG-2159,virus encoded,periphery,1,0,4,false,0.00785179732548,,benchmark_attested_with_corpus_support
ORG-2160,virus host,periphery,1,1,4,true,0.00736105999264,,benchmark_attested_with_corpus_support
ORG-2161,virus infections,periphery,1,1,4,false,0.010264589212,,benchmark_attested_with_corpus_support
ORG-2162,virus like,periphery,1,3,4,true,0.00339426655216,,benchmark_attested_with_corpus_support
ORG-2163,virus replication,review,2,1,6,false,0.0206927575349,,corpus_doc_frequency_gt_0.02
ORG-2164,virus shedding,periphery,1,2,4,true,0.00278084488611,,benchmark_attested_with_corpus_support
ORG-2165,virus spread,periphery,1,1,4,false,0.00372142477406,,benchmark_attested_with_corpus_support
ORG-2167,viruses can,periphery,1,1,4,false,0.00670674354885,,benchmark_attested_with_corpus_support
ORG-2168,viruses cannot,periphery,1,1,4,true,0.000286263444158,,benchmark_attested_with_corpus_support
ORG-2169,viruses require,periphery,1,0,4,false,0.000449842555106,,benchmark_attested_with_corpus_support
ORG-2170,viruses that,periphery,1,3,4,true,0.0130045393203,,benchmark_attested_with_corpus_support
ORG-2171,viruses with,periphery,1,0,4,false,0.0128409602094,,benchmark_attested_with_corpus_support
ORG-2172,vlp,periphery,1,1,4,false,0.00175847544269,,benchmark_attested_with_corpus_support
ORG-2174,vp1,core,6,17,8,true,0.000940579887948,,n_questions_gte_3
ORG-2175,vp16,core,4,6,8,true,0.000777000777001,,n_questions_gte_3
ORG-2176,vp2,core,2,8,5,true,0.00102236944342,,n_questions_2_largest_component_degree_gte_3
ORG-2177,vp3,core,2,10,5,true,0.000572526888316,,n_questions_2_largest_component_degree_gte_3
ORG-2178,vp35,periphery,1,2,4,true,0.000204473888684,,benchmark_attested_with_corpus_support
ORG-2179,vp4,core,4,8,5,true,0.000817895554738,,n_questions_gte_3
ORG-2181,vp5,periphery,1,2,4,true,0.000204473888684,,benchmark_attested_with_corpus_support
ORG-2182,vp6,core,2,3,5,true,0.000408947777369,,n_questions_2_largest_component_degree_gte_3
ORG-2183,vp7,core,2,5,5,true,0.000777000777001,,n_questions_2_largest_component_degree_gte_3
ORG-2184,vp8,core,2,3,5,true,0.000408947777369,,n_questions_2_largest_component_degree_gte_3
ORG-2187,vsv,core,3,4,7,true,0.00241279188648,,n_questions_gte_3
ORG-2189,vzv,core,2,4,4,true,0.0195068089805,,n_questions_2_largest_component_degree_gte_3
ORG-2192,well described,periphery,1,1,4,false,0.00212652844232,,benchmark_attested_with_corpus_support
ORG-2193,well known,periphery,1,0,4,false,0.00916043021306,,benchmark_attested_with_corpus_support
ORG-2200,what are,review,1,3,4,false,0.00065431644379,,frequent_out_of_domain_matcher
ORG-2201,what can,periphery,1,1,4,false,0.000245368666421,,benchmark_attested_with_corpus_support
ORG-2207,what conditions,periphery,2,1,6,true,4.08947777369e-05,,benchmark_attested_with_corpus_support
ORG-2208,what does,review,2,4,6,true,0.000204473888684,,frequent_out_of_domain_matcher
ORG-2213,what genes,periphery,2,1,5,true,4.08947777369e-05,,benchmark_attested_with_corpus_support
ORG-2226,what potential,periphery,2,1,6,false,8.17895554738e-05,,benchmark_attested_with_corpus_support
ORG-2231,what role,periphery,1,4,4,true,0.000204473888684,,benchmark_attested_with_corpus_support
ORG-2240,what type,core,2,5,6,true,8.17895554738e-05,,n_questions_2_largest_component_degree_gte_3
ORG-2244,what was,core,15,15,12,true,0.000531632110579,,n_questions_gte_3
ORG-2246,when assessing,periphery,1,0,4,false,0.000531632110579,,benchmark_attested_with_corpus_support
ORG-2247,when comparing,periphery,1,1,4,false,0.000858790332475,,benchmark_attested_with_corpus_support
ORG-2248,when considering,periphery,1,0,4,false,0.000981474665685,,benchmark_attested_with_corpus_support
ORG-2249,when constructing,core,4,4,8,false,4.08947777369e-05,,n_questions_gte_3
ORG-2251,when designing,periphery,1,0,4,false,0.000449842555106,,benchmark_attested_with_corpus_support
ORG-2256,when using,core,3,6,6,true,0.00253547621969,,n_questions_gte_3
ORG-2257,where are,periphery,1,1,4,true,0.000408947777369,,benchmark_attested_with_corpus_support
ORG-2260,which are,review,1,1,4,true,0.0315707684129,,corpus_doc_frequency_gt_0.02
ORG-2269,which factor,core,2,3,4,true,0.000204473888684,,n_questions_2_largest_component_degree_gte_3
ORG-2273,which host,periphery,1,2,4,false,0.000327158221895,,benchmark_attested_with_corpus_support
ORG-2275,which method,core,2,3,5,true,0.000163579110948,,n_questions_2_largest_component_degree_gte_3
ORG-2280,which process,core,2,7,6,true,4.08947777369e-05,,n_questions_2_largest_component_degree_gte_3
ORG-2281,which protein,periphery,1,1,4,true,0.000204473888684,,benchmark_attested_with_corpus_support
ORG-2284,which specific,periphery,1,3,4,true,0.000490737332843,,benchmark_attested_with_corpus_support
ORG-2294,which two,periphery,1,1,4,false,0.000368052999632,,benchmark_attested_with_corpus_support
ORG-2298,which virus,periphery,2,3,5,false,0.000817895554738,,benchmark_attested_with_corpus_support
ORG-2303,whole body,periphery,1,0,4,false,0.000777000777001,,benchmark_attested_with_corpus_support
ORG-2304,whole genome,periphery,1,3,4,true,0.00736105999264,,benchmark_attested_with_corpus_support
ORG-2306,wild type,review,5,9,7,true,0.0427759375128,,corpus_doc_frequency_gt_0.02
ORG-2313,within host,periphery,1,0,4,false,0.00143131722079,,benchmark_attested_with_corpus_support
ORG-2326,yeast based,periphery,1,4,4,true,0.000245368666421,,benchmark_attested_with_corpus_support
ORG-2328,yeast cells,periphery,1,4,4,true,0.000245368666421,,benchmark_attested_with_corpus_support
ORG-2331,yellow fever virus,core,3,3,5,false,0.00102236944342,,n_questions_gte_3
ORG-2332,yersinia pestis,core,12,28,8,true,0.00253547621969,,n_questions_gte_3
ORG-2335,you are,review,4,5,6,true,4.08947777369e-05,,frequent_out_of_domain_matcher
ORG-2337,you have,review,4,4,10,false,8.17895554738e-05,,frequent_out_of_domain_matcher
ORG-2340,zikv,core,4,4,8,true,0.00298531877479,,n_questions_gte_3
