organism_id	name_normalized	row_id	matched_field	context_left	matched_span	context_right	reviewer_is_target_agent	reviewer_is_true_match	reviewer_notes
ORG-1986	through the	104	abstract	are shown to overcome the limitations of previous proposals 	through the	 analysis of illustrative examples on disease resistance, wi			
ORG-0858	human cytomegalovirus	5333	title	Vaccine Platform Enables the Generation of Epitope Specific 	Human Cytomegalovirus	 Antibodies			
ORG-0188	bacteria	86	abstract	ncidence of bacterial pneumonia and the number of colonized 	bacteria	 have decreased. However, respiratory viruses are still an i			
ORG-2260	which are	111	abstract	nd thus likely inhibiting viral infection and pathogenesis, 	which are	 merited to be tested in the future. Finally, we discussed h			
ORG-1089	long term	248	abstract	fects appeared shortly, raising concerns about the possible 	long-term	 detrimental effects on human cognition. It remains unresolv			
ORG-0970	influenza virus	68	abstract	alysis of the cell type-specific host antiviral response to 	influenza virus	 infection in its natural target cells – namely, the human r			
ORG-0970	influenza virus	28	abstract	oV-2 ranges from 5.12 × 10−8 to 9.25 × 10−9, while seasonal 	influenza virus	 has a higher evolutionary rate (3.60-8.00 × 10−3). Overall,			
ORG-0895	ifn	114	abstract	 secreted significantly higher levels of type I interferon (	IFN	) but produced significantly lower levels of pro-inflammator			
ORG-2260	which are	94	abstract	 and minimal cytoplasmic spaces, by fluorescent microscopy, 	which are	 contradictory with entry into the DPQ state in other bacter			
ORG-0858	human cytomegalovirus	4525	title	Differences in Growth Properties among Two 	Human Cytomegalovirus	 Glycoprotein O Genotypes			
ORG-2120	varicella zoster	6784	title	Species-specific differentiation of variola, monkeypox, and 	varicella-zoster	 viruses by multiplex real-time PCR assay			
ORG-1910	the risk	132	abstract	are needs. Some of the ritualistic practices could heighten 	the risk	 for transmission of paracellular endosomes. The RVID-42 pan			
ORG-0854	hsv 1	6951	abstract	 compared the serology of TcCRA to other serologies such as 	HSV 1	/2, EBV, HHV-6, CMV, VZV, adenovirus, parvovirus B19, mumps 			
ORG-1934	the use	195	abstract	ional methods. However, especially for food microorganisms, 	the use	 of traditional microbiological control techniques is time-c			
ORG-1797	the ability	170	abstract	 4.5.2.1 B(J7) viruses could cause an influenza pandemic if 	the ability	 to transmit efficiently among humans was gained. Therefore,			
ORG-0302	cd4	143	title	 in vitro and in silico techniques to assess cross-reactive 	CD4	+ T cells against the swine-origin H1N1 influenza virus			
ORG-0188	bacteria	94	abstract	ch are contradictory with entry into the DPQ state in other 	bacteria	. Finally, we demonstrated suppression of a large number of 			
ORG-0854	hsv 1	7432	abstract	 (VV), Vesicular Stomatitis virus (VSV) and Herpes virus-1 (	HSV-1	). The impact of these ICPs was tested on the potency of the			
ORG-0963	infection with	298	title	 of Intracellular Transcriptional Response of NHBE Cells to 	Infection with	 SARS-CoV-2 Washington and New York Strains			
ORG-0970	influenza virus	52	abstract	e between seasonal influenza vaccine and potential pandemic 	influenza virus	 has important implications for public health. Previous stud			
ORG-1353	pathogenic avian influenza virus	878	title	Isolation and characterization of highly 	pathogenic avian influenza virus	 subtype H5N1 from donkeys			
ORG-1631	self limiting	3384	abstract	dverse events with FMT have been reported. These range from 	self-limiting	 abdominal pain to death due to severe sepsis. This review f			
ORG-0049	adenoviral vectors	6656	title	sm-Modification Strategies for Targeted Gene Delivery Using 	Adenoviral Vectors				
ORG-1511	recombinant viruses	2866	abstract	o better elucidate the role of each mutations, we generated 	recombinant viruses	 carrying single mutations or both mutations concurrently. T			
ORG-0560	enhance viral	965	abstract	no established therapies for COVID-19 treatment, drugs that 	enhance viral	 absorption are a promising target; specifically, the auxili			
ORG-1850	the herpes simplex virus	9491	title	Increased neurovirulence and reactivation of 	the herpes simplex virus	 type 1 latency associated transcript (LAT) negative mutant 			
ORG-1747	suppressing the	1598	abstract	to investigate some key variants and mutations of the virus 	suppressing the	 current pandemic and their impacts on current management gu			
ORG-1837	the extensive	1064	abstract	"in the development of adjuvanted vaccines against COVID-19.
"	The extensive	 efforts around the globe are being made to develop a suitab			
ORG-1479	qtl	4689	title	f flavor in commercial tomato: the FLORAL4 gene underlies a 	QTL	 for floral aroma volatiles in tomato fruit			
ORG-1176	mpa	935	abstract	Molecular multiplex assays (	MPAs	) for simultaneous detection of severe acute respiratory syn			
ORG-0625	facilitates the	1866	abstract	smission experiments with concordant results. This exercise 	facilitates the	 development of a more heterogeneous protocol for capybara t			
ORG-1231	newcastle disease virus	2761	title	Protective Efficacy of 	Newcastle Disease Virus	 Expressing Soluble Trimeric Hemagglutinin against Highly Pa			
ORG-1593	rt pcr	935	abstract	influenza and respiratory syncytial virus (RSV) in a single 	RT-PCR	 reaction reduce time and increase efficiency to identify mu			
ORG-0801	high expression	2508	abstract	rotect against infection and viral propagation, conversely, 	high expression	 may confer susceptibility to infection. We have identified 			
ORG-1944	their genomes	5848	abstract	man sequencing. However, additional foreground mutations in 	their genomes	 had enhanced validation of the tr lesions and simplified th			
ORG-2141	viral genome	307	abstract	lecular characterizations of infectious pathogens. With the 	viral genome	 data of ZARS-BOV-7 been made available barely years after t			
ORG-0014	a type	1059	abstract	 is the receptor for cellular entry of SARS-CoV-2. ACE-2 is 	a type	 III extracellular phospho-glycoprotein involved in the Klob			
ORG-1896	the prevalence	224	abstract	19 infection may be related to GHE4. Emerging data based on 	the prevalence	 and severity of COVID-19 among those with established low l			
ORG-1935	the variable	1485	abstract	"ates Reporting (GATHER).
Results
In multivariable analysis, "	the variables	 significantly associated with the increased CFRs were perce			
ORG-0471	determining the	405	abstract	he combinations of 220 F and 433 L in LB1 were important in 	determining the	 altered features. Our findings elucidate the specific mutat			
ORG-2136	vil 6	16655	abstract	ors of transcription 1). SCID mice receiving a PPMO against 	vIL-6	 had no engraftment of PEL cells and remained healthy throug			
ORG-1203	n glycosylation	4789	title		N-glycosylation	 of infectious bronchitis virus M41 spike determines recepto			
ORG-1000	introduction into	2218	abstract	merase PA F892T mutation detected in a mild IAV case, whose 	introduction into	 two different recombinant virus backbones, led to increased			
ORG-0845	how might	347	abstract	 dangerous pathogens and prompts questions for biosecurity. 	How might	 biosecurity protections for such research be modernized whi			
ORG-0487	directly targeting	3092	abstract	tonin being the most prominent and widely used example. For 	directly targeting	 the viral polymerase, chlorobase and phosphate mimetics (CP			
ORG-0666	fragment the	17501	abstract	vivo lesion environment. Our approach is to destabilize and 	fragment the	 protein expression profile in KS lesions versus hyper-cance			
ORG-2326	yeast based	13672	title	A 	yeast-based	 assay identifies drugs that interfere with immune evasion o			
ORG-0985	inter species	3847	abstract	ested that the early variation in the SARS-CoV-2 genome was 	inter-species	, with rapid evolution to other coronaviruses. There were fi			
ORG-0337	chip seq	15238	abstract	"ell response to viral infection.
In Brief
Using RNA-seq and "	ChIP-seq	, Geary et al. investigate the impacts of type III interfero			
ORG-0296	cd150	8085	abstract	6 which is ubiquitously expressed on all nucleated cells or 	CD150	 which is expressed on immune cells, to infect cells. To min			
ORG-1092	low copy number	18635	abstract	 is characterized by persistent detection of viral RNA at a 	low copy number	. Individuals with imiHHV-6 can develop HHV-6 disease and ar			
ORG-0307	cef	5927	abstract	cific lymphocyte proliferation response using HVT vector or 	CEF	 cells as control. Furthermore, the percentage of CD8+ cells			
ORG-1043	laboratory acquired	1896	abstract	ized these surfaces, and might act as a potential source of 	laboratory-acquired	 infections. Mapping the microbial community within these bu			
ORG-1003	ip 10	7209	abstract	α, IL-6, IL-12, IL-15, IL-8, MCP-1, MIP-1α, MIP-1β, RANTES, 	IP-10	, MIG, and IFN-α). MDDC infected with XDV or XDV-B and follo			
ORG-1828	the ease	452	abstract	ponsible for COVID-19. The risk of infection is high due to 	the ease	 of transmission, which can occur orally, through droplets, 			
ORG-0813	high virulence	2574	abstract	 molecular factors involved in immune dysregulation and the 	high virulence	 capacity of COVID-19 will help in potential targeted therap			
ORG-0129	apobec3	21841	title	Mutational pressure by host 	APOBEC3s	 more strongly affects genes expressed early in the lytic ph			
ORG-2183	vp7	4779	title	pecific Interactions between the Viral Capsid Proteins VP4, 	VP7	 and VP6 Influence Rescue of Rotavirus Reassortants by Rever			
ORG-1327	orf63	18781	title	Varicella-Zoster Virus Genome Demonstrates That VLT and VLT-	ORF63	 Proteins Are Dispensable for Lytic Infection			
ORG-1576	ricin toxin	22785	title	Introduction to the Toxins Special Issue “	Ricin Toxins	”			
