organism_id,proposal_index,required_dimension,generation_call_id,repair_call_id,outcome,outcome_detail,deterministic_repair_event_id
ORG-0053,0,immunology_host_response,ORG-0053-p0-generate-a03,,accepted,accepted,
ORG-0919,0,immunology_host_response,ORG-0919-p0-generate-a03,,accepted,accepted,
ORG-0919,1,biochemistry_structural,ORG-0919-p1-generate-a03,,accepted,accepted,
ORG-2070,0,immunology_host_response,ORG-2070-p0-generate-a03,,accepted,accepted,
ORG-1220,0,immunology_host_response,ORG-1220-p0-generate-a03,,accepted,accepted,
ORG-2038,0,biochemistry_structural,ORG-2038-p0-generate-a03,,accepted,accepted,
ORG-2038,1,environmental_stability,ORG-2038-p1-generate-a03,,accepted,accepted,
ORG-1954,0,biochemistry_structural,ORG-1954-p0-generate-a03,,accepted,accepted,
ORG-1954,1,immunology_host_response,ORG-1954-p1-generate-a03,,accepted,accepted,
ORG-0354,0,biochemistry_structural,ORG-0354-p0-generate-a03,,accepted,accepted,
ORG-0866,0,immunology_host_response,ORG-0866-p0-generate-a03,,accepted,accepted,
ORG-2135,0,immunology_host_response,ORG-2135-p0-generate-a03,,accepted,accepted,
ORG-0535,0,biochemistry_structural,ORG-0535-p0-generate-a03,,accepted,accepted,
ORG-0535,1,immunology_host_response,ORG-0535-p1-generate-a03,,accepted,accepted,
