candidate_id,retain,canonical_name,entity_type,confidence,reason,batch_index
ORG-0001,True,2009 pandemic H1N1 virus,virus,1.0,Specific named historical virus strain with defined identity and temporal context; concrete standalone entity,0
ORG-0013,False,,,0,Generic fragment without specific parent molecule context; ambiguous across multiple protein complexes,0
ORG-0014,False,,,0,Surface form 'A-type' is an incomplete fragment; lacks specificity as standalone entity without 'inclusion',0
ORG-0020,True,adeno-associated virus,virus,1.0,Unambiguous standard abbreviation (AAV) for specific parvovirus genus; concrete biological entity,0
ORG-0022,True,adeno-associated virus 2,virus,1.0,Specific serotype with defined tropism; unambiguous standard abbreviation representing concrete entity,0
ORG-0027,True,ACE2,protein,1.0,Unambiguous standard abbreviation for angiotensin-converting enzyme 2 receptor protein; named molecular component,0
ORG-0035,False,,,0,Generic cytoskeletal process/mechanism rather than concrete named molecular entity,0
ORG-0045,False,,,0,Represents a functional mechanism/process rather than concrete standalone biological entity or molecular component,0
ORG-0047,True,Adeno-associated Virus,virus,1.0,Specific named virus genus (Dependoparvovirus); concrete biological entity,0
ORG-0048,False,,,0,Broad class of engineered delivery systems; lacks specificity as single concrete entity,0
ORG-0049,False,,,0,Broad unqualified class/category (plural); represents multiple variants rather than specific entity,0
ORG-0051,False,,,0,Generic class of viral vectors; not a specific concrete standalone entity,0
ORG-0052,False,,,0.0,Broad unqualified class of viral vectors; represents a category rather than a specific concrete entity.,1
ORG-0053,True,adenylate cyclase toxin,bacterial toxin,1.0,Specific virulence factor of Bordetella pertussis; concrete named toxin.,1
ORG-0057,True,Aedes aegypti,mosquito species,1.0,Specific mosquito species with established binomial nomenclature; concrete biological entity.,1
ORG-0058,True,Aedes albopictus,mosquito species,1.0,Specific mosquito species with established binomial nomenclature; concrete biological entity.,1
ORG-0072,True,Agrobacterium tumefaciens,bacterium,1.0,Specific named bacterial species; concrete biological entity.,1
ORG-0113,True,Bacillus anthracis spores,biological_structure,1.0,Specific dormant structure of Bacillus anthracis; concrete biological entity.,1
ORG-0121,False,,,0.0,Fragment 'anti-vector' is an incomplete partial phrase; not a standalone entity.,1
ORG-0122,False,,,0.0,Fragment 'antibody-dependent' is an incomplete partial phrase; not a standalone entity.,1
ORG-0125,False,,,0.0,Generic evolutionary mechanism/process (antigenic drift); not a concrete biological entity.,1
ORG-0129,True,APOBEC3,protein_family,1.0,Specific named family of cytidine deaminase enzymes; concrete molecular component.,1
ORG-0141,False,,,0.0,"Surface extraction includes preposition ('as herpes simplex virus'), resulting in a fragment rather than a clean entity mention.",1
ORG-0161,False,,,0.0,Abbreviation 'ATI' is ambiguous without additional context and lacks specified entity type; not an unambiguous standard abbreviation.,1
ORG-0181,True,B. mallei,species,1.0,Specific bacterial species with established taxonomic identity.,2
ORG-0182,True,BAC,molecular_reagent,1.0,Specific molecular cloning vector with defined properties.,2
ORG-0183,True,Bacillus anthracis,species,1.0,Specific bacterial species causing anthrax.,2
ORG-0184,True,Bacillus cereus,species,1.0,Specific bacterial species with established identity.,2
ORG-0185,True,Bacillus globigii,species,1.0,Specific bacterial species used as simulant.,2
ORG-0187,True,Bacillus subtilis,species,1.0,Specific model bacterial species.,2
ORG-0194,False,,,0.0,Unresolved abbreviation lacking grounding rationale or entity classification.,2
ORG-0202,False,,,0.0,Unresolved abbreviation (BBB); ambiguous without specific grounding.,2
ORG-0214,True,BHK-21,cell_line,1.0,Specific immortalized cell line with precise identifier.,2
ORG-0215,True,BHRF1,protein,1.0,Specific viral protein with defined molecular identity.,2
ORG-0229,False,,,0.0,Fragment of anatomical structure; not a standalone named entity.,2
ORG-0233,True,Bordetella pertussis,species,1.0,Specific bacterial species causing whooping cough.,2
ORG-0236,True,botulinum toxin,protein toxin,0.95,Concrete specific protein neurotoxin produced by Clostridium botulinum.,3
ORG-0237,False,,,0.0,Surface form 'Botulism and' is a fragment containing a conjunction; reject fragments per audit rules.,3
ORG-0246,False,,,0.0,"Refers collectively to multiple species within genus (spp = species pluralis), not a concrete single biological entity; reject broad unqualified classes.",3
ORG-0254,True,Burkholderia pseudomallei,bacterium,0.98,Specific named bacterium species with defined taxonomic identity.,3
ORG-0265,True,BZLF1,viral protein,0.95,Specific named viral protein/gene from Epstein-Barr virus with established molecular identity.,3
ORG-0266,True,Clostridium botulinum,bacterium,0.95,Specific named bacterium species; standard abbreviation C. botulinum resolved to full canonical name.,3
ORG-0280,True,Candida auris,fungus,0.98,Specific named fungal pathogen species.,3
ORG-0293,True,Crimean-Congo hemorrhagic fever virus,virus,0.95,Specific named virus; unambiguous standard abbreviation CCHFV resolved to full name.,3
ORG-0296,True,CD150,cell surface receptor,0.95,Specific named cell surface receptor (SLAM) with defined immunological function.,3
ORG-0299,True,CD155,cell surface receptor,0.95,Specific named cell surface receptor (PVR) with defined immunological function.,3
ORG-0300,True,CD163,cell surface receptor,0.95,Specific named scavenger receptor and macrophage marker.,3
ORG-0302,True,CD4,protein,0.95,Specific T-cell surface glycoprotein co-receptor; concrete molecular entity.,3
ORG-0303,True,CD46,protein,0.95,Concrete specific complement regulatory protein (membrane cofactor protein) with defined molecular identity and specific viral receptor function.,4
ORG-0306,True,Canine Distemper Virus,virus,0.95,Specific viral species (morbillivirus) with defined genetic properties and specific gene products (F and H).,4
ORG-0307,True,chicken embryo fibroblasts,cell type,0.95,Specific primary cell culture type derived from chicken embryos with distinct biological identity.,4
ORG-0313,False,,,0.1,"Generic experimental method/technique (cell-free protein synthesis), not a concrete standalone biological entity.",4
ORG-0330,False,,,0.1,"Generic chemical laboratory technique, not a specific biological entity or molecular component.",4
ORG-0332,True,Chikungunya virus,virus,0.95,Specific alphavirus species with defined genetic and antigenic properties.,4
ORG-0335,True,Chinese hamster,organism,0.95,Specific rodent species (Cricetulus griseus) with distinct taxonomic identity.,4
ORG-0337,False,,,0.1,"Experimental technique (Chromatin immunoprecipitation sequencing), not a concrete biological entity or molecular component.",4
ORG-0338,True,Chinese Hamster Ovary cells,cell line,0.95,Specific immortalized cell line (CHO) with distinct biological identity used in research.,4
ORG-0339,False,,,0.1,"Experimental technique (Chromatin immunoprecipitation), not a concrete biological entity.",4
ORG-0361,False,,,0.1,"Generic laboratory technique involving mixed cell cultivation, not a specific concrete biological entity.",4
ORG-0362,False,,,0.1,"Generic molecular process (simultaneous gene expression), not a concrete standalone named entity.",4
ORG-0363,False,,,0.0,"Generic pathological process/class (co-infection), not a concrete standalone biological entity.",5
ORG-0364,False,,,0.0,"Generic pathological process/class in plural form, not a concrete standalone biological entity.",5
ORG-0368,False,,,0.0,"Laboratory technique (co-transfection), not a biological entity, molecular component, toxin, or disease.",5
ORG-0408,True,Corynebacterium diphtheriae,bacterium,1.0,Specific named bacterial species (concrete biological entity).,5
ORG-0414,True,Coxiella burnetii,bacterium,1.0,Specific named bacterial species (concrete biological entity).,5
ORG-0416,False,,,0.0,"Unresolved abbreviation (CPE) representing a generic pathological process, not a concrete entity.",5
ORG-0417,False,,,0.0,"Laboratory technique (CPER), not a biological entity.",5
ORG-0419,True,Cre recombinase,enzyme,1.0,Specific named enzyme (molecular component).,5
ORG-0428,True,Crimean-Congo hemorrhagic fever virus,virus,1.0,Specific named virus (concrete biological entity).,5
ORG-0429,False,,,0.0,"Generic molecular mechanism/class (CRISPR systems), not a concrete standalone entity.",5
ORG-0431,False,,,0.0,"Generic molecular mechanism/system, not a concrete standalone entity.",5
ORG-0433,False,,,0.0,"Generic immunological process (cross-neutralization), not a concrete biological entity.",5
ORG-0434,False,,,0.1,"Generic immunological mechanism/phenomenon (cross-reactivity), not a concrete named biological entity; surface 'cross-react' is a verbal fragment",6
ORG-0437,False,,,0.1,Partial phrase/fragment (surface 'cryo-electron' incomplete); represents imaging technique rather than concrete biological entity,6
ORG-0440,True,Culex pipiens,mosquito species,0.95,Concrete named biological species with taxonomic specificity,6
ORG-0450,True,DC-Sign,receptor,0.9,Unambiguous standard abbreviation for specific C-type lectin receptor protein (CD209),6
ORG-0464,True,Dengue virus,virus,0.95,Specific named virus species with established taxonomic identity,6
ORG-0478,True,disseminated intravascular coagulation,pathological mechanism,0.95,Specific named pathophysiological mechanism; unambiguous standard abbreviation (DIC) for concrete disease process,6
ORG-0480,True,diphtheria toxin,toxin,0.95,Specific named toxin protein from Corynebacterium diphtheriae,6
ORG-0484,False,,,0.1,"Generic experimental methodology/process (directed evolution), not a concrete named biological entity",6
ORG-0492,False,,,0.1,"Generic evolutionary mechanism (diversifying/positive selection), not a concrete named entity",6
ORG-0518,True,EBER,biological_entity,0.9,Unambiguous standard abbreviation for Epstein-Barr virus-encoded small RNA (specific molecular component),6
ORG-0519,True,EBNA-LP,biological_entity,0.9,Unambiguous standard abbreviation for Epstein-Barr virus nuclear antigen leader protein (specific molecular component),6
ORG-0520,True,EBNA1,biological_entity,0.9,Unambiguous standard abbreviation for Epstein-Barr virus nuclear antigen 1 protein (specific molecular component),6
ORG-0521,True,EBNA3C,biological_entity,1.0,Specific Epstein-Barr virus nuclear antigen 3C protein; unambiguous standard abbreviation.,7
ORG-0522,True,Ebola virus,biological_entity,1.0,Specific filovirus species; concrete named viral entity.,7
ORG-0525,True,EBOV,biological_entity,1.0,Unambiguous standard abbreviation for Ebola virus.,7
ORG-0534,True,EDTA,chemical compound,1.0,Specific chemical compound (ethylenediaminetetraacetic acid).,7
ORG-0535,True,EEV,viral particle,1.0,Specific vaccinia virus particle form (Extracellular Enveloped Virus).,7
ORG-0540,True,EGFR,receptor,1.0,Specific epidermal growth factor receptor; standard abbreviation.,7
ORG-0545,False,,,0.0,"Laboratory technique, not a biological entity, molecular component, toxin, or disease.",7
ORG-0547,True,EMS,chemical mutagen,1.0,Specific chemical compound (ethylmethane sulfonate).,7
ORG-0575,False,,,0.0,"Biological process/mechanism, not a concrete standalone named entity.",7
ORG-0584,False,,,0.0,"Generic mechanism/class, not a specific named entity; lacks grounding canonical name.",7
ORG-0585,False,,,0.0,"Generic mechanism/class, not a specific named entity; lacks grounding canonical name.",7
ORG-0588,True,Epsilon toxin,bacterial_toxin,1.0,Specific named toxin from Clostridium perfringens.,7
ORG-0596,True,Escherichia coli,bacterium,1.0,Specific bacterial species with defined taxonomy; concrete biological entity.,8
ORG-0637,True,Flaviviridae,Viral family,1.0,Specific named taxonomic family of viruses; concrete biological entity.,8
ORG-0639,True,Flp-FRT,Site-specific recombination system,0.9,Specific named recombination system derived from yeast; concrete molecular mechanism.,8
ORG-0640,True,Foot-and-Mouth Disease,Viral disease,0.9,Specific named infectious disease of livestock; standard abbreviation FMD resolved in rationale.,8
ORG-0641,True,Foot-and-Mouth Disease Virus,Virus,1.0,Specific virus causing FMD; concrete biological entity.,8
ORG-0667,False,,,0.0,"Generic mutation mechanism/class, not a specific named biological entity.",8
ORG-0670,True,Francisella tularensis,bacterium,1.0,Specific bacterial species; concrete biological entity.,8
ORG-0671,False,,,0.0,Laboratory technique for cell disruption; not a concrete biological entity.,8
ORG-0690,False,,,0.0,Broad unqualified class of protein domains; not a specific named entity.,8
ORG-0691,False,,,0.0,Ambiguous abbreviation (heterotrimeric G-protein vs. viral glycoprotein); unresolved without additional context.,8
ORG-0697,False,,,0.0,Laboratory method for molecule separation; not a biological entity.,8
ORG-0699,False,,,0.0,"Generic biological process/mechanism, not a specific named entity.",8
ORG-0719,False,,,0.0,"Generic biological property/mechanism, not a specific named entity",9
ORG-0720,False,,,0.0,"Generic biological mechanism, not a specific named entity",9
ORG-0721,False,,,0.0,"Generic biological process, not a specific named entity",9
ORG-0733,False,,,0.0,"Laboratory method/technique, not a biological entity or molecular component",9
ORG-0741,True,GM-CSF,cytokine,1.0,Unambiguous standard abbreviation for specific signaling protein,9
ORG-0743,False,,,0.0,Ambiguous abbreviation (multiple expansions possible),9
ORG-0744,False,,,0.0,Ambiguous abbreviation (multiple expansions possible),9
ORG-0753,True,GTP,molecule,1.0,Unambiguous standard abbreviation for specific nucleotide,9
ORG-0754,True,Guinea pig,organism,1.0,Specific named species (Cavia porcellus),9
ORG-0755,True,Guinea pig,organism,1.0,"Specific named species (Cavia porcellus), plural normalized to singular",9
ORG-0760,True,H5N1 influenza A virus,virus,1.0,Specific named viral subtype,9
ORG-0762,True,HA2,protein subunit,1.0,Unambiguous standard abbreviation for hemagglutinin subunit 2,9
ORG-0769,True,Hepatitis A virus,virus,1.0,Unambiguous standard abbreviation (HAV) for a specific human pathogenic virus. Concrete biological entity.,10
ORG-0772,True,Human cytomegalovirus,virus,1.0,Unambiguous standard abbreviation (HCMV) for a specific herpesvirus. Concrete biological entity.,10
ORG-0773,True,Hepatitis C virus,virus,1.0,Unambiguous standard abbreviation (HCV) for a specific human pathogenic virus. Concrete biological entity.,10
ORG-0777,True,HEK-293,cell line,1.0,"Specific, well-established human embryonic kidney cell line. Concrete biological entity.",10
ORG-0778,True,HEK293,cell line,1.0,"Specific, well-established human embryonic kidney cell line. Concrete biological entity.",10
ORG-0779,True,HEK293T,cell line,1.0,"Specific, well-established derivative cell line expressing SV40 large T antigen. Concrete biological entity.",10
ORG-0784,True,hemagglutinin-neuraminidase,protein,0.95,Named molecular component (viral protein) with specific functional identity. Concrete molecular entity.,10
ORG-0786,True,Hendra virus,virus,1.0,Specific named zoonotic virus species. Concrete biological entity.,10
ORG-0788,True,Hepatitis A virus,virus,1.0,Full canonical name of a specific human pathogenic virus. Concrete biological entity.,10
ORG-0789,False,,,0.0,"Epidemiological population-level concept representing an emergent mechanism, not a concrete biological entity, molecular component, toxin, or disease. Reject per generic mechanism exclusion.",10
ORG-0817,False,,,0.0,"Fragment containing comparative modifier ('Higher'), representing a relative property rather than a standalone named entity. Reject per fragment and generic property exclusion.",10
ORG-0825,True,HIV-1,virus,1.0,Unambiguous standard abbreviation for a specific virus type (Human Immunodeficiency Virus type 1). Concrete biological entity.,10
ORG-0826,True,Human coronavirus HKU1,virus,1.0,Specific named virus entity.,11
ORG-0827,True,human metapneumovirus,virus,1.0,Specific named virus entity.,11
ORG-0829,False,,,0.0,Biological process/mechanism; reject per generic mechanism rule.,11
ORG-0851,True,human respiratory syncytial virus,virus,1.0,Specific named virus species.,11
ORG-0852,True,herpes simplex keratitis,disease,1.0,Specific named disease entity.,11
ORG-0854,True,Herpes Simplex Virus Type 1,virus,1.0,Specific virus type/strain.,11
ORG-0855,True,Herpes simplex virus 1,virus,1.0,Specific virus type.,11
ORG-0856,True,Human T-lymphotropic virus,virus,1.0,Specific named virus.,11
ORG-0858,True,Human cytomegalovirus,virus,1.0,Specific named virus.,11
ORG-0861,True,Human Immunodeficiency Virus,virus,1.0,Specific named virus.,11
ORG-0876,False,,,0.0,Generic molecular interaction class; not a concrete standalone entity.,11
ORG-0878,False,,,0.0,Generic protein domain class without specific protein qualification; broad category.,11
ORG-0879,True,I-SceI,protein,1.0,Specific named meganuclease enzyme used as a genetic engineering tool.,12
ORG-0880,True,Influenza A virus,virus,0.95,Standard abbreviation IAV represents a specific viral taxon.,12
ORG-0882,True,ICP0,protein,1.0,Specific immediate-early protein of herpes simplex virus with defined function.,12
ORG-0883,True,ICP27,protein,1.0,Specific herpesvirus regulatory protein (UL54).,12
ORG-0884,True,ICP4,protein,1.0,Specific major regulatory protein of herpes simplex virus.,12
ORG-0885,True,ICP47,protein,1.0,Specific herpes simplex virus protein involved in immune evasion.,12
ORG-0894,True,IFI16,protein,1.0,Specific interferon gamma inducible protein 16.,12
ORG-0898,True,IL-10,protein,1.0,Specific cytokine interleukin-10.,12
ORG-0899,True,IL-12,protein,1.0,Specific cytokine interleukin-12.,12
ORG-0900,True,IL-2,protein,1.0,Specific cytokine interleukin-2.,12
ORG-0901,True,IL-6R,protein,1.0,Specific interleukin-6 receptor protein complex.,12
ORG-0902,True,IL-8,protein,1.0,Specific cytokine interleukin-8.,12
ORG-0930,False,,,0.0,Broad unqualified class; generic morphological structure rather than specific named entity,13
ORG-0967,True,Influenza A virus subtype H7N9,virus,0.95,Specific named viral subtype; concrete biological entity,13
ORG-0968,True,Influenza A virus,virus,0.95,Specific named viral species; concrete taxonomic entity,13
ORG-0969,True,Hemagglutinin,protein,0.9,Specific named viral surface protein; concrete molecular component,13
ORG-0970,False,,,0.0,Broad unqualified taxonomic class; lacks specificity required for concrete entity grounding,13
ORG-0971,True,Inhalation anthrax,disease,0.95,Specific named clinical form of disease; concrete pathological entity,13
ORG-0972,False,,,0.0,"Biological process/mechanism, not a concrete standalone molecular or cellular entity",13
ORG-0988,True,Interferon-gamma,protein,0.95,Specific named cytokine protein; concrete molecular component,13
ORG-0989,True,Interleukin-10,protein,0.95,Specific named cytokine protein; concrete molecular component,13
ORG-0990,True,Interleukin-8,protein,0.95,Specific named cytokine protein; concrete molecular component,13
ORG-1035,False,,,0.0,Fragment/partial phrase; incomplete entity reference,13
ORG-1036,True,KOS,viral strain,0.9,Specific named laboratory strain; unambiguous standard abbreviation,13
ORG-1044,True,LANA,viral protein,0.95,Specific named protein encoded by KSHV; concrete molecular entity,14
ORG-1048,True,Lassa fever,disease,0.95,Specific named infectious disease with defined clinical features,14
ORG-1057,False,,,0.1,Broad unqualified class of gene delivery tools; not a specific named vector,14
ORG-1062,False,,,0.2,Generic descriptive term for a toxin class; ambiguous across multiple pathogens without specific qualifier,14
ORG-1122,True,Marburg virus,virus,0.95,Specific named viral species (Marburg marburgvirus),14
ORG-1127,True,MAVS,protein,0.95,Specific named protein (Mitochondrial antiviral-signaling protein),14
ORG-1129,False,,,0.2,Generic class of molecular motifs; not a specific concrete instance,14
ORG-1130,True,Merkel cell carcinoma,disease,0.95,Specific named cutaneous neuroendocrine carcinoma,14
ORG-1131,True,Merkel cell polyomavirus,virus,0.95,Specific named human polyomavirus species,14
ORG-1133,True,MDCK,cell_line,0.95,Specific established cell line (Madin-Darby canine kidney),14
ORG-1136,True,Measles virus,virus,0.95,Specific named viral species (Morbillivirus measles),14
ORG-1146,True,MERS-CoV,virus,0.95,Specific named coronavirus (Middle East respiratory syndrome coronavirus),14
ORG-1147,True,MERS-CoV,virus,1.0,Specific viral pathogen with defined genomic characteristics; standard scientific nomenclature.,15
ORG-1164,False,,,0.0,"Unresolved abbreviation; canonical name does not disambiguate specific entity (Major Late Promoter) from other biological meanings of MLP (e.g., Myosin Light Chain Phosphatase).",15
ORG-1176,True,mycophenolic acid,chemical_compound,0.9,Specific chemical compound (immunosuppressant drug); abbreviation resolved to unambiguous full name.,15
ORG-1177,True,mononuclear phagocytic system,anatomical_system,0.95,Specific anatomical system comprising defined cell populations (monocytes/macrophages); acronym expanded.,15
ORG-1178,True,Mycobacterium tuberculosis,bacterium,0.95,Specific bacterial species; standard abbreviation expanded to full binomial name.,15
ORG-1179,False,,,0.0,"Broad functional class/mechanism (mucosal immunity), not a concrete standalone biological entity or specific molecular component.",15
ORG-1196,True,Modified Vaccinia Ankara,virus_strain,0.9,Specific viral vector strain; abbreviation resolved to full standard name.,15
ORG-1200,True,Mycobacterium tuberculosis,bacterium,1.0,Specific bacterial species with defined genetic and pathogenic characteristics.,15
ORG-1201,True,Mycoplasma pneumoniae,bacterium,1.0,Specific bacterial species cited as source of defined toxin.,15
ORG-1203,True,N-glycosylation,post-translational_modification,0.85,"Specific, well-defined biochemical process of carbohydrate addition to asparagine residues.",15
ORG-1206,True,nicotinamide adenine dinucleotide,cofactor,0.95,Specific enzymatic cofactor molecule; standard abbreviation expanded to full chemical name.,15
ORG-1215,True,natural killer cells,cell_type,0.9,Specific lymphocyte population; fragment resolved to full cell type name.,15
ORG-1216,False,,,0.1,"Generic evolutionary mechanism/process, not a concrete standalone named biological entity",16
ORG-1218,True,Newcastle disease virus,virus,0.95,Standard unambiguous abbreviation (NDV) for specific virus species (Avian paramyxovirus 1),16
ORG-1219,True,nuclear egress complex,protein_complex,0.95,Specific named viral protein complex responsible for nuclear egress,16
ORG-1220,True,nectin-4,protein,0.95,Specific named cell adhesion molecule and viral receptor,16
ORG-1225,False,,,0.1,"Generic descriptor of nucleic acid orientation/property, not a concrete named entity",16
ORG-1226,False,,,0.1,"Generic descriptor synonymous with negative-sense, represents a property rather than a concrete entity",16
ORG-1228,True,neutrophil extracellular traps,cellular_structure,0.95,Standard abbreviation (NET) for specific named neutrophil-derived cellular structure,16
ORG-1231,True,Newcastle disease virus,virus,0.95,Specific named virus (Avian paramyxovirus type 1) with established taxonomy,16
ORG-1233,True,next-generation sequencing,sequencing_technology,0.95,Standard abbreviation (NGS) for specific named high-throughput sequencing technology,16
ORG-1234,True,Nipah virus,virus,0.95,Specific named zoonotic virus (genus Henipavirus) with established taxonomy,16
ORG-1235,True,Human coronavirus NL63,virus,0.95,Specific named coronavirus species with established taxonomic identity,16
ORG-1236,True,NLRP3,protein,0.9,"Specific named protein (NOD-like receptor family pyrin domain containing 3), core component of inflammasome",16
ORG-1263,True,NS1,protein,0.85,"Specific non-structural protein (NS1), concrete molecular component. Standard abbreviation for a named protein family grounded in viral contexts.",17
ORG-1267,True,NSP3,protein,0.85,"Specific non-structural protein (NSP3), concrete molecular component. Standard abbreviation for a named protein.",17
ORG-1304,False,,,0.0,"Fragment: surface text 'of the Ebola virus' is a prepositional phrase fragment, not a standalone entity.",17
ORG-1305,False,,,0.0,"Fragment: surface text 'of the Epstein-Barr virus' is a prepositional phrase fragment, not a standalone entity.",17
ORG-1326,True,Orf virus,virus,0.95,"Concrete standalone named virus (Parapoxvirus ovis), specific biological entity.",17
ORG-1327,True,ORF63,gene,0.95,"Specific named gene from Varicella-zoster virus, concrete genetic element.",17
ORG-1335,True,Pseudomonas aeruginosa,bacterium,0.95,"Concrete bacterial species, unambiguous standard abbreviation (P. aeruginosa) resolved to canonical name.",17
ORG-1338,False,,,0.0,"Generic mechanism/class: 'packaging signal' refers to a functional class of genetic elements, not a concrete named entity. Broad unqualified class rejected per rules.",17
ORG-1361,False,,,0.0,"Laboratory technique/method (Polymerase Chain Reaction), not a concrete biological entity. Generic methodological mechanism rejected per rules.",17
ORG-1374,True,PERK,protein kinase,0.95,"Specific named protein kinase (PKR-like ER kinase), concrete enzyme entity.",17
ORG-1378,True,pertussis toxin,exotoxin,0.95,"Specific named exotoxin produced by Bordetella pertussis, concrete biological entity.",17
ORG-1395,True,PKR,protein kinase,0.95,"Specific interferon-induced protein kinase (Protein Kinase R), concrete enzyme entity.",17
ORG-1396,True,Phospholipase A2,protein,0.95,"Standard abbreviation for a specific, well-characterized enzyme; concrete protein entity.",18
ORG-1404,True,Plasmodium,organism,0.8,Named genus of parasitic protozoa; concrete taxonomic biological entity.,18
ORG-1407,True,Poliovirus,virus,0.95,Specific virus species with established taxonomic identity; formal name maps to concrete pathogen.,18
ORG-1409,True,poly-A tail,rna_modification,0.9,Concrete structural feature of messenger RNA with defined biological function.,18
ORG-1410,False,,,0.1,"Represents a generic catalytic activity or process, not a concrete physical entity.",18
ORG-1459,True,protective antigen,protein,0.95,Specific named virulence factor and toxin component of Bacillus anthracis.,18
ORG-1464,False,,,0.15,Truncated extraction resolving to a broad enzyme class; lacks the specificity required for a concrete named entity.,18
ORG-1476,True,PVSRIPO,virus,0.95,Specific engineered oncolytic viral strain; discrete concrete biological entity.,18
ORG-1479,False,,,0.1,"Abbreviation for a generic class of genetic regions and mechanisms, not a concrete standalone molecular entity.",18
ORG-1493,True,receptor-binding domain,protein domain,0.95,Specific well-defined protein domain with concrete structural and functional identity.,18
ORG-1494,True,receptor-binding motif,protein motif,0.95,Specific concrete sub-region within a protein that directly contacts a receptor.,18
ORG-1495,True,receptor-binding protein,protein,0.9,Specific concrete viral attachment protein grounded to paramyxovirus context.,18
ORG-1505,False,,,0.1,"Rejected: Generic mechanism fragment describing an interaction process, not a concrete standalone named biological entity.",19
ORG-1509,True,recombinant herpes simplex virus,virus,0.9,Concrete biological entity representing a specific class of engineered viral vectors.,19
ORG-1514,False,,,0.1,"Rejected: Generic laboratory process description, not a named specific protocol or concrete entity.",19
ORG-1540,False,,,0.1,"Rejected: Generic biological process, not a concrete named entity.",19
ORG-1563,True,restriction enzyme,enzyme,0.95,Named class of endonuclease proteins; concrete molecular component.,19
ORG-1564,True,restriction enzyme,enzyme,0.95,Named class of endonuclease proteins (plural form); concrete molecular component.,19
ORG-1568,True,retrovirus vector,viral_vector,0.9,Concrete biological entity class derived from retroviruses.,19
ORG-1569,False,,,0.2,"Rejected: Methodological approach, not a concrete biological entity, molecular component, or abbreviation.",19
ORG-1572,True,RGD motif,amino_acid_motif,0.95,Unambiguous standard abbreviation for arginine-glycine-aspartic acid motif; concrete molecular component.,19
ORG-1585,False,,,0.2,"Rejected: Technique name, not a concrete biological entity, molecular component, or abbreviation.",19
ORG-1593,True,RT-PCR,molecular_technique,0.95,Unambiguous standard abbreviation for reverse transcription polymerase chain reaction.,19
ORG-1600,True,S-protein,protein,0.85,Standard abbreviation for spike protein; named molecular component.,19
ORG-1601,True,SA11,organism,0.9,"Specific virus strain (Simian Agent 11), concrete named biological entity.",20
ORG-1622,False,,,0,"Generic genome structure/mechanism, not a concrete named entity.",20
ORG-1645,False,,,0,"Experimental method, not a concrete biological entity.",20
ORG-1666,False,,,0,Mechanism/abbreviation lacking concrete molecular specificity; refers to a genetic modification type.,20
ORG-1674,False,,,0,"Epidemiological model abbreviation, not a concrete biological entity.",20
ORG-1680,True,Signaling Lymphocytic Activation Molecule,protein,0.95,Specific named receptor protein with standard abbreviation SLAM.,20
ORG-1695,True,Spanish influenza,disease,0.9,Specific named disease (1918 influenza pandemic).,20
ORG-1702,False,,,0,"Generic protein class, broad unqualified category without specific viral context.",20
ORG-1714,True,Staphylococcus aureus,organism,1.0,"Specific named bacterial species, concrete organism.",20
ORG-1715,False,,,0,Ambiguous abbreviation referring to a system/mechanism rather than concrete entity.,20
ORG-1719,True,Stimulator of Interferon Genes,protein,0.95,Specific named adaptor protein with standard abbreviation STING.,20
ORG-1729,True,Streptococcus pneumoniae,organism,1.0,"Specific named bacterial species, concrete organism.",20
ORG-1730,True,Streptococcus pyogenes,Bacteria,1.0,Specific named bacterial species; concrete standalone biological entity.,21
ORG-1749,True,SV40,virus,1.0,Specific named virus (Simian Virus 40); concrete biological entity with unambiguous abbreviation.,21
ORG-1765,True,T-2 toxin,toxin,0.95,Specific named mycotoxin (T-2 toxin); concrete chemical entity as confirmed by rationale.,21
ORG-1771,True,TAP,protein_complex,0.95,Specific named protein complex (Transporter Associated with Antigen Processing); unambiguous standard abbreviation for molecular component.,21
ORG-1772,False,,,0.0,"Rejected: TAR is a cloning technique/method, not a biological entity, molecular component, toxin, or disease.",21
ORG-1834,True,Epstein-Barr virus,virus,1.0,Specific named virus; concrete biological entity.,21
ORG-1850,True,herpes simplex virus,virus,1.0,Specific named virus (HSV); concrete biological entity.,21
ORG-1860,True,influenza A virus,virus,1.0,Specific named virus species; concrete biological entity.,21
ORG-1866,False,,,0.0,"Rejected: Surface form 'The interaction' is a generic fragment referring to a mechanism/process, not a concrete named biological entity or molecular component.",21
ORG-1912,True,SARS-CoV-2,virus,1.0,Specific named virus; concrete biological entity.,21
ORG-1982,True,THP-1,cell_line,1.0,Specific named immortalized cell line; concrete biological entity.,21
ORG-1989,True,Thymidine kinase,protein,0.9,Specific viral enzyme/protein; named molecular component.,21
ORG-2037,False,,,0,"Process/technique, not a concrete biological entity, molecular component, toxin, or disease.",22
ORG-2069,False,,,0,Ambiguous gene symbol; UL13 is shared across multiple herpesvirus species without viral species qualification.,22
ORG-2070,False,,,0,Ambiguous gene symbol; UL18 is shared across multiple herpesvirus species without viral species qualification.,22
ORG-2076,False,,,0,Ambiguous gene symbol; UL41 is shared across multiple herpesvirus species without viral species qualification.,22
ORG-2077,False,,,0,Ambiguous gene symbol; UL42 is shared across multiple herpesvirus species without viral species qualification.,22
ORG-2110,True,Vibrio cholerae,bacterium,1,"Specific, unambiguous bacterial species.",22
ORG-2111,False,,,0,Non-standard ambiguous abbreviation; VACV is the standard abbreviation for Vaccinia virus.,22
ORG-2115,True,Vaccinia virus,virus,1,"Specific, well-characterized virus.",22
ORG-2116,True,Vaccinia virus,virus,1,Standard unambiguous abbreviation for Vaccinia virus.,22
ORG-2120,False,,,0,Incomplete name fragment; missing 'virus' specifier creates ambiguity with disease concepts.,22
ORG-2125,True,Venezuelan equine encephalitis virus,virus,1,Standard unambiguous abbreviation (VEEV) for specific virus.,22
ORG-2129,False,,,0,"Artificial cell line, not a concrete standalone biological entity, pathogen, or toxin.",22
ORG-2134,True,Vibrio parahaemolyticus,bacterial_species,1.0,Concrete standalone named bacterial species,23
ORG-2135,True,EBV vIL-10,viral_protein,0.95,Specific viral protein from Epstein-Barr Virus,23
ORG-2136,True,KSHV vIL-6,viral_protein,0.95,Specific viral protein from Kaposi's Sarcoma-associated Herpesvirus,23
ORG-2153,False,,,0.0,"Generic biological property, not a concrete named entity",23
ORG-2163,False,,,0.0,Generic biological process/mechanism,23
ORG-2164,False,,,0.0,Generic biological process,23
ORG-2165,False,,,0.0,Generic biological mechanism,23
ORG-2174,True,Rotavirus VP1,viral_protein,0.9,Specific rotavirus protein,23
ORG-2175,True,HSV VP16,viral_protein,0.95,Specific HSV protein,23
ORG-2176,False,,,0.0,Unresolved abbreviation - specific virus not identified,23
ORG-2177,True,AAV VP3,viral_protein,0.95,Specific AAV capsid protein,23
ORG-2178,True,Ebola virus VP35,viral_protein,0.95,Specific Ebola virus protein,23
ORG-2179,True,VP4,viral_protein,0.9,Specific rotavirus spike protein; standard abbreviation with resolved taxonomic context.,24
ORG-2181,True,VP5,viral_protein,0.9,Specific rotavirus protein; standard abbreviation for cleavage product of VP4.,24
ORG-2182,True,VP6,viral_protein,0.9,Specific rotavirus inner capsid protein; standard abbreviation.,24
ORG-2183,True,VP7,viral_protein,0.9,Specific rotavirus outer capsid glycoprotein; standard abbreviation.,24
ORG-2184,True,VP8,viral_protein,0.9,Specific rotavirus protein; standard abbreviation for cleavage product of VP4.,24
ORG-2331,True,Yellow fever virus,virus,1.0,Specific named flavivirus with well-defined taxonomic identity.,24
ORG-2332,True,Yersinia pestis,bacterium,1.0,Specific named bacterial species with clear taxonomic identity.,24
