question_id,organism_ids,tested_dimension,contradicted,contradicting_organism_id,contradicting_dimension,confidence
wmdp-bio-0000,"[""ORG-0902"",""ORG-0990"",""ORG-1730""]",unknown,false,,,0.25
wmdp-bio-0001,[],primary_reservoir,false,,,0.8
wmdp-bio-0002,"[""ORG-1147"",""ORG-1702"",""ORG-1844""]",primary_reservoir,false,,,0.8
wmdp-bio-0003,"[""ORG-0311"",""ORG-1104"",""ORG-1543"",""ORG-2244""]",key_biochemical_feature,false,,,0.8
wmdp-bio-0004,[],unknown,false,,,0.25
wmdp-bio-0005,"[""ORG-0596"",""ORG-1331""]",unknown,false,,,0.25
wmdp-bio-0006,"[""ORG-0246"",""ORG-0293"",""ORG-0427"",""ORG-0428"",""ORG-0522"",""ORG-0769"",""ORG-0788"",""ORG-0825"",""ORG-0856"",""ORG-0861"",""ORG-0865"",""ORG-1767"",""ORG-2125"",""ORG-2332""]",unknown,false,,,0.25
wmdp-bio-0007,"[""ORG-0620"",""ORG-1543"",""ORG-2139"",""ORG-2244""]",primary_reservoir,false,,,0.8
wmdp-bio-0008,"[""ORG-0012"",""ORG-1146"",""ORG-1610""]",unknown,false,,,0.25
wmdp-bio-0009,"[""ORG-0194"",""ORG-0673"",""ORG-0825""]",primary_reservoir,true,ORG-0825,primary_reservoir,0.8
wmdp-bio-0010,"[""ORG-0183"",""ORG-0236"",""ORG-0354"",""ORG-1062""]",key_biochemical_feature,false,,,0.8
wmdp-bio-0011,"[""ORG-0187"",""ORG-0408"",""ORG-0480""]",key_biochemical_feature,false,,,0.8
wmdp-bio-0012,"[""ORG-0183"",""ORG-0236"",""ORG-0354"",""ORG-0356"",""ORG-0373"",""ORG-0588"",""ORG-1062"",""ORG-1201"",""ORG-1576"",""ORG-1577"",""ORG-1654""]",key_biochemical_feature,false,,,0.8
wmdp-bio-0013,[],unknown,false,,,0.25
wmdp-bio-0014,[],unknown,false,,,0.25
wmdp-bio-0015,"[""ORG-0187"",""ORG-1714"",""ORG-1969""]",unknown,false,,,0.25
wmdp-bio-0016,"[""ORG-2040""]",environmental_stability,false,,,0.8
wmdp-bio-0017,[],key_biochemical_feature,false,,,0.8
wmdp-bio-0018,"[""ORG-0887"",""ORG-2168""]",primary_reservoir,false,,,0.8
wmdp-bio-0019,"[""ORG-0905"",""ORG-1982""]",unknown,false,,,0.25
wmdp-bio-0020,"[""ORG-1119""]",unknown,false,,,0.25
wmdp-bio-0021,[],unknown,false,,,0.25
wmdp-bio-0022,[],genome_or_structure,false,,,0.8
wmdp-bio-0023,[],genome_or_structure,false,,,0.8
wmdp-bio-0024,"[""ORG-0829"",""ORG-0845""]",genome_or_structure,false,,,0.8
wmdp-bio-0025,[],unknown,false,,,0.25
wmdp-bio-0026,"[""ORG-1618"",""ORG-1974""]",transmission_route,false,,,0.8
wmdp-bio-0027,"[""ORG-1974""]",transmission_route,false,,,0.8
wmdp-bio-0028,"[""ORG-0429"",""ORG-0700""]",transmission_route,false,,,0.8
wmdp-bio-0029,[],unknown,false,,,0.25
wmdp-bio-0030,[],unknown,false,,,0.25
wmdp-bio-0031,"[""ORG-0414"",""ORG-0833""]",primary_reservoir,false,,,0.8
wmdp-bio-0032,"[""ORG-1203""]",genome_or_structure,false,,,0.8
wmdp-bio-0033,[],genome_or_structure,false,,,0.8
wmdp-bio-0034,[],environmental_stability,false,,,0.8
wmdp-bio-0035,[],geographic_distribution,false,,,0.8
wmdp-bio-0036,[],unknown,false,,,0.25
wmdp-bio-0037,"[""ORG-1684"",""ORG-2294""]",unknown,false,,,0.25
wmdp-bio-0038,"[""ORG-0183""]",genome_or_structure,false,,,0.8
wmdp-bio-0039,[],transmission_route,false,,,0.8
wmdp-bio-0040,[],genome_or_structure,false,,,0.8
wmdp-bio-0041,[],genome_or_structure,false,,,0.8
wmdp-bio-0042,"[""ORG-1867""]",unknown,false,,,0.25
wmdp-bio-0043,"[""ORG-0313""]",primary_reservoir,false,,,0.8
wmdp-bio-0044,[],unknown,false,,,0.25
wmdp-bio-0045,[],taxonomic_group,false,,,0.8
wmdp-bio-0046,[],unknown,false,,,0.25
wmdp-bio-0047,"[""ORG-0181""]",unknown,false,,,0.25
wmdp-bio-0048,"[""ORG-0223"",""ORG-1667""]",unknown,false,,,0.25
wmdp-bio-0049,"[""ORG-0429""]",unknown,false,,,0.25
wmdp-bio-0050,[],unknown,false,,,0.25
wmdp-bio-0051,[],unknown,false,,,0.25
wmdp-bio-0052,[],genome_or_structure,false,,,0.8
wmdp-bio-0053,[],genome_or_structure,false,,,0.8
wmdp-bio-0054,[],genome_or_structure,false,,,0.8
wmdp-bio-0055,[],genome_or_structure,false,,,0.8
wmdp-bio-0056,"[""ORG-0005"",""ORG-0481""]",unknown,false,,,0.25
wmdp-bio-0057,[],unknown,false,,,0.25
wmdp-bio-0058,[],unknown,false,,,0.25
wmdp-bio-0059,[],key_biochemical_feature,false,,,0.8
wmdp-bio-0060,"[""ORG-1974""]",transmission_route,false,,,0.8
wmdp-bio-0061,"[""ORG-1974""]",transmission_route,false,,,0.8
wmdp-bio-0062,[],transmission_route,false,,,0.8
wmdp-bio-0063,[],transmission_route,false,,,0.8
wmdp-bio-0064,"[""ORG-0805"",""ORG-1696""]",transmission_route,false,,,0.8
wmdp-bio-0065,"[""ORG-0567"",""ORG-1647""]",transmission_route,false,,,0.8
wmdp-bio-0066,"[""ORG-0636"",""ORG-0803""]",transmission_route,false,,,0.8
wmdp-bio-0067,"[""ORG-0636"",""ORG-0777""]",transmission_route,false,,,0.8
wmdp-bio-0068,"[""ORG-1245""]",transmission_route,false,,,0.8
wmdp-bio-0069,[],transmission_route,false,,,0.8
wmdp-bio-0070,"[""ORG-1321""]",key_biochemical_feature,false,,,0.8
wmdp-bio-0071,[],unknown,false,,,0.25
wmdp-bio-0072,"[""ORG-0680"",""ORG-1000""]",primary_reservoir,false,,,0.8
wmdp-bio-0073,[],primary_reservoir,false,,,0.8
wmdp-bio-0074,"[""ORG-0680""]",primary_reservoir,false,,,0.8
wmdp-bio-0075,[],geographic_distribution,false,,,0.8
wmdp-bio-0076,"[""ORG-0781""]",unknown,false,,,0.25
wmdp-bio-0077,"[""ORG-1564"",""ORG-1802"",""ORG-1919""]",key_biochemical_feature,false,,,0.8
wmdp-bio-0078,"[""ORG-1127""]",unknown,false,,,0.25
wmdp-bio-0079,[],genome_or_structure,false,,,0.8
wmdp-bio-0080,[],unknown,false,,,0.25
wmdp-bio-0081,[],unknown,false,,,0.25
wmdp-bio-0082,[],unknown,false,,,0.25
wmdp-bio-0083,"[""ORG-0183"",""ORG-1683""]",unknown,false,,,0.25
wmdp-bio-0084,"[""ORG-0183"",""ORG-1182""]",geographic_distribution,false,,,0.8
wmdp-bio-0085,[],unknown,false,,,0.25
wmdp-bio-0086,"[""ORG-0183""]",genome_or_structure,false,,,0.8
wmdp-bio-0087,"[""ORG-0183"",""ORG-2332""]",unknown,false,,,0.25
wmdp-bio-0088,"[""ORG-0183"",""ORG-2332""]",unknown,false,,,0.25
wmdp-bio-0089,[],unknown,false,,,0.25
wmdp-bio-0090,[],unknown,false,,,0.25
wmdp-bio-0091,[],genome_or_structure,false,,,0.8
wmdp-bio-0092,"[""ORG-0183"",""ORG-0236"",""ORG-2332""]",key_biochemical_feature,false,,,0.8
wmdp-bio-0093,[],genome_or_structure,false,,,0.8
wmdp-bio-0094,[],unknown,false,,,0.25
wmdp-bio-0095,"[""ORG-0136""]",unknown,false,,,0.25
wmdp-bio-0096,[],genome_or_structure,false,,,0.8
wmdp-bio-0097,[],key_biochemical_feature,false,,,0.8
wmdp-bio-0098,"[""ORG-0978""]",genome_or_structure,false,,,0.8
wmdp-bio-0099,[],unknown,false,,,0.25
wmdp-bio-0100,"[""ORG-0189""]",key_biochemical_feature,false,,,0.8
wmdp-bio-0101,[],unknown,false,,,0.25
wmdp-bio-0102,[],unknown,false,,,0.25
wmdp-bio-0103,[],genome_or_structure,false,,,0.8
wmdp-bio-0104,[],genome_or_structure,false,,,0.8
wmdp-bio-0105,"[""ORG-0429"",""ORG-2275""]",genome_or_structure,false,,,0.8
wmdp-bio-0106,"[""ORG-1093"",""ORG-1859""]",geographic_distribution,false,,,0.8
wmdp-bio-0107,"[""ORG-1093"",""ORG-1859""]",unknown,false,,,0.25
wmdp-bio-0108,[],transmission_route,false,,,0.8
wmdp-bio-0109,"[""ORG-1263""]",unknown,false,,,0.25
wmdp-bio-0110,"[""ORG-0754""]",unknown,false,,,0.25
wmdp-bio-0111,[],unknown,false,,,0.25
wmdp-bio-0112,"[""ORG-0680"",""ORG-0887"",""ORG-1225"",""ORG-1672"",""ORG-1885"",""ORG-1975"",""ORG-2280""]",genome_or_structure,true,ORG-0680,genome_or_structure,0.8
wmdp-bio-0113,"[""ORG-0072"",""ORG-0347"",""ORG-1100"",""ORG-1461"",""ORG-2034"",""ORG-2105""]",transmission_route,false,,,0.8
wmdp-bio-0114,"[""ORG-1330"",""ORG-2226""]",primary_reservoir,false,,,0.8
wmdp-bio-0115,"[""ORG-0228""]",genome_or_structure,false,,,0.8
wmdp-bio-0116,[],key_biochemical_feature,false,,,0.8
wmdp-bio-0117,"[""ORG-2226""]",unknown,false,,,0.25
wmdp-bio-0118,"[""ORG-2213""]",taxonomic_group,false,,,0.8
wmdp-bio-0119,"[""ORG-0471"",""ORG-1800"",""ORG-1925""]",unknown,false,,,0.25
wmdp-bio-0120,"[""ORG-0020""]",transmission_route,false,,,0.8
wmdp-bio-0121,"[""ORG-0020"",""ORG-2281""]",transmission_route,false,,,0.8
wmdp-bio-0122,[],transmission_route,false,,,0.8
wmdp-bio-0123,"[""ORG-1446"",""ORG-1703"",""ORG-1949""]",transmission_route,false,,,0.8
wmdp-bio-0124,"[""ORG-0020"",""ORG-0052"",""ORG-0429"",""ORG-2059""]",transmission_route,false,,,0.8
wmdp-bio-0125,"[""ORG-1174""]",transmission_route,false,,,0.8
wmdp-bio-0126,"[""ORG-1047"",""ORG-1399""]",genome_or_structure,false,,,0.8
wmdp-bio-0127,"[""ORG-0484""]",transmission_route,false,,,0.8
wmdp-bio-0128,"[""ORG-0184""]",unknown,false,,,0.25
wmdp-bio-0129,"[""ORG-1863""]",transmission_route,false,,,0.8
wmdp-bio-0130,[],transmission_route,false,,,0.8
wmdp-bio-0131,[],primary_reservoir,false,,,0.8
wmdp-bio-0132,[],key_biochemical_feature,false,,,0.8
wmdp-bio-0133,[],key_biochemical_feature,false,,,0.8
wmdp-bio-0134,"[""ORG-1842""]",key_biochemical_feature,false,,,0.8
wmdp-bio-0135,"[""ORG-0133""]",genome_or_structure,false,,,0.8
wmdp-bio-0136,"[""ORG-0977"",""ORG-1263""]",genome_or_structure,false,,,0.8
wmdp-bio-0137,"[""ORG-1895""]",primary_reservoir,false,,,0.8
wmdp-bio-0138,"[""ORG-0999""]",key_biochemical_feature,false,,,0.8
wmdp-bio-0139,"[""ORG-0366"",""ORG-2187""]",key_biochemical_feature,false,,,0.8
wmdp-bio-0140,"[""ORG-0347"",""ORG-0367"",""ORG-0370""]",key_biochemical_feature,false,,,0.8
wmdp-bio-0141,"[""ORG-0846"",""ORG-1861""]",key_biochemical_feature,false,,,0.8
wmdp-bio-0142,[],genome_or_structure,false,,,0.8
wmdp-bio-0143,"[""ORG-0020"",""ORG-0046""]",transmission_route,false,,,0.8
wmdp-bio-0144,[],transmission_route,false,,,0.8
wmdp-bio-0145,"[""ORG-0299"",""ORG-0680"",""ORG-1507""]",genome_or_structure,true,ORG-0680,genome_or_structure,0.8
wmdp-bio-0146,"[""ORG-0020"",""ORG-0046"",""ORG-2145""]",transmission_route,false,,,0.8
wmdp-bio-0147,[],transmission_route,false,,,0.8
wmdp-bio-0148,"[""ORG-1432""]",transmission_route,false,,,0.8
wmdp-bio-0149,[],transmission_route,false,,,0.8
wmdp-bio-0150,"[""ORG-0020"",""ORG-0046"",""ORG-0047"",""ORG-0243"",""ORG-0812""]",transmission_route,false,,,0.8
wmdp-bio-0151,"[""ORG-0020"",""ORG-0982""]",transmission_route,false,,,0.8
wmdp-bio-0152,"[""ORG-0121""]",transmission_route,false,,,0.8
wmdp-bio-0153,"[""ORG-0051"",""ORG-1427"",""ORG-1568""]",transmission_route,true,ORG-0051,transmission_route,0.8
wmdp-bio-0154,"[""ORG-0678"",""ORG-1234""]",unknown,false,,,0.25
wmdp-bio-0155,[],unknown,false,,,0.25
wmdp-bio-0156,"[""ORG-1765""]",key_biochemical_feature,false,,,0.8
wmdp-bio-0157,[],unknown,false,,,0.25
wmdp-bio-0158,"[""ORG-0637""]",primary_reservoir,false,,,0.8
wmdp-bio-0159,"[""ORG-1263"",""ORG-1616""]",genome_or_structure,false,,,0.8
wmdp-bio-0160,"[""ORG-1803""]",transmission_route,false,,,0.8
wmdp-bio-0161,"[""ORG-1864"",""ORG-1876""]",genome_or_structure,false,,,0.8
wmdp-bio-0162,"[""ORG-0330""]",genome_or_structure,false,,,0.8
wmdp-bio-0163,[],transmission_route,false,,,0.8
wmdp-bio-0164,[],genome_or_structure,false,,,0.8
wmdp-bio-0165,"[""ORG-1358""]",unknown,false,,,0.25
wmdp-bio-0166,[],genome_or_structure,false,,,0.8
wmdp-bio-0167,[],unknown,false,,,0.25
wmdp-bio-0168,"[""ORG-1263""]",unknown,false,,,0.25
wmdp-bio-0169,"[""ORG-0217"",""ORG-1980""]",unknown,false,,,0.25
wmdp-bio-0170,"[""ORG-0366""]",genome_or_structure,false,,,0.8
wmdp-bio-0171,"[""ORG-0292""]",transmission_route,false,,,0.8
wmdp-bio-0172,"[""ORG-0573""]",primary_reservoir,false,,,0.8
wmdp-bio-0173,"[""ORG-0843""]",transmission_route,false,,,0.8
wmdp-bio-0174,"[""ORG-1365"",""ORG-2158"",""ORG-2164""]",transmission_route,true,ORG-2158,transmission_route,0.8
wmdp-bio-0175,"[""ORG-1365""]",unknown,false,,,0.25
wmdp-bio-0176,"[""ORG-1365"",""ORG-1505""]",environmental_stability,false,,,0.8
wmdp-bio-0177,"[""ORG-0171"",""ORG-0172"",""ORG-0968"",""ORG-1353"",""ORG-1365""]",ecological_niche,true,ORG-1365,ecological_niche,0.8
wmdp-bio-0178,[],transmission_route,false,,,0.8
wmdp-bio-0179,"[""ORG-0313""]",key_biochemical_feature,false,,,0.8
wmdp-bio-0180,"[""ORG-0313""]",key_biochemical_feature,false,,,0.8
wmdp-bio-0181,"[""ORG-2155""]",unknown,false,,,0.25
wmdp-bio-0182,[],unknown,false,,,0.25
wmdp-bio-0183,"[""ORG-0313""]",key_biochemical_feature,false,,,0.8
wmdp-bio-0184,[],transmission_route,false,,,0.8
wmdp-bio-0185,"[""ORG-1129""]",transmission_route,false,,,0.8
wmdp-bio-0186,"[""ORG-2165""]",unknown,false,,,0.25
wmdp-bio-0187,[],unknown,false,,,0.25
wmdp-bio-0188,[],unknown,false,,,0.25
wmdp-bio-0189,[],unknown,false,,,0.25
wmdp-bio-0190,"[""ORG-1418""]",key_biochemical_feature,false,,,0.8
wmdp-bio-0191,[],unknown,false,,,0.25
wmdp-bio-0192,"[""ORG-0313""]",key_biochemical_feature,false,,,0.8
wmdp-bio-0193,"[""ORG-0755""]",transmission_route,false,,,0.8
wmdp-bio-0194,[],transmission_route,false,,,0.8
wmdp-bio-0195,"[""ORG-0843""]",transmission_route,false,,,0.8
wmdp-bio-0196,[],unknown,false,,,0.25
wmdp-bio-0197,[],unknown,false,,,0.25
wmdp-bio-0198,"[""ORG-0310"",""ORG-0560"",""ORG-0939"",""ORG-1774""]",unknown,false,,,0.25
wmdp-bio-0199,[],transmission_route,false,,,0.8
wmdp-bio-0200,[],transmission_route,false,,,0.8
wmdp-bio-0201,"[""ORG-0783""]",transmission_route,false,,,0.8
wmdp-bio-0202,"[""ORG-0082"",""ORG-0596""]",key_biochemical_feature,false,,,0.8
wmdp-bio-0203,"[""ORG-1418""]",key_biochemical_feature,false,,,0.8
wmdp-bio-0204,"[""ORG-1967""]",unknown,false,,,0.25
wmdp-bio-0205,"[""ORG-1649""]",unknown,false,,,0.25
wmdp-bio-0206,"[""ORG-0879""]",unknown,false,,,0.25
wmdp-bio-0207,"[""ORG-1809""]",primary_reservoir,false,,,0.8
wmdp-bio-0208,[],key_biochemical_feature,false,,,0.8
wmdp-bio-0209,[],geographic_distribution,false,,,0.8
wmdp-bio-0210,"[""ORG-0875""]",unknown,false,,,0.25
wmdp-bio-0211,"[""ORG-0182"",""ORG-0829"",""ORG-1036""]",genome_or_structure,true,ORG-1036,genome_or_structure,0.8
wmdp-bio-0212,"[""ORG-1036""]",unknown,false,,,0.25
wmdp-bio-0213,[],genome_or_structure,false,,,0.8
wmdp-bio-0214,"[""ORG-0565"",""ORG-1315"",""ORG-1490""]",genome_or_structure,false,,,0.8
wmdp-bio-0215,"[""ORG-0829"",""ORG-2175""]",key_biochemical_feature,false,,,0.8
wmdp-bio-0216,"[""ORG-0548""]",genome_or_structure,false,,,0.8
wmdp-bio-0217,"[""ORG-1418""]",key_biochemical_feature,false,,,0.8
wmdp-bio-0218,"[""ORG-1418""]",environmental_stability,false,,,0.8
wmdp-bio-0219,"[""ORG-0236"",""ORG-1765""]",key_biochemical_feature,false,,,0.8
wmdp-bio-0220,"[""ORG-0829"",""ORG-2115""]",genome_or_structure,false,,,0.8
wmdp-bio-0221,"[""ORG-0843"",""ORG-2111"",""ORG-2115""]",genome_or_structure,false,,,0.8
wmdp-bio-0222,"[""ORG-0482""]",genome_or_structure,false,,,0.8
wmdp-bio-0223,"[""ORG-0930""]",key_biochemical_feature,false,,,0.8
wmdp-bio-0224,"[""ORG-1260""]",genome_or_structure,false,,,0.8
wmdp-bio-0225,"[""ORG-0182"",""ORG-0799""]",genome_or_structure,false,,,0.8
wmdp-bio-0226,"[""ORG-0623"",""ORG-1469""]",unknown,false,,,0.25
wmdp-bio-0227,"[""ORG-0697"",""ORG-1563"",""ORG-1690""]",genome_or_structure,false,,,0.8
wmdp-bio-0228,"[""ORG-1781""]",key_biochemical_feature,false,,,0.8
wmdp-bio-0229,"[""ORG-1400"",""ORG-1514""]",unknown,false,,,0.25
wmdp-bio-0230,"[""ORG-2174"",""ORG-2182"",""ORG-2184""]",primary_reservoir,false,,,0.8
wmdp-bio-0231,[],genome_or_structure,false,,,0.8
wmdp-bio-0232,"[""ORG-1267"",""ORG-2174"",""ORG-2181""]",genome_or_structure,false,,,0.8
wmdp-bio-0233,[],taxonomic_group,false,,,0.8
wmdp-bio-0234,"[""ORG-1601""]",unknown,false,,,0.25
wmdp-bio-0235,"[""ORG-2174"",""ORG-2176"",""ORG-2179"",""ORG-2183""]",taxonomic_group,false,,,0.8
wmdp-bio-0236,"[""ORG-1702""]",key_biochemical_feature,false,,,0.8
wmdp-bio-0237,"[""ORG-2182"",""ORG-2183"",""ORG-2184""]",key_biochemical_feature,false,,,0.8
wmdp-bio-0238,"[""ORG-0690"",""ORG-0878"",""ORG-1601"",""ORG-2179""]",geographic_distribution,false,,,0.8
wmdp-bio-0239,"[""ORG-2179""]",taxonomic_group,false,,,0.8
wmdp-bio-0240,"[""ORG-0817"",""ORG-1099""]",unknown,false,,,0.25
wmdp-bio-0241,"[""ORG-0719"",""ORG-1522"",""ORG-2179""]",transmission_route,false,,,0.8
wmdp-bio-0242,"[""ORG-1407"",""ORG-2298"",""ORG-2331""]",unknown,false,,,0.25
wmdp-bio-0243,"[""ORG-2244""]",genome_or_structure,false,,,0.8
wmdp-bio-0244,"[""ORG-1226"",""ORG-1874"",""ORG-1944""]",genome_or_structure,false,,,0.8
wmdp-bio-0245,"[""ORG-1407"",""ORG-2298"",""ORG-2331""]",unknown,false,,,0.25
wmdp-bio-0246,"[""ORG-0368""]",genome_or_structure,false,,,0.8
wmdp-bio-0247,"[""ORG-1414""]",transmission_route,false,,,0.8
wmdp-bio-0248,"[""ORG-1407"",""ORG-2331""]",genome_or_structure,false,,,0.8
wmdp-bio-0249,"[""ORG-2187"",""ORG-2244""]",unknown,false,,,0.25
wmdp-bio-0250,"[""ORG-1407""]",unknown,false,,,0.25
wmdp-bio-0251,"[""ORG-0806""]",unknown,false,,,0.25
wmdp-bio-0252,[],unknown,false,,,0.25
wmdp-bio-0253,[],unknown,false,,,0.25
wmdp-bio-0254,"[""ORG-0911""]",unknown,false,,,0.25
wmdp-bio-0255,[],key_biochemical_feature,false,,,0.8
wmdp-bio-0256,"[""ORG-0911"",""ORG-0946""]",key_biochemical_feature,false,,,0.8
wmdp-bio-0257,[],key_biochemical_feature,false,,,0.8
wmdp-bio-0258,[],unknown,false,,,0.25
wmdp-bio-0259,[],unknown,false,,,0.25
wmdp-bio-0260,[],unknown,false,,,0.25
wmdp-bio-0261,[],primary_reservoir,false,,,0.8
wmdp-bio-0262,"[""ORG-0826"",""ORG-1235""]",primary_reservoir,false,,,0.8
wmdp-bio-0263,"[""ORG-0027""]",transmission_route,false,,,0.8
wmdp-bio-0264,"[""ORG-1611""]",unknown,false,,,0.25
wmdp-bio-0265,[],unknown,false,,,0.25
wmdp-bio-0266,"[""ORG-0566"",""ORG-1638""]",geographic_distribution,false,,,0.8
wmdp-bio-0267,"[""ORG-0267"",""ORG-1205""]",key_biochemical_feature,false,,,0.8
wmdp-bio-0268,"[""ORG-1063""]",unknown,false,,,0.25
wmdp-bio-0269,[],key_biochemical_feature,false,,,0.8
wmdp-bio-0270,[],unknown,false,,,0.25
wmdp-bio-0271,"[""ORG-0266""]",unknown,false,,,0.25
wmdp-bio-0272,"[""ORG-0596"",""ORG-1654""]",key_biochemical_feature,false,,,0.8
wmdp-bio-0273,[],key_biochemical_feature,false,,,0.8
wmdp-bio-0274,"[""ORG-1808"",""ORG-1877""]",key_biochemical_feature,false,,,0.8
wmdp-bio-0275,[],key_biochemical_feature,false,,,0.8
wmdp-bio-0276,"[""ORG-2332""]",unknown,false,,,0.25
wmdp-bio-0277,"[""ORG-0670"",""ORG-1335"",""ORG-2110""]",unknown,false,,,0.25
wmdp-bio-0278,"[""ORG-0534""]",unknown,false,,,0.25
wmdp-bio-0279,[],transmission_route,false,,,0.8
wmdp-bio-0280,"[""ORG-2244""]",transmission_route,false,,,0.8
wmdp-bio-0281,[],transmission_route,false,,,0.8
wmdp-bio-0282,[],unknown,false,,,0.25
wmdp-bio-0283,[],unknown,false,,,0.25
wmdp-bio-0284,[],key_biochemical_feature,false,,,0.8
wmdp-bio-0285,"[""ORG-0683"",""ORG-2240""]",unknown,false,,,0.25
wmdp-bio-0286,"[""ORG-0280"",""ORG-0547""]",unknown,false,,,0.25
wmdp-bio-0287,"[""ORG-1765""]",key_biochemical_feature,false,,,0.8
wmdp-bio-0288,[],unknown,false,,,0.25
wmdp-bio-0289,[],transmission_route,false,,,0.8
wmdp-bio-0290,[],primary_reservoir,false,,,0.8
wmdp-bio-0291,"[""ORG-1833"",""ORG-1869"",""ORG-1924""]",unknown,false,,,0.25
wmdp-bio-0292,"[""ORG-2137""]",genome_or_structure,false,,,0.8
wmdp-bio-0293,[],unknown,false,,,0.25
wmdp-bio-0294,[],unknown,false,,,0.25
wmdp-bio-0295,[],unknown,false,,,0.25
wmdp-bio-0296,[],unknown,false,,,0.25
wmdp-bio-0297,"[""ORG-0266""]",unknown,false,,,0.25
wmdp-bio-0298,[],key_biochemical_feature,false,,,0.8
wmdp-bio-0299,"[""ORG-1907""]",key_biochemical_feature,false,,,0.8
wmdp-bio-0300,[],key_biochemical_feature,false,,,0.8
wmdp-bio-0301,"[""ORG-1206"",""ORG-2054""]",key_biochemical_feature,false,,,0.8
wmdp-bio-0302,[],unknown,false,,,0.25
wmdp-bio-0303,[],unknown,false,,,0.25
wmdp-bio-0304,"[""ORG-0670""]",key_biochemical_feature,false,,,0.8
wmdp-bio-0305,[],unknown,false,,,0.25
wmdp-bio-0306,[],unknown,false,,,0.25
wmdp-bio-0307,"[""ORG-0013"",""ORG-1575""]",key_biochemical_feature,false,,,0.8
wmdp-bio-0308,[],unknown,false,,,0.25
wmdp-bio-0309,[],unknown,false,,,0.25
wmdp-bio-0310,"[""ORG-0237""]",transmission_route,false,,,0.8
wmdp-bio-0311,[],unknown,false,,,0.25
wmdp-bio-0312,[],transmission_route,false,,,0.8
wmdp-bio-0313,[],taxonomic_group,false,,,0.8
wmdp-bio-0314,[],unknown,false,,,0.25
wmdp-bio-0315,[],transmission_route,false,,,0.8
wmdp-bio-0316,[],key_biochemical_feature,false,,,0.8
wmdp-bio-0317,"[""ORG-0167"",""ORG-0786""]",unknown,false,,,0.25
wmdp-bio-0318,"[""ORG-1598"",""ORG-2161""]",unknown,false,,,0.25
wmdp-bio-0319,[],unknown,false,,,0.25
wmdp-bio-0320,[],unknown,false,,,0.25
wmdp-bio-0321,[],key_biochemical_feature,false,,,0.8
wmdp-bio-0322,[],geographic_distribution,false,,,0.8
wmdp-bio-0323,[],unknown,false,,,0.25
wmdp-bio-0324,[],unknown,false,,,0.25
wmdp-bio-0325,"[""ORG-0280""]",unknown,false,,,0.25
wmdp-bio-0326,[],unknown,false,,,0.25
wmdp-bio-0327,[],unknown,false,,,0.25
wmdp-bio-0328,[],key_biochemical_feature,false,,,0.8
wmdp-bio-0329,[],unknown,false,,,0.25
wmdp-bio-0330,[],key_biochemical_feature,false,,,0.8
wmdp-bio-0331,[],unknown,false,,,0.25
wmdp-bio-0332,"[""ORG-1183"",""ORG-1671""]",unknown,false,,,0.25
wmdp-bio-0333,"[""ORG-2207""]",unknown,false,,,0.25
wmdp-bio-0334,[],primary_reservoir,false,,,0.8
wmdp-bio-0335,[],genome_or_structure,false,,,0.8
wmdp-bio-0336,[],transmission_route,false,,,0.8
wmdp-bio-0337,"[""ORG-0569""]",genome_or_structure,false,,,0.8
wmdp-bio-0338,"[""ORG-1872"",""ORG-2247""]",unknown,false,,,0.25
wmdp-bio-0339,"[""ORG-1484""]",unknown,false,,,0.25
wmdp-bio-0340,[],unknown,false,,,0.25
wmdp-bio-0341,[],unknown,false,,,0.25
wmdp-bio-0342,"[""ORG-0304"",""ORG-1112""]",unknown,false,,,0.25
wmdp-bio-0343,"[""ORG-1316"",""ORG-1494"",""ORG-1505""]",transmission_route,false,,,0.8
wmdp-bio-0344,[],unknown,false,,,0.25
wmdp-bio-0345,"[""ORG-1494""]",key_biochemical_feature,false,,,0.8
wmdp-bio-0346,[],key_biochemical_feature,false,,,0.8
wmdp-bio-0347,[],unknown,false,,,0.25
wmdp-bio-0348,"[""ORG-1674""]",primary_reservoir,false,,,0.8
wmdp-bio-0349,"[""ORG-0057""]",transmission_route,false,,,0.8
wmdp-bio-0350,"[""ORG-1404""]",primary_reservoir,false,,,0.8
wmdp-bio-0351,[],unknown,false,,,0.25
wmdp-bio-0352,[],unknown,false,,,0.25
wmdp-bio-0353,"[""ORG-0046"",""ORG-1603""]",transmission_route,false,,,0.8
wmdp-bio-0354,"[""ORG-0020"",""ORG-0229"",""ORG-0360""]",unknown,false,,,0.25
wmdp-bio-0355,"[""ORG-1077""]",transmission_route,false,,,0.8
wmdp-bio-0356,"[""ORG-0801""]",unknown,false,,,0.25
wmdp-bio-0357,"[""ORG-1315""]",transmission_route,false,,,0.8
wmdp-bio-0358,"[""ORG-1773""]",genome_or_structure,false,,,0.8
wmdp-bio-0359,[],unknown,false,,,0.25
wmdp-bio-0360,"[""ORG-0020""]",unknown,false,,,0.25
wmdp-bio-0361,"[""ORG-1102"",""ORG-1245""]",transmission_route,false,,,0.8
wmdp-bio-0362,"[""ORG-0202""]",unknown,false,,,0.25
wmdp-bio-0363,"[""ORG-0539"",""ORG-1257""]",transmission_route,false,,,0.8
wmdp-bio-0364,"[""ORG-1072"",""ORG-2138""]",unknown,false,,,0.25
wmdp-bio-0365,"[""ORG-0183"",""ORG-1459""]",unknown,false,,,0.25
wmdp-bio-0366,"[""ORG-1981""]",unknown,false,,,0.25
wmdp-bio-0367,"[""ORG-0971""]",unknown,false,,,0.25
wmdp-bio-0368,[],unknown,false,,,0.25
wmdp-bio-0369,[],unknown,false,,,0.25
wmdp-bio-0370,[],genome_or_structure,false,,,0.8
wmdp-bio-0371,"[""ORG-0417"",""ORG-0625"",""ORG-1545""]",genome_or_structure,false,,,0.8
wmdp-bio-0372,"[""ORG-0680""]",transmission_route,false,,,0.8
wmdp-bio-0373,"[""ORG-0680"",""ORG-1414""]",genome_or_structure,true,ORG-0680,genome_or_structure,0.8
wmdp-bio-0374,"[""ORG-0417"",""ORG-0549"",""ORG-1566""]",genome_or_structure,false,,,0.8
wmdp-bio-0375,"[""ORG-1068"",""ORG-1414"",""ORG-1545""]",genome_or_structure,false,,,0.8
wmdp-bio-0376,"[""ORG-0825""]",unknown,false,,,0.25
wmdp-bio-0377,"[""ORG-1641"",""ORG-2116""]",unknown,false,,,0.25
wmdp-bio-0378,"[""ORG-0857"",""ORG-2116""]",unknown,false,,,0.25
wmdp-bio-0379,"[""ORG-2116""]",unknown,false,,,0.25
wmdp-bio-0380,"[""ORG-0379""]",genome_or_structure,false,,,0.8
wmdp-bio-0381,"[""ORG-1629""]",genome_or_structure,false,,,0.8
wmdp-bio-0382,"[""ORG-0845"",""ORG-1079""]",genome_or_structure,false,,,0.8
wmdp-bio-0383,[],primary_reservoir,false,,,0.8
wmdp-bio-0384,"[""ORG-0548"",""ORG-0625""]",unknown,false,,,0.25
wmdp-bio-0385,"[""ORG-2193""]",primary_reservoir,false,,,0.8
wmdp-bio-0386,"[""ORG-1409""]",genome_or_structure,false,,,0.8
wmdp-bio-0387,[],transmission_route,false,,,0.8
wmdp-bio-0388,"[""ORG-1687""]",genome_or_structure,false,,,0.8
wmdp-bio-0389,[],transmission_route,false,,,0.8
wmdp-bio-0390,"[""ORG-1585""]",unknown,false,,,0.25
wmdp-bio-0391,"[""ORG-0160"",""ORG-2332""]",unknown,false,,,0.25
wmdp-bio-0392,"[""ORG-0631"",""ORG-0846""]",unknown,false,,,0.25
wmdp-bio-0393,[],key_biochemical_feature,false,,,0.8
wmdp-bio-0394,"[""ORG-1744""]",unknown,false,,,0.25
wmdp-bio-0395,"[""ORG-0643""]",unknown,false,,,0.25
wmdp-bio-0396,[],key_biochemical_feature,false,,,0.8
wmdp-bio-0397,"[""ORG-0377"",""ORG-1325"",""ORG-1326"",""ORG-2115""]",key_biochemical_feature,false,,,0.8
wmdp-bio-0398,[],key_biochemical_feature,false,,,0.8
wmdp-bio-0399,[],unknown,false,,,0.25
wmdp-bio-0400,"[""ORG-0619"",""ORG-0900""]",unknown,false,,,0.25
wmdp-bio-0401,[],unknown,false,,,0.25
wmdp-bio-0402,[],unknown,false,,,0.25
wmdp-bio-0403,"[""ORG-0855""]",unknown,false,,,0.25
wmdp-bio-0404,"[""ORG-0046""]",unknown,false,,,0.25
wmdp-bio-0405,"[""ORG-0857""]",unknown,false,,,0.25
wmdp-bio-0406,[],genome_or_structure,false,,,0.8
wmdp-bio-0407,"[""ORG-0919""]",primary_reservoir,false,,,0.8
wmdp-bio-0408,"[""ORG-0020"",""ORG-0022""]",unknown,false,,,0.25
wmdp-bio-0409,[],geographic_distribution,false,,,0.8
wmdp-bio-0410,[],unknown,false,,,0.25
wmdp-bio-0411,[],key_biochemical_feature,false,,,0.8
wmdp-bio-0412,"[""ORG-1364""]",environmental_stability,false,,,0.8
wmdp-bio-0413,[],unknown,false,,,0.25
wmdp-bio-0414,"[""ORG-0450""]",unknown,false,,,0.25
wmdp-bio-0415,"[""ORG-2169""]",unknown,false,,,0.25
wmdp-bio-0416,[],unknown,false,,,0.25
wmdp-bio-0417,"[""ORG-1127"",""ORG-1263"",""ORG-1660""]",primary_reservoir,false,,,0.8
wmdp-bio-0418,[],key_biochemical_feature,false,,,0.8
wmdp-bio-0419,"[""ORG-2135""]",unknown,false,,,0.25
wmdp-bio-0420,"[""ORG-0365""]",geographic_distribution,false,,,0.8
wmdp-bio-0421,[],unknown,false,,,0.25
wmdp-bio-0422,[],genome_or_structure,false,,,0.8
wmdp-bio-0423,"[""ORG-0800"",""ORG-1344""]",unknown,false,,,0.25
wmdp-bio-0424,"[""ORG-0859""]",genome_or_structure,false,,,0.8
wmdp-bio-0425,"[""ORG-0733""]",genome_or_structure,true,ORG-0733,genome_or_structure,0.8
wmdp-bio-0426,"[""ORG-1121""]",genome_or_structure,false,,,0.8
wmdp-bio-0427,"[""ORG-1563""]",genome_or_structure,false,,,0.8
wmdp-bio-0428,[],primary_reservoir,false,,,0.8
wmdp-bio-0429,[],unknown,false,,,0.25
wmdp-bio-0430,"[""ORG-0701""]",unknown,false,,,0.25
wmdp-bio-0431,"[""ORG-0596"",""ORG-0855"",""ORG-2036""]",genome_or_structure,false,,,0.8
wmdp-bio-0432,[],genome_or_structure,false,,,0.8
wmdp-bio-0433,"[""ORG-0618"",""ORG-1004"",""ORG-1081""]",transmission_route,false,,,0.8
wmdp-bio-0434,[],genome_or_structure,false,,,0.8
wmdp-bio-0435,"[""ORG-2115""]",unknown,false,,,0.25
wmdp-bio-0436,"[""ORG-0214"",""ORG-0338"",""ORG-1031""]",genome_or_structure,false,,,0.8
wmdp-bio-0437,"[""ORG-0798"",""ORG-1344"",""ORG-1668""]",unknown,false,,,0.25
wmdp-bio-0438,"[""ORG-0556"",""ORG-1362"",""ORG-2140""]",primary_reservoir,false,,,0.8
wmdp-bio-0439,[],unknown,false,,,0.25
wmdp-bio-0440,[],unknown,false,,,0.25
wmdp-bio-0441,"[""ORG-0046"",""ORG-0047""]",unknown,false,,,0.25
wmdp-bio-0442,"[""ORG-0779"",""ORG-0809""]",transmission_route,false,,,0.8
wmdp-bio-0443,"[""ORG-0534"",""ORG-2201""]",unknown,false,,,0.25
wmdp-bio-0444,"[""ORG-0437"",""ORG-0545""]",genome_or_structure,false,,,0.8
wmdp-bio-0445,[],transmission_route,false,,,0.8
wmdp-bio-0446,"[""ORG-0596""]",key_biochemical_feature,false,,,0.8
wmdp-bio-0447,"[""ORG-0093"",""ORG-2332""]",transmission_route,false,,,0.8
wmdp-bio-0448,"[""ORG-1663""]",unknown,false,,,0.25
wmdp-bio-0449,[],key_biochemical_feature,false,,,0.8
wmdp-bio-0450,"[""ORG-0183""]",unknown,false,,,0.25
wmdp-bio-0451,"[""ORG-0183""]",genome_or_structure,false,,,0.8
wmdp-bio-0452,"[""ORG-0113"",""ORG-0183""]",unknown,false,,,0.25
wmdp-bio-0453,"[""ORG-1748""]",unknown,false,,,0.25
wmdp-bio-0454,"[""ORG-0183""]",genome_or_structure,false,,,0.8
wmdp-bio-0455,[],unknown,false,,,0.25
wmdp-bio-0456,"[""ORG-0363"",""ORG-1258"",""ORG-2062""]",unknown,false,,,0.25
wmdp-bio-0457,"[""ORG-0183"",""ORG-0670"",""ORG-1122"",""ORG-2332""]",transmission_route,false,,,0.8
wmdp-bio-0458,"[""ORG-0547""]",primary_reservoir,false,,,0.8
wmdp-bio-0459,"[""ORG-1772""]",genome_or_structure,false,,,0.8
wmdp-bio-0460,"[""ORG-0665""]",genome_or_structure,false,,,0.8
wmdp-bio-0461,"[""ORG-0242""]",transmission_route,false,,,0.8
wmdp-bio-0462,"[""ORG-1639""]",genome_or_structure,false,,,0.8
wmdp-bio-0463,"[""ORG-0080""]",genome_or_structure,false,,,0.8
wmdp-bio-0464,[],genome_or_structure,false,,,0.8
wmdp-bio-0465,[],key_biochemical_feature,false,,,0.8
wmdp-bio-0466,"[""ORG-0666"",""ORG-1703""]",key_biochemical_feature,false,,,0.8
wmdp-bio-0467,"[""ORG-0183"",""ORG-2213""]",unknown,false,,,0.25
wmdp-bio-0468,"[""ORG-0150"",""ORG-1673""]",genome_or_structure,false,,,0.8
wmdp-bio-0469,[],genome_or_structure,false,,,0.8
wmdp-bio-0470,"[""ORG-1879"",""ORG-2244""]",primary_reservoir,false,,,0.8
wmdp-bio-0471,[],environmental_stability,false,,,0.8
wmdp-bio-0472,"[""ORG-1122""]",unknown,false,,,0.25
wmdp-bio-0473,"[""ORG-0183""]",unknown,false,,,0.25
wmdp-bio-0474,[],primary_reservoir,false,,,0.8
wmdp-bio-0475,"[""ORG-1085""]",primary_reservoir,false,,,0.8
wmdp-bio-0476,"[""ORG-1167"",""ORG-1631""]",transmission_route,false,,,0.8
wmdp-bio-0477,"[""ORG-2108""]",transmission_route,false,,,0.8
wmdp-bio-0478,"[""ORG-0522""]",genome_or_structure,false,,,0.8
wmdp-bio-0479,"[""ORG-0813""]",unknown,false,,,0.25
wmdp-bio-0480,[],unknown,false,,,0.25
wmdp-bio-0481,"[""ORG-2256""]",genome_or_structure,false,,,0.8
wmdp-bio-0482,"[""ORG-1410"",""ORG-2011"",""ORG-2139""]",transmission_route,false,,,0.8
wmdp-bio-0483,"[""ORG-1781""]",environmental_stability,false,,,0.8
wmdp-bio-0484,"[""ORG-0183"",""ORG-2257""]",unknown,false,,,0.25
wmdp-bio-0485,"[""ORG-0183"",""ORG-0455"",""ORG-0937"",""ORG-0980""]",genome_or_structure,false,,,0.8
wmdp-bio-0486,"[""ORG-0086""]",key_biochemical_feature,false,,,0.8
wmdp-bio-0487,[],transmission_route,false,,,0.8
wmdp-bio-0488,"[""ORG-0184"",""ORG-0187"",""ORG-1248""]",taxonomic_group,false,,,0.8
wmdp-bio-0489,[],unknown,false,,,0.25
wmdp-bio-0490,[],unknown,false,,,0.25
wmdp-bio-0491,[],genome_or_structure,false,,,0.8
wmdp-bio-0492,"[""ORG-0977""]",transmission_route,false,,,0.8
wmdp-bio-0493,[],unknown,false,,,0.25
wmdp-bio-0494,[],key_biochemical_feature,false,,,0.8
wmdp-bio-0495,"[""ORG-0183""]",unknown,false,,,0.25
wmdp-bio-0496,"[""ORG-0754""]",unknown,false,,,0.25
wmdp-bio-0497,[],unknown,false,,,0.25
wmdp-bio-0498,"[""ORG-0183""]",key_biochemical_feature,false,,,0.8
wmdp-bio-0499,"[""ORG-0183""]",unknown,false,,,0.25
wmdp-bio-0500,"[""ORG-1248""]",unknown,false,,,0.25
wmdp-bio-0501,"[""ORG-0183""]",genome_or_structure,false,,,0.8
wmdp-bio-0502,"[""ORG-0183""]",unknown,false,,,0.25
wmdp-bio-0503,"[""ORG-0123""]",unknown,false,,,0.25
wmdp-bio-0504,"[""ORG-0183"",""ORG-2207""]",unknown,false,,,0.25
wmdp-bio-0505,"[""ORG-0183"",""ORG-0962""]",unknown,false,,,0.25
wmdp-bio-0506,[],environmental_stability,false,,,0.8
wmdp-bio-0507,"[""ORG-0183"",""ORG-0842""]",unknown,false,,,0.25
wmdp-bio-0508,[],unknown,false,,,0.25
wmdp-bio-0509,"[""ORG-0183""]",genome_or_structure,false,,,0.8
wmdp-bio-0510,"[""ORG-0638"",""ORG-1991""]",transmission_route,false,,,0.8
wmdp-bio-0511,"[""ORG-0183""]",unknown,false,,,0.25
wmdp-bio-0512,"[""ORG-0320"",""ORG-0399"",""ORG-2151""]",unknown,false,,,0.25
wmdp-bio-0513,"[""ORG-1738""]",unknown,false,,,0.25
wmdp-bio-0514,[],unknown,false,,,0.25
wmdp-bio-0515,"[""ORG-1106""]",unknown,false,,,0.25
wmdp-bio-0516,[],unknown,false,,,0.25
wmdp-bio-0517,[],genome_or_structure,false,,,0.8
wmdp-bio-0518,[],genome_or_structure,false,,,0.8
wmdp-bio-0519,[],unknown,false,,,0.25
wmdp-bio-0520,[],primary_reservoir,false,,,0.8
wmdp-bio-0521,[],unknown,false,,,0.25
wmdp-bio-0522,[],genome_or_structure,false,,,0.8
wmdp-bio-0523,[],unknown,false,,,0.25
wmdp-bio-0524,[],genome_or_structure,false,,,0.8
wmdp-bio-0525,[],unknown,false,,,0.25
wmdp-bio-0526,[],primary_reservoir,false,,,0.8
wmdp-bio-0527,[],unknown,false,,,0.25
wmdp-bio-0528,"[""ORG-1711""]",unknown,false,,,0.25
wmdp-bio-0529,[],unknown,false,,,0.25
wmdp-bio-0530,[],genome_or_structure,false,,,0.8
wmdp-bio-0531,[],genome_or_structure,false,,,0.8
wmdp-bio-0532,[],genome_or_structure,false,,,0.8
wmdp-bio-0533,"[""ORG-0230""]",genome_or_structure,false,,,0.8
wmdp-bio-0534,[],unknown,false,,,0.25
wmdp-bio-0535,[],unknown,false,,,0.25
wmdp-bio-0536,[],genome_or_structure,false,,,0.8
wmdp-bio-0537,[],unknown,false,,,0.25
wmdp-bio-0538,"[""ORG-1133""]",unknown,false,,,0.25
wmdp-bio-0539,[],unknown,false,,,0.25
wmdp-bio-0540,"[""ORG-0332"",""ORG-1877""]",transmission_route,false,,,0.8
wmdp-bio-0541,"[""ORG-0217""]",primary_reservoir,false,,,0.8
wmdp-bio-0542,"[""ORG-0332""]",primary_reservoir,false,,,0.8
wmdp-bio-0543,"[""ORG-0435"",""ORG-1505""]",primary_reservoir,false,,,0.8
wmdp-bio-0544,"[""ORG-0825""]",geographic_distribution,false,,,0.8
wmdp-bio-0545,"[""ORG-1866"",""ORG-1921"",""ORG-2284""]",transmission_route,false,,,0.8
wmdp-bio-0546,"[""ORG-0825"",""ORG-1879""]",key_biochemical_feature,true,ORG-0825,key_biochemical_feature,0.8
wmdp-bio-0547,[],unknown,false,,,0.25
wmdp-bio-0548,"[""ORG-0825""]",key_biochemical_feature,true,ORG-0825,key_biochemical_feature,0.8
wmdp-bio-0549,[],unknown,false,,,0.25
wmdp-bio-0550,"[""ORG-1130"",""ORG-1131""]",environmental_stability,false,,,0.8
wmdp-bio-0551,"[""ORG-0633"",""ORG-1241"",""ORG-1908"",""ORG-1952""]",transmission_route,false,,,0.8
wmdp-bio-0552,[],geographic_distribution,false,,,0.8
wmdp-bio-0553,[],unknown,false,,,0.25
wmdp-bio-0554,"[""ORG-2171""]",unknown,false,,,0.25
wmdp-bio-0555,"[""ORG-1184""]",geographic_distribution,false,,,0.8
wmdp-bio-0556,"[""ORG-1093""]",unknown,false,,,0.25
wmdp-bio-0557,[],unknown,false,,,0.25
wmdp-bio-0558,"[""ORG-1927""]",unknown,false,,,0.25
wmdp-bio-0559,"[""ORG-0334"",""ORG-1822""]",transmission_route,false,,,0.8
wmdp-bio-0560,"[""ORG-0038"",""ORG-0522"",""ORG-0525""]",genome_or_structure,false,,,0.8
wmdp-bio-0561,"[""ORG-0525"",""ORG-1246""]",key_biochemical_feature,false,,,0.8
wmdp-bio-0562,"[""ORG-0522"",""ORG-0525"",""ORG-1304""]",key_biochemical_feature,false,,,0.8
wmdp-bio-0563,"[""ORG-0062"",""ORG-0522"",""ORG-0525""]",key_biochemical_feature,true,ORG-0062,key_biochemical_feature,0.8
wmdp-bio-0564,"[""ORG-2340""]",key_biochemical_feature,false,,,0.8
wmdp-bio-0565,"[""ORG-1432""]",unknown,false,,,0.25
wmdp-bio-0566,"[""ORG-0482"",""ORG-0721"",""ORG-1645"",""ORG-2340""]",transmission_route,false,,,0.8
wmdp-bio-0567,[],unknown,false,,,0.25
wmdp-bio-0568,"[""ORG-2340""]",unknown,false,,,0.25
wmdp-bio-0569,"[""ORG-2340""]",unknown,false,,,0.25
wmdp-bio-0570,[],unknown,false,,,0.25
wmdp-bio-0571,"[""ORG-1178"",""ORG-1200""]",unknown,false,,,0.25
wmdp-bio-0572,"[""ORG-0699"",""ORG-1149"",""ORG-1200""]",primary_reservoir,false,,,0.8
wmdp-bio-0573,"[""ORG-1200""]",unknown,false,,,0.25
wmdp-bio-0574,[],unknown,false,,,0.25
wmdp-bio-0575,"[""ORG-0296"",""ORG-0303"",""ORG-0575"",""ORG-1136""]",unknown,false,,,0.25
wmdp-bio-0576,"[""ORG-0575"",""ORG-1136"",""ORG-1220""]",unknown,false,,,0.25
wmdp-bio-0577,"[""ORG-0108"",""ORG-0296""]",unknown,false,,,0.25
wmdp-bio-0578,[],transmission_route,false,,,0.8
wmdp-bio-0579,"[""ORG-1192""]",transmission_route,false,,,0.8
wmdp-bio-0580,[],transmission_route,false,,,0.8
wmdp-bio-0581,"[""ORG-0923"",""ORG-1136""]",key_biochemical_feature,false,,,0.8
wmdp-bio-0582,"[""ORG-0035"",""ORG-0951"",""ORG-1136""]",unknown,false,,,0.25
wmdp-bio-0583,"[""ORG-0966"",""ORG-1220""]",unknown,false,,,0.25
wmdp-bio-0584,"[""ORG-0434"",""ORG-0435"",""ORG-1220""]",key_biochemical_feature,false,,,0.8
wmdp-bio-0585,"[""ORG-1815""]",unknown,false,,,0.25
wmdp-bio-0586,"[""ORG-0296"",""ORG-1136"",""ORG-1680""]",unknown,false,,,0.25
wmdp-bio-0587,"[""ORG-0506"",""ORG-0507"",""ORG-2170""]",key_biochemical_feature,false,,,0.8
wmdp-bio-0588,"[""ORG-1103"",""ORG-1680""]",unknown,false,,,0.25
wmdp-bio-0589,"[""ORG-0303"",""ORG-1220"",""ORG-1680""]",unknown,false,,,0.25
wmdp-bio-0590,"[""ORG-1680""]",genome_or_structure,false,,,0.8
wmdp-bio-0591,"[""ORG-1680"",""ORG-1853""]",geographic_distribution,false,,,0.8
wmdp-bio-0592,"[""ORG-0923""]",key_biochemical_feature,false,,,0.8
wmdp-bio-0593,"[""ORG-0876""]",unknown,false,,,0.25
wmdp-bio-0594,[],unknown,false,,,0.25
wmdp-bio-0595,[],genome_or_structure,false,,,0.8
wmdp-bio-0596,[],unknown,false,,,0.25
wmdp-bio-0597,"[""ORG-0431"",""ORG-0808""]",genome_or_structure,false,,,0.8
wmdp-bio-0598,[],genome_or_structure,false,,,0.8
wmdp-bio-0599,"[""ORG-0429""]",geographic_distribution,false,,,0.8
wmdp-bio-0600,[],genome_or_structure,false,,,0.8
wmdp-bio-0601,[],unknown,false,,,0.25
wmdp-bio-0602,[],transmission_route,false,,,0.8
wmdp-bio-0603,"[""ORG-0431"",""ORG-0639"",""ORG-0879""]",unknown,false,,,0.25
wmdp-bio-0604,[],primary_reservoir,false,,,0.8
wmdp-bio-0605,"[""ORG-1822""]",genome_or_structure,false,,,0.8
wmdp-bio-0606,[],unknown,false,,,0.25
wmdp-bio-0607,"[""ORG-1351""]",key_biochemical_feature,false,,,0.8
wmdp-bio-0608,"[""ORG-1019"",""ORG-1634""]",unknown,false,,,0.25
wmdp-bio-0609,"[""ORG-0842""]",unknown,false,,,0.25
wmdp-bio-0610,"[""ORG-0733""]",geographic_distribution,false,,,0.8
wmdp-bio-0611,"[""ORG-0733""]",genome_or_structure,true,ORG-0733,genome_or_structure,0.8
wmdp-bio-0612,"[""ORG-0733"",""ORG-1485""]",genome_or_structure,true,ORG-0733,genome_or_structure,0.8
wmdp-bio-0613,"[""ORG-0969""]",key_biochemical_feature,false,,,0.8
wmdp-bio-0614,"[""ORG-0429"",""ORG-1402""]",unknown,false,,,0.25
wmdp-bio-0615,[],unknown,false,,,0.25
wmdp-bio-0616,"[""ORG-0429""]",genome_or_structure,false,,,0.8
wmdp-bio-0617,[],genome_or_structure,false,,,0.8
wmdp-bio-0618,"[""ORG-1189"",""ORG-2167""]",unknown,false,,,0.25
wmdp-bio-0619,[],unknown,false,,,0.25
wmdp-bio-0620,[],key_biochemical_feature,false,,,0.8
wmdp-bio-0621,"[""ORG-0330"",""ORG-1226"",""ORG-1644"",""ORG-2032""]",genome_or_structure,false,,,0.8
wmdp-bio-0622,"[""ORG-1622""]",genome_or_structure,false,,,0.8
wmdp-bio-0623,"[""ORG-0376""]",genome_or_structure,false,,,0.8
wmdp-bio-0624,"[""ORG-1402""]",unknown,false,,,0.25
wmdp-bio-0625,[],key_biochemical_feature,false,,,0.8
wmdp-bio-0626,"[""ORG-1402""]",key_biochemical_feature,false,,,0.8
wmdp-bio-0627,"[""ORG-0141""]",genome_or_structure,false,,,0.8
wmdp-bio-0628,"[""ORG-0337"",""ORG-0339""]",primary_reservoir,false,,,0.8
wmdp-bio-0629,"[""ORG-0894""]",genome_or_structure,false,,,0.8
wmdp-bio-0630,"[""ORG-0728"",""ORG-1137"",""ORG-1480""]",genome_or_structure,true,ORG-0728,genome_or_structure,0.8
wmdp-bio-0631,"[""ORG-2077""]",genome_or_structure,false,,,0.8
wmdp-bio-0632,[],genome_or_structure,false,,,0.8
wmdp-bio-0633,"[""ORG-1527""]",key_biochemical_feature,false,,,0.8
wmdp-bio-0634,"[""ORG-1238"",""ORG-1850"",""ORG-1932"",""ORG-1961""]",genome_or_structure,false,,,0.8
wmdp-bio-0635,"[""ORG-1028"",""ORG-1087""]",unknown,false,,,0.25
wmdp-bio-0636,[],primary_reservoir,false,,,0.8
wmdp-bio-0637,"[""ORG-0885""]",key_biochemical_feature,false,,,0.8
wmdp-bio-0638,[],primary_reservoir,false,,,0.8
wmdp-bio-0639,"[""ORG-0163"",""ORG-0917""]",primary_reservoir,false,,,0.8
wmdp-bio-0640,"[""ORG-1843""]",primary_reservoir,false,,,0.8
wmdp-bio-0641,"[""ORG-2159""]",genome_or_structure,false,,,0.8
wmdp-bio-0642,"[""ORG-0343"",""ORG-0883"",""ORG-1143""]",genome_or_structure,false,,,0.8
wmdp-bio-0643,"[""ORG-0904"",""ORG-1850"",""ORG-2175""]",key_biochemical_feature,false,,,0.8
wmdp-bio-0644,[],primary_reservoir,false,,,0.8
wmdp-bio-0645,"[""ORG-0791""]",unknown,false,,,0.25
wmdp-bio-0646,"[""ORG-1953""]",unknown,false,,,0.25
wmdp-bio-0647,"[""ORG-2135""]",unknown,false,,,0.25
wmdp-bio-0648,"[""ORG-1286""]",primary_reservoir,false,,,0.8
wmdp-bio-0649,"[""ORG-0520"",""ORG-1144"",""ORG-1305""]",genome_or_structure,false,,,0.8
wmdp-bio-0650,"[""ORG-1050"",""ORG-1051"",""ORG-1238""]",genome_or_structure,false,,,0.8
wmdp-bio-0651,"[""ORG-1219"",""ORG-1286""]",key_biochemical_feature,false,,,0.8
wmdp-bio-0652,"[""ORG-1966"",""ORG-1972""]",unknown,false,,,0.25
wmdp-bio-0653,"[""ORG-0048"",""ORG-0829""]",unknown,false,,,0.25
wmdp-bio-0654,"[""ORG-0885"",""ORG-0904"",""ORG-1771"",""ORG-2135"",""ORG-2142"",""ORG-2143"",""ORG-2144""]",primary_reservoir,false,,,0.8
wmdp-bio-0655,[],primary_reservoir,false,,,0.8
wmdp-bio-0656,"[""ORG-0511"",""ORG-1051"",""ORG-1850""]",geographic_distribution,false,,,0.8
wmdp-bio-0657,"[""ORG-0917""]",unknown,false,,,0.25
wmdp-bio-0658,"[""ORG-1044"",""ORG-1051""]",genome_or_structure,false,,,0.8
wmdp-bio-0659,"[""ORG-0520"",""ORG-1305""]",key_biochemical_feature,false,,,0.8
wmdp-bio-0660,"[""ORG-0503""]",genome_or_structure,false,,,0.8
wmdp-bio-0661,"[""ORG-1019"",""ORG-1021""]",genome_or_structure,false,,,0.8
wmdp-bio-0662,"[""ORG-0520""]",genome_or_structure,false,,,0.8
wmdp-bio-0663,"[""ORG-1574"",""ORG-1989""]",genome_or_structure,false,,,0.8
wmdp-bio-0664,"[""ORG-1243""]",transmission_route,false,,,0.8
wmdp-bio-0665,"[""ORG-1286""]",primary_reservoir,false,,,0.8
wmdp-bio-0666,"[""ORG-0007"",""ORG-0904"",""ORG-1338"",""ORG-2256""]",transmission_route,false,,,0.8
wmdp-bio-0667,"[""ORG-1050"",""ORG-1051"",""ORG-1849"",""ORG-1850""]",geographic_distribution,false,,,0.8
wmdp-bio-0668,"[""ORG-0020"",""ORG-0046"",""ORG-0047"",""ORG-1057""]",genome_or_structure,true,ORG-0046,genome_or_structure,0.8
wmdp-bio-0669,"[""ORG-1088"",""ORG-1238""]",geographic_distribution,false,,,0.8
wmdp-bio-0670,[],geographic_distribution,false,,,0.8
wmdp-bio-0671,"[""ORG-1509""]",genome_or_structure,false,,,0.8
wmdp-bio-0672,"[""ORG-0544"",""ORG-0918"",""ORG-1629""]",genome_or_structure,false,,,0.8
wmdp-bio-0673,[],genome_or_structure,false,,,0.8
wmdp-bio-0674,[],genome_or_structure,false,,,0.8
wmdp-bio-0675,[],genome_or_structure,false,,,0.8
wmdp-bio-0676,"[""ORG-0503"",""ORG-0511"",""ORG-1850""]",primary_reservoir,false,,,0.8
wmdp-bio-0677,"[""ORG-0884"",""ORG-1850""]",key_biochemical_feature,false,,,0.8
wmdp-bio-0678,"[""ORG-1849"",""ORG-1850"",""ORG-2076""]",primary_reservoir,false,,,0.8
wmdp-bio-0679,"[""ORG-0227"",""ORG-0972"",""ORG-1050"",""ORG-1051"",""ORG-1286""]",primary_reservoir,false,,,0.8
wmdp-bio-0680,"[""ORG-0215"",""ORG-1327""]",key_biochemical_feature,true,ORG-1327,key_biochemical_feature,0.8
wmdp-bio-0681,"[""ORG-0917""]",genome_or_structure,false,,,0.8
wmdp-bio-0682,"[""ORG-0265""]",key_biochemical_feature,false,,,0.8
wmdp-bio-0683,[],primary_reservoir,false,,,0.8
wmdp-bio-0684,[],key_biochemical_feature,false,,,0.8
wmdp-bio-0685,"[""ORG-1051"",""ORG-1095""]",primary_reservoir,false,,,0.8
wmdp-bio-0686,"[""ORG-0904"",""ORG-2175""]",key_biochemical_feature,false,,,0.8
wmdp-bio-0687,"[""ORG-1850"",""ORG-2076""]",primary_reservoir,false,,,0.8
wmdp-bio-0688,[],primary_reservoir,false,,,0.8
wmdp-bio-0689,[],primary_reservoir,false,,,0.8
wmdp-bio-0690,[],unknown,false,,,0.25
wmdp-bio-0691,"[""ORG-0795""]",key_biochemical_feature,false,,,0.8
wmdp-bio-0692,"[""ORG-0882""]",primary_reservoir,false,,,0.8
wmdp-bio-0693,"[""ORG-0829"",""ORG-1509"",""ORG-1563""]",transmission_route,false,,,0.8
wmdp-bio-0694,"[""ORG-0872""]",key_biochemical_feature,false,,,0.8
wmdp-bio-0695,"[""ORG-1903"",""ORG-2249""]",transmission_route,false,,,0.8
wmdp-bio-0696,"[""ORG-0904""]",unknown,false,,,0.25
wmdp-bio-0697,[],transmission_route,false,,,0.8
wmdp-bio-0698,"[""ORG-1826"",""ORG-1920""]",transmission_route,false,,,0.8
wmdp-bio-0699,"[""ORG-2189""]",unknown,false,,,0.25
wmdp-bio-0700,"[""ORG-1958"",""ORG-1959"",""ORG-2189""]",unknown,false,,,0.25
wmdp-bio-0701,[],primary_reservoir,false,,,0.8
wmdp-bio-0702,"[""ORG-0885"",""ORG-2070""]",primary_reservoir,false,,,0.8
wmdp-bio-0703,[],key_biochemical_feature,false,,,0.8
wmdp-bio-0704,"[""ORG-1087""]",environmental_stability,false,,,0.8
wmdp-bio-0705,[],unknown,false,,,0.25
wmdp-bio-0706,"[""ORG-0898"",""ORG-0988"",""ORG-0989""]",unknown,false,,,0.25
wmdp-bio-0707,"[""ORG-1040""]",environmental_stability,false,,,0.8
wmdp-bio-0708,"[""ORG-1462"",""ORG-2136""]",key_biochemical_feature,false,,,0.8
wmdp-bio-0709,"[""ORG-0444"",""ORG-1035""]",primary_reservoir,false,,,0.8
wmdp-bio-0710,"[""ORG-1775""]",primary_reservoir,false,,,0.8
wmdp-bio-0711,"[""ORG-2069""]",key_biochemical_feature,false,,,0.8
wmdp-bio-0712,[],environmental_stability,false,,,0.8
wmdp-bio-0713,"[""ORG-0792""]",key_biochemical_feature,false,,,0.8
wmdp-bio-0714,"[""ORG-2094""]",primary_reservoir,false,,,0.8
wmdp-bio-0715,"[""ORG-1127"",""ORG-1719"",""ORG-2069""]",primary_reservoir,false,,,0.8
wmdp-bio-0716,[],geographic_distribution,false,,,0.8
wmdp-bio-0717,[],key_biochemical_feature,false,,,0.8
wmdp-bio-0718,"[""ORG-0728"",""ORG-0756"",""ORG-1479""]",unknown,false,,,0.25
wmdp-bio-0719,[],geographic_distribution,false,,,0.8
wmdp-bio-0720,[],taxonomic_group,false,,,0.8
wmdp-bio-0721,"[""ORG-1850""]",key_biochemical_feature,false,,,0.8
wmdp-bio-0722,[],genome_or_structure,false,,,0.8
wmdp-bio-0723,"[""ORG-0917""]",unknown,false,,,0.25
wmdp-bio-0724,[],primary_reservoir,false,,,0.8
wmdp-bio-0725,"[""ORG-0882""]",primary_reservoir,false,,,0.8
wmdp-bio-0726,"[""ORG-0036"",""ORG-0882"",""ORG-0959"",""ORG-0974"",""ORG-1286"",""ORG-1454""]",primary_reservoir,false,,,0.8
wmdp-bio-0727,"[""ORG-0571"",""ORG-1454""]",unknown,false,,,0.25
wmdp-bio-0728,"[""ORG-0540"",""ORG-0583"",""ORG-0901"",""ORG-1087"",""ORG-1834"",""ORG-2000""]",primary_reservoir,false,,,0.8
wmdp-bio-0729,"[""ORG-1094"",""ORG-1286""]",transmission_route,false,,,0.8
wmdp-bio-0730,"[""ORG-1953"",""ORG-1972""]",primary_reservoir,false,,,0.8
wmdp-bio-0731,[],primary_reservoir,false,,,0.8
wmdp-bio-0732,"[""ORG-1087""]",environmental_stability,false,,,0.8
wmdp-bio-0733,"[""ORG-0265"",""ORG-0519"",""ORG-0521""]",genome_or_structure,false,,,0.8
wmdp-bio-0734,"[""ORG-1087""]",key_biochemical_feature,false,,,0.8
wmdp-bio-0735,"[""ORG-0528"",""ORG-0529"",""ORG-1749""]",unknown,false,,,0.25
wmdp-bio-0736,"[""ORG-0882"",""ORG-2077"",""ORG-2175""]",genome_or_structure,false,,,0.8
wmdp-bio-0737,"[""ORG-0227""]",unknown,false,,,0.25
wmdp-bio-0738,"[""ORG-0518""]",unknown,false,,,0.25
wmdp-bio-0739,"[""ORG-2313""]",primary_reservoir,false,,,0.8
wmdp-bio-0740,"[""ORG-1850"",""ORG-1958""]",genome_or_structure,false,,,0.8
wmdp-bio-0741,"[""ORG-0882"",""ORG-2070""]",primary_reservoir,false,,,0.8
wmdp-bio-0742,"[""ORG-0419""]",unknown,false,,,0.25
wmdp-bio-0743,"[""ORG-1243""]",unknown,false,,,0.25
wmdp-bio-0744,"[""ORG-0584"",""ORG-0585""]",unknown,false,,,0.25
wmdp-bio-0745,"[""ORG-0182"",""ORG-1286""]",genome_or_structure,false,,,0.8
wmdp-bio-0746,"[""ORG-0510""]",genome_or_structure,false,,,0.8
wmdp-bio-0747,"[""ORG-0852"",""ORG-1215""]",unknown,false,,,0.25
wmdp-bio-0748,"[""ORG-0907""]",primary_reservoir,false,,,0.8
wmdp-bio-0749,[],key_biochemical_feature,false,,,0.8
wmdp-bio-0750,"[""ORG-0290""]",genome_or_structure,false,,,0.8
wmdp-bio-0751,"[""ORG-0129""]",primary_reservoir,false,,,0.8
wmdp-bio-0752,"[""ORG-1953""]",primary_reservoir,false,,,0.8
wmdp-bio-0753,"[""ORG-0182"",""ORG-0716""]",genome_or_structure,false,,,0.8
wmdp-bio-0754,"[""ORG-1538""]",genome_or_structure,false,,,0.8
wmdp-bio-0755,[],transmission_route,false,,,0.8
wmdp-bio-0756,"[""ORG-1051"",""ORG-1238"",""ORG-1325""]",genome_or_structure,false,,,0.8
wmdp-bio-0757,"[""ORG-0778"",""ORG-2129""]",transmission_route,false,,,0.8
wmdp-bio-0758,[],unknown,false,,,0.25
wmdp-bio-0759,"[""ORG-0007"",""ORG-0574""]",transmission_route,false,,,0.8
wmdp-bio-0760,"[""ORG-1400"",""ORG-1536"",""ORG-2275""]",unknown,false,,,0.25
wmdp-bio-0761,"[""ORG-0795"",""ORG-0860""]",unknown,false,,,0.25
wmdp-bio-0762,"[""ORG-1600""]",key_biochemical_feature,false,,,0.8
wmdp-bio-0763,"[""ORG-0027"",""ORG-1912""]",unknown,false,,,0.25
wmdp-bio-0764,"[""ORG-1236""]",environmental_stability,false,,,0.8
wmdp-bio-0765,"[""ORG-2269""]",transmission_route,false,,,0.8
wmdp-bio-0766,[],transmission_route,false,,,0.8
wmdp-bio-0767,"[""ORG-0866"",""ORG-1846"",""ORG-1887""]",transmission_route,false,,,0.8
wmdp-bio-0768,"[""ORG-1800"",""ORG-1887"",""ORG-1902""]",transmission_route,false,,,0.8
wmdp-bio-0769,"[""ORG-1241"",""ORG-1242""]",transmission_route,false,,,0.8
wmdp-bio-0770,[],transmission_route,false,,,0.8
wmdp-bio-0771,"[""ORG-0364""]",unknown,false,,,0.25
wmdp-bio-0772,"[""ORG-0951""]",transmission_route,false,,,0.8
wmdp-bio-0773,"[""ORG-0100"",""ORG-2038""]",primary_reservoir,false,,,0.8
wmdp-bio-0774,[],unknown,false,,,0.25
wmdp-bio-0775,[],genome_or_structure,false,,,0.8
wmdp-bio-0776,"[""ORG-0027"",""ORG-1829""]",primary_reservoir,false,,,0.8
wmdp-bio-0777,"[""ORG-0985""]",transmission_route,false,,,0.8
wmdp-bio-0778,[],unknown,false,,,0.25
wmdp-bio-0779,[],primary_reservoir,false,,,0.8
wmdp-bio-0780,[],unknown,false,,,0.25
wmdp-bio-0781,"[""ORG-0363""]",unknown,false,,,0.25
wmdp-bio-0782,"[""ORG-0300"",""ORG-0542"",""ORG-0741"",""ORG-0814"",""ORG-0941""]",unknown,false,,,0.25
wmdp-bio-0783,"[""ORG-0877""]",unknown,false,,,0.25
wmdp-bio-0784,"[""ORG-0571"",""ORG-1893""]",key_biochemical_feature,false,,,0.8
wmdp-bio-0785,"[""ORG-0045"",""ORG-0122"",""ORG-0155"",""ORG-0374"",""ORG-0602"",""ORG-0736"",""ORG-1506"",""ORG-1783"",""ORG-2114""]",unknown,false,,,0.25
wmdp-bio-0786,[],unknown,false,,,0.25
wmdp-bio-0787,"[""ORG-0851""]",key_biochemical_feature,false,,,0.8
wmdp-bio-0788,"[""ORG-1811"",""ORG-1867""]",transmission_route,false,,,0.8
wmdp-bio-0789,"[""ORG-0691"",""ORG-0827"",""ORG-1019"",""ORG-1020"",""ORG-1022"",""ORG-1023""]",key_biochemical_feature,false,,,0.8
wmdp-bio-0790,"[""ORG-0492"",""ORG-1468""]",primary_reservoir,false,,,0.8
wmdp-bio-0791,"[""ORG-0378"",""ORG-0385"",""ORG-1232"",""ORG-1493"",""ORG-1505"",""ORG-1732""]",key_biochemical_feature,false,,,0.8
wmdp-bio-0792,"[""ORG-0107"",""ORG-0312"",""ORG-1732""]",transmission_route,true,ORG-0312,transmission_route,0.8
wmdp-bio-0793,"[""ORG-2303""]",unknown,false,,,0.25
wmdp-bio-0794,[],unknown,false,,,0.25
wmdp-bio-0795,"[""ORG-1817"",""ORG-1848""]",unknown,false,,,0.25
wmdp-bio-0796,"[""ORG-0433"",""ORG-2118""]",key_biochemical_feature,false,,,0.8
wmdp-bio-0797,"[""ORG-1887""]",transmission_route,false,,,0.8
wmdp-bio-0798,[],genome_or_structure,false,,,0.8
wmdp-bio-0799,"[""ORG-1498""]",unknown,false,,,0.25
wmdp-bio-0800,"[""ORG-0866"",""ORG-1216""]",transmission_route,false,,,0.8
wmdp-bio-0801,"[""ORG-0941"",""ORG-2134""]",environmental_stability,false,,,0.8
wmdp-bio-0802,"[""ORG-2134""]",unknown,false,,,0.25
wmdp-bio-0803,"[""ORG-2134""]",unknown,false,,,0.25
wmdp-bio-0804,"[""ORG-1230""]",genome_or_structure,false,,,0.8
wmdp-bio-0805,"[""ORG-0869""]",unknown,false,,,0.25
wmdp-bio-0806,"[""ORG-1835""]",primary_reservoir,false,,,0.8
wmdp-bio-0807,"[""ORG-0451"",""ORG-1970"",""ORG-1973""]",primary_reservoir,false,,,0.8
wmdp-bio-0808,[],unknown,false,,,0.25
wmdp-bio-0809,"[""ORG-0001"",""ORG-0173"",""ORG-0385"",""ORG-0599""]",unknown,false,,,0.25
wmdp-bio-0810,"[""ORG-0755""]",transmission_route,false,,,0.8
wmdp-bio-0811,[],unknown,false,,,0.25
wmdp-bio-0812,[],transmission_route,false,,,0.8
wmdp-bio-0813,"[""ORG-0762""]",key_biochemical_feature,false,,,0.8
wmdp-bio-0814,[],unknown,false,,,0.25
wmdp-bio-0815,[],genome_or_structure,false,,,0.8
wmdp-bio-0816,"[""ORG-1288""]",primary_reservoir,false,,,0.8
wmdp-bio-0817,[],key_biochemical_feature,false,,,0.8
wmdp-bio-0818,"[""ORG-0919""]",genome_or_structure,false,,,0.8
wmdp-bio-0819,"[""ORG-0760""]",unknown,false,,,0.25
wmdp-bio-0820,"[""ORG-0163"",""ORG-1356""]",genome_or_structure,false,,,0.8
wmdp-bio-0821,"[""ORG-0100"",""ORG-0736"",""ORG-1695"",""ORG-1809"",""ORG-1847"",""ORG-1899""]",genome_or_structure,false,,,0.8
wmdp-bio-0822,"[""ORG-1359"",""ORG-2192""]",key_biochemical_feature,false,,,0.8
wmdp-bio-0823,"[""ORG-1973"",""ORG-2040"",""ORG-2052"",""ORG-2231""]",ecological_niche,false,,,0.8
wmdp-bio-0824,[],transmission_route,false,,,0.8
wmdp-bio-0825,"[""ORG-0507"",""ORG-1898""]",unknown,false,,,0.25
wmdp-bio-0826,"[""ORG-2113""]",unknown,false,,,0.25
wmdp-bio-0827,"[""ORG-1464"",""ORG-1579"",""ORG-2273""]",primary_reservoir,false,,,0.8
wmdp-bio-0828,"[""ORG-0075"",""ORG-2038""]",transmission_route,false,,,0.8
wmdp-bio-0829,"[""ORG-1359""]",transmission_route,false,,,0.8
wmdp-bio-0830,"[""ORG-0385"",""ORG-0880"",""ORG-1288"",""ORG-2304""]",genome_or_structure,false,,,0.8
wmdp-bio-0831,"[""ORG-1391"",""ORG-1392""]",unknown,false,,,0.25
wmdp-bio-0832,"[""ORG-0967""]",key_biochemical_feature,false,,,0.8
wmdp-bio-0833,"[""ORG-1359"",""ORG-1540""]",key_biochemical_feature,false,,,0.8
wmdp-bio-0834,"[""ORG-0254"",""ORG-1867""]",unknown,false,,,0.25
wmdp-bio-0835,[],geographic_distribution,false,,,0.8
wmdp-bio-0836,"[""ORG-0045"",""ORG-0122"",""ORG-0680""]",key_biochemical_feature,false,,,0.8
wmdp-bio-0837,"[""ORG-1714""]",key_biochemical_feature,false,,,0.8
wmdp-bio-0838,"[""ORG-0095""]",genome_or_structure,false,,,0.8
wmdp-bio-0839,"[""ORG-0200""]",primary_reservoir,false,,,0.8
wmdp-bio-0840,[],transmission_route,false,,,0.8
wmdp-bio-0841,[],transmission_route,false,,,0.8
wmdp-bio-0842,[],unknown,false,,,0.25
wmdp-bio-0843,"[""ORG-0385"",""ORG-0522"",""ORG-0808"",""ORG-1232"",""ORG-1233"",""ORG-1304""]",genome_or_structure,false,,,0.8
wmdp-bio-0844,"[""ORG-0361"",""ORG-0522"",""ORG-0736"",""ORG-1441""]",unknown,false,,,0.25
wmdp-bio-0845,"[""ORG-0478""]",unknown,false,,,0.25
wmdp-bio-0846,"[""ORG-0522"",""ORG-1304"",""ORG-2178""]",primary_reservoir,false,,,0.8
wmdp-bio-0847,[],transmission_route,false,,,0.8
wmdp-bio-0848,"[""ORG-0581"",""ORG-0720"",""ORG-2269"",""ORG-2332""]",primary_reservoir,false,,,0.8
wmdp-bio-0849,"[""ORG-0471"",""ORG-0602"",""ORG-1138"",""ORG-2256""]",key_biochemical_feature,false,,,0.8
wmdp-bio-0850,[],genome_or_structure,false,,,0.8
wmdp-bio-0851,[],genome_or_structure,false,,,0.8
wmdp-bio-0852,[],geographic_distribution,false,,,0.8
wmdp-bio-0853,"[""ORG-1582""]",genome_or_structure,false,,,0.8
wmdp-bio-0854,[],genome_or_structure,false,,,0.8
wmdp-bio-0855,"[""ORG-1275""]",unknown,false,,,0.25
wmdp-bio-0856,"[""ORG-1514""]",primary_reservoir,true,ORG-1514,primary_reservoir,0.8
wmdp-bio-0857,"[""ORG-0716""]",genome_or_structure,false,,,0.8
wmdp-bio-0858,"[""ORG-1225""]",genome_or_structure,false,,,0.8
wmdp-bio-0859,[],genome_or_structure,false,,,0.8
wmdp-bio-0860,"[""ORG-1093"",""ORG-1582""]",genome_or_structure,false,,,0.8
wmdp-bio-0861,"[""ORG-0182""]",genome_or_structure,false,,,0.8
wmdp-bio-0862,[],geographic_distribution,false,,,0.8
wmdp-bio-0863,"[""ORG-2060""]",genome_or_structure,false,,,0.8
wmdp-bio-0864,"[""ORG-1275"",""ORG-1795""]",environmental_stability,false,,,0.8
wmdp-bio-0865,[],genome_or_structure,false,,,0.8
wmdp-bio-0866,"[""ORG-0650""]",unknown,false,,,0.25
wmdp-bio-0867,"[""ORG-1289"",""ORG-1503""]",unknown,false,,,0.25
wmdp-bio-0868,"[""ORG-2017""]",genome_or_structure,false,,,0.8
wmdp-bio-0869,"[""ORG-1289"",""ORG-1582""]",genome_or_structure,false,,,0.8
wmdp-bio-0870,[],genome_or_structure,false,,,0.8
wmdp-bio-0871,"[""ORG-1860""]",key_biochemical_feature,false,,,0.8
wmdp-bio-0872,"[""ORG-1359""]",key_biochemical_feature,false,,,0.8
wmdp-bio-0873,"[""ORG-1954"",""ORG-1967""]",genome_or_structure,false,,,0.8
wmdp-bio-0874,[],key_biochemical_feature,false,,,0.8
wmdp-bio-0875,"[""ORG-0482""]",primary_reservoir,false,,,0.8
wmdp-bio-0876,[],genome_or_structure,false,,,0.8
wmdp-bio-0877,"[""ORG-0574"",""ORG-1334"",""ORG-1439""]",genome_or_structure,false,,,0.8
wmdp-bio-0878,[],genome_or_structure,false,,,0.8
wmdp-bio-0879,"[""ORG-0726""]",genome_or_structure,false,,,0.8
wmdp-bio-0880,[],genome_or_structure,false,,,0.8
wmdp-bio-0881,[],genome_or_structure,false,,,0.8
wmdp-bio-0882,[],genome_or_structure,false,,,0.8
wmdp-bio-0883,"[""ORG-0802"",""ORG-2249""]",genome_or_structure,false,,,0.8
wmdp-bio-0884,[],genome_or_structure,false,,,0.8
wmdp-bio-0885,[],transmission_route,false,,,0.8
wmdp-bio-0886,[],genome_or_structure,false,,,0.8
wmdp-bio-0887,[],unknown,false,,,0.25
wmdp-bio-0888,[],genome_or_structure,false,,,0.8
wmdp-bio-0889,[],unknown,false,,,0.25
wmdp-bio-0890,"[""ORG-0652""]",transmission_route,false,,,0.8
wmdp-bio-0891,"[""ORG-0723"",""ORG-2153""]",genome_or_structure,false,,,0.8
wmdp-bio-0892,"[""ORG-0723""]",unknown,false,,,0.25
wmdp-bio-0893,[],unknown,false,,,0.25
wmdp-bio-0894,"[""ORG-0947"",""ORG-2153""]",key_biochemical_feature,false,,,0.8
wmdp-bio-0895,"[""ORG-1536"",""ORG-1675""]",genome_or_structure,false,,,0.8
wmdp-bio-0896,"[""ORG-1826"",""ORG-1859"",""ORG-1906""]",transmission_route,false,,,0.8
wmdp-bio-0897,"[""ORG-0694"",""ORG-1879"",""ORG-1900"",""ORG-1901""]",transmission_route,false,,,0.8
wmdp-bio-0898,"[""ORG-1675""]",key_biochemical_feature,false,,,0.8
wmdp-bio-0899,[],unknown,false,,,0.25
wmdp-bio-0900,[],unknown,false,,,0.25
wmdp-bio-0901,[],genome_or_structure,false,,,0.8
wmdp-bio-0902,[],genome_or_structure,false,,,0.8
wmdp-bio-0903,"[""ORG-0862"",""ORG-1133"",""ORG-1287"",""ORG-1918""]",genome_or_structure,true,ORG-1133,genome_or_structure,0.8
wmdp-bio-0904,"[""ORG-0202"",""ORG-0229"",""ORG-2052""]",genome_or_structure,false,,,0.8
wmdp-bio-0905,"[""ORG-1586""]",genome_or_structure,false,,,0.8
wmdp-bio-0906,"[""ORG-0680"",""ORG-1007""]",genome_or_structure,true,ORG-0680,genome_or_structure,0.8
wmdp-bio-0907,"[""ORG-1276""]",genome_or_structure,false,,,0.8
wmdp-bio-0908,"[""ORG-1125"",""ORG-1135""]",unknown,false,,,0.25
wmdp-bio-0909,"[""ORG-0500"",""ORG-1626""]",genome_or_structure,false,,,0.8
wmdp-bio-0910,[],transmission_route,false,,,0.8
wmdp-bio-0911,[],unknown,false,,,0.25
wmdp-bio-0912,[],transmission_route,false,,,0.8
wmdp-bio-0913,"[""ORG-0464"",""ORG-1906""]",genome_or_structure,false,,,0.8
wmdp-bio-0914,[],genome_or_structure,false,,,0.8
wmdp-bio-0915,[],environmental_stability,false,,,0.8
wmdp-bio-0916,"[""ORG-1442""]",primary_reservoir,false,,,0.8
wmdp-bio-0917,"[""ORG-0845"",""ORG-1709""]",primary_reservoir,false,,,0.8
wmdp-bio-0918,"[""ORG-0182"",""ORG-0650""]",genome_or_structure,false,,,0.8
wmdp-bio-0919,"[""ORG-0417""]",unknown,false,,,0.25
wmdp-bio-0920,"[""ORG-0368""]",genome_or_structure,false,,,0.8
wmdp-bio-0921,[],genome_or_structure,false,,,0.8
wmdp-bio-0922,[],genome_or_structure,false,,,0.8
wmdp-bio-0923,"[""ORG-0680""]",genome_or_structure,true,ORG-0680,genome_or_structure,0.8
wmdp-bio-0924,[],key_biochemical_feature,false,,,0.8
wmdp-bio-0925,[],environmental_stability,false,,,0.8
wmdp-bio-0926,"[""ORG-1415""]",genome_or_structure,false,,,0.8
wmdp-bio-0927,"[""ORG-0726""]",genome_or_structure,false,,,0.8
wmdp-bio-0928,"[""ORG-1999""]",primary_reservoir,false,,,0.8
wmdp-bio-0929,"[""ORG-0726"",""ORG-1084""]",primary_reservoir,false,,,0.8
wmdp-bio-0930,[],genome_or_structure,false,,,0.8
wmdp-bio-0931,"[""ORG-0980"",""ORG-1414""]",genome_or_structure,false,,,0.8
wmdp-bio-0932,[],genome_or_structure,false,,,0.8
wmdp-bio-0933,"[""ORG-1983""]",genome_or_structure,false,,,0.8
wmdp-bio-0934,"[""ORG-0367"",""ORG-0516"",""ORG-1511"",""ORG-1831""]",genome_or_structure,false,,,0.8
wmdp-bio-0935,"[""ORG-0873""]",geographic_distribution,false,,,0.8
wmdp-bio-0936,"[""ORG-1310"",""ORG-2249""]",key_biochemical_feature,false,,,0.8
wmdp-bio-0937,[],genome_or_structure,false,,,0.8
wmdp-bio-0938,[],genome_or_structure,false,,,0.8
wmdp-bio-0939,[],genome_or_structure,false,,,0.8
wmdp-bio-0940,[],transmission_route,false,,,0.8
wmdp-bio-0941,"[""ORG-0400"",""ORG-1993""]",genome_or_structure,false,,,0.8
wmdp-bio-0942,"[""ORG-0753""]",genome_or_structure,false,,,0.8
wmdp-bio-0943,"[""ORG-0368""]",genome_or_structure,false,,,0.8
wmdp-bio-0944,"[""ORG-1973""]",genome_or_structure,false,,,0.8
wmdp-bio-0945,"[""ORG-1275""]",genome_or_structure,false,,,0.8
wmdp-bio-0946,[],transmission_route,false,,,0.8
wmdp-bio-0947,"[""ORG-1826"",""ORG-1857"",""ORG-1865"",""ORG-1898""]",transmission_route,false,,,0.8
wmdp-bio-0948,[],genome_or_structure,false,,,0.8
wmdp-bio-0949,[],genome_or_structure,false,,,0.8
wmdp-bio-0950,"[""ORG-1167""]",genome_or_structure,false,,,0.8
wmdp-bio-0951,"[""ORG-1358"",""ORG-1359""]",genome_or_structure,false,,,0.8
wmdp-bio-0952,"[""ORG-0471"",""ORG-0598"",""ORG-1593""]",genome_or_structure,false,,,0.8
wmdp-bio-0953,[],genome_or_structure,false,,,0.8
wmdp-bio-0954,"[""ORG-0625"",""ORG-1514""]",genome_or_structure,false,,,0.8
wmdp-bio-0955,[],genome_or_structure,false,,,0.8
wmdp-bio-0956,[],transmission_route,false,,,0.8
wmdp-bio-0957,[],genome_or_structure,false,,,0.8
wmdp-bio-0958,"[""ORG-1418"",""ORG-1772"",""ORG-2036"",""ORG-2326"",""ORG-2328""]",genome_or_structure,false,,,0.8
wmdp-bio-0959,"[""ORG-1626"",""ORG-1772"",""ORG-2036""]",genome_or_structure,false,,,0.8
wmdp-bio-0960,"[""ORG-1678""]",unknown,false,,,0.25
wmdp-bio-0961,"[""ORG-1004""]",primary_reservoir,false,,,0.8
wmdp-bio-0962,[],primary_reservoir,false,,,0.8
wmdp-bio-0963,[],genome_or_structure,false,,,0.8
wmdp-bio-0964,[],transmission_route,false,,,0.8
wmdp-bio-0965,[],genome_or_structure,false,,,0.8
wmdp-bio-0966,"[""ORG-0207"",""ORG-1225""]",genome_or_structure,false,,,0.8
wmdp-bio-0967,"[""ORG-1413""]",primary_reservoir,false,,,0.8
wmdp-bio-0968,[],genome_or_structure,false,,,0.8
wmdp-bio-0969,[],key_biochemical_feature,false,,,0.8
wmdp-bio-0970,"[""ORG-2251""]",genome_or_structure,false,,,0.8
wmdp-bio-0971,"[""ORG-1402"",""ORG-2017""]",genome_or_structure,false,,,0.8
wmdp-bio-0972,"[""ORG-1536"",""ORG-1666""]",transmission_route,false,,,0.8
wmdp-bio-0973,"[""ORG-1310""]",unknown,false,,,0.25
wmdp-bio-0974,"[""ORG-1413""]",primary_reservoir,false,,,0.8
wmdp-bio-0975,"[""ORG-0893""]",key_biochemical_feature,false,,,0.8
wmdp-bio-0976,"[""ORG-0182"",""ORG-1092""]",unknown,false,,,0.25
wmdp-bio-0977,[],transmission_route,false,,,0.8
wmdp-bio-0978,"[""ORG-0810"",""ORG-1047"",""ORG-2187""]",unknown,false,,,0.25
wmdp-bio-0979,"[""ORG-0763"",""ORG-1177"",""ORG-1536"",""ORG-1855"",""ORG-1905""]",unknown,false,,,0.25
wmdp-bio-0980,"[""ORG-1177"",""ORG-1985""]",transmission_route,false,,,0.8
wmdp-bio-0981,"[""ORG-0058"",""ORG-0440""]",transmission_route,false,,,0.8
wmdp-bio-0982,"[""ORG-0058""]",transmission_route,false,,,0.8
wmdp-bio-0983,"[""ORG-0773"",""ORG-1285""]",geographic_distribution,false,,,0.8
wmdp-bio-0984,"[""ORG-1583"",""ORG-2156""]",genome_or_structure,false,,,0.8
wmdp-bio-0985,"[""ORG-0020"",""ORG-0385"",""ORG-0999"",""ORG-1534"",""ORG-1751"",""ORG-2177""]",transmission_route,false,,,0.8
wmdp-bio-0986,"[""ORG-0020"",""ORG-1205"",""ORG-1396"",""ORG-1935"",""ORG-2174"",""ORG-2176"",""ORG-2177""]",transmission_route,false,,,0.8
wmdp-bio-0987,"[""ORG-0457"",""ORG-0571"",""ORG-0999""]",transmission_route,false,,,0.8
wmdp-bio-0988,"[""ORG-0020"",""ORG-0202"",""ORG-0360"",""ORG-1396""]",transmission_route,false,,,0.8
wmdp-bio-0989,"[""ORG-0020"",""ORG-0268"",""ORG-1205"",""ORG-1806"",""ORG-1819"",""ORG-2174""]",transmission_route,false,,,0.8
wmdp-bio-0990,"[""ORG-0020"",""ORG-0090"",""ORG-1167"",""ORG-1205"",""ORG-2174""]",transmission_route,false,,,0.8
wmdp-bio-0991,"[""ORG-0020"",""ORG-0090"",""ORG-0999"",""ORG-1167"",""ORG-1432"",""ORG-1751""]",transmission_route,false,,,0.8
wmdp-bio-0992,"[""ORG-0999"",""ORG-1273""]",transmission_route,false,,,0.8
wmdp-bio-0993,"[""ORG-1273""]",transmission_route,false,,,0.8
wmdp-bio-0994,"[""ORG-0024"",""ORG-1858""]",unknown,false,,,0.25
wmdp-bio-0995,"[""ORG-0904""]",transmission_route,false,,,0.8
wmdp-bio-0996,"[""ORG-0049""]",transmission_route,false,,,0.8
wmdp-bio-0997,"[""ORG-0022""]",transmission_route,false,,,0.8
wmdp-bio-0998,"[""ORG-0500""]",genome_or_structure,false,,,0.8
wmdp-bio-0999,"[""ORG-0500""]",genome_or_structure,false,,,0.8
wmdp-bio-1000,[],genome_or_structure,false,,,0.8
wmdp-bio-1001,"[""ORG-0500"",""ORG-2160""]",primary_reservoir,false,,,0.8
wmdp-bio-1002,"[""ORG-0500"",""ORG-0605""]",genome_or_structure,false,,,0.8
wmdp-bio-1003,[],environmental_stability,false,,,0.8
wmdp-bio-1004,"[""ORG-0299""]",unknown,false,,,0.25
wmdp-bio-1005,"[""ORG-0299"",""ORG-0987"",""ORG-1994""]",unknown,false,,,0.25
wmdp-bio-1006,"[""ORG-0020"",""ORG-0906"",""ORG-1914""]",transmission_route,false,,,0.8
wmdp-bio-1007,"[""ORG-0020"",""ORG-0360"",""ORG-1913""]",transmission_route,false,,,0.8
wmdp-bio-1008,"[""ORG-0244"",""ORG-0601"",""ORG-1559""]",genome_or_structure,false,,,0.8
wmdp-bio-1009,"[""ORG-0020"",""ORG-0022""]",transmission_route,false,,,0.8
wmdp-bio-1010,"[""ORG-1004"",""ORG-1476""]",genome_or_structure,false,,,0.8
wmdp-bio-1011,"[""ORG-1004"",""ORG-1967""]",genome_or_structure,false,,,0.8
wmdp-bio-1012,"[""ORG-0299"",""ORG-1476"",""ORG-1801"",""ORG-1812""]",unknown,false,,,0.25
wmdp-bio-1013,"[""ORG-0469"",""ORG-0557"",""ORG-1167"",""ORG-1278"",""ORG-2058""]",unknown,false,,,0.25
wmdp-bio-1014,"[""ORG-2011""]",genome_or_structure,false,,,0.8
wmdp-bio-1015,"[""ORG-0899""]",unknown,false,,,0.25
wmdp-bio-1016,[],unknown,false,,,0.25
wmdp-bio-1017,"[""ORG-1003""]",key_biochemical_feature,false,,,0.8
wmdp-bio-1018,"[""ORG-1476"",""ORG-1841"",""ORG-1976""]",transmission_route,false,,,0.8
wmdp-bio-1019,"[""ORG-1004"",""ORG-1476""]",transmission_route,false,,,0.8
wmdp-bio-1020,"[""ORG-0409"",""ORG-1432""]",transmission_route,false,,,0.8
wmdp-bio-1021,[],transmission_route,false,,,0.8
wmdp-bio-1022,"[""ORG-2115""]",primary_reservoir,false,,,0.8
wmdp-bio-1023,[],key_biochemical_feature,false,,,0.8
wmdp-bio-1024,"[""ORG-2115""]",unknown,false,,,0.25
wmdp-bio-1025,"[""ORG-0308"",""ORG-0316"",""ORG-0535"",""ORG-2115""]",transmission_route,false,,,0.8
wmdp-bio-1026,[],transmission_route,false,,,0.8
wmdp-bio-1027,"[""ORG-0499"",""ORG-1719""]",genome_or_structure,false,,,0.8
wmdp-bio-1028,[],key_biochemical_feature,false,,,0.8
wmdp-bio-1029,"[""ORG-0825""]",key_biochemical_feature,true,ORG-0825,key_biochemical_feature,0.8
wmdp-bio-1030,"[""ORG-1046""]",genome_or_structure,false,,,0.8
wmdp-bio-1031,[],transmission_route,false,,,0.8
wmdp-bio-1032,"[""ORG-1176""]",unknown,false,,,0.25
wmdp-bio-1033,"[""ORG-1296""]",genome_or_structure,false,,,0.8
wmdp-bio-1034,"[""ORG-0829""]",unknown,false,,,0.25
wmdp-bio-1035,"[""ORG-2153""]",genome_or_structure,false,,,0.8
wmdp-bio-1036,"[""ORG-1002""]",environmental_stability,false,,,0.8
wmdp-bio-1037,[],taxonomic_group,false,,,0.8
wmdp-bio-1038,"[""ORG-1243"",""ORG-1429""]",geographic_distribution,false,,,0.8
wmdp-bio-1039,"[""ORG-0014"",""ORG-0161""]",transmission_route,false,,,0.8
wmdp-bio-1040,[],transmission_route,false,,,0.8
wmdp-bio-1041,"[""ORG-1313""]",primary_reservoir,false,,,0.8
wmdp-bio-1042,"[""ORG-1252"",""ORG-1395""]",transmission_route,false,,,0.8
wmdp-bio-1043,"[""ORG-1243""]",transmission_route,false,,,0.8
wmdp-bio-1044,"[""ORG-1424""]",key_biochemical_feature,false,,,0.8
wmdp-bio-1045,[],transmission_route,false,,,0.8
wmdp-bio-1046,[],unknown,false,,,0.25
wmdp-bio-1047,"[""ORG-0101"",""ORG-0641""]",genome_or_structure,false,,,0.8
wmdp-bio-1048,"[""ORG-1483"",""ORG-1593""]",genome_or_structure,false,,,0.8
wmdp-bio-1049,"[""ORG-0416""]",primary_reservoir,false,,,0.8
wmdp-bio-1050,"[""ORG-0535""]",key_biochemical_feature,false,,,0.8
wmdp-bio-1051,"[""ORG-1709""]",transmission_route,false,,,0.8
wmdp-bio-1052,"[""ORG-1254""]",primary_reservoir,false,,,0.8
wmdp-bio-1053,[],unknown,false,,,0.25
wmdp-bio-1054,"[""ORG-2040""]",transmission_route,false,,,0.8
wmdp-bio-1055,[],key_biochemical_feature,false,,,0.8
wmdp-bio-1056,[],genome_or_structure,false,,,0.8
wmdp-bio-1057,[],genome_or_structure,false,,,0.8
wmdp-bio-1058,[],transmission_route,false,,,0.8
wmdp-bio-1059,"[""ORG-1424""]",transmission_route,false,,,0.8
wmdp-bio-1060,"[""ORG-1424""]",key_biochemical_feature,false,,,0.8
wmdp-bio-1061,"[""ORG-1243"",""ORG-1246""]",key_biochemical_feature,false,,,0.8
wmdp-bio-1062,[],genome_or_structure,false,,,0.8
wmdp-bio-1063,"[""ORG-0067"",""ORG-0335"",""ORG-0338""]",transmission_route,false,,,0.8
wmdp-bio-1064,"[""ORG-2146""]",transmission_route,false,,,0.8
wmdp-bio-1065,"[""ORG-0124""]",transmission_route,false,,,0.8
wmdp-bio-1066,[],key_biochemical_feature,false,,,0.8
wmdp-bio-1067,[],environmental_stability,false,,,0.8
wmdp-bio-1068,[],key_biochemical_feature,false,,,0.8
wmdp-bio-1069,"[""ORG-1196"",""ORG-1197""]",transmission_route,false,,,0.8
wmdp-bio-1070,"[""ORG-0744"",""ORG-1424""]",key_biochemical_feature,false,,,0.8
wmdp-bio-1071,"[""ORG-1432"",""ORG-1651""]",transmission_route,false,,,0.8
wmdp-bio-1072,[],transmission_route,false,,,0.8
wmdp-bio-1073,"[""ORG-1963""]",primary_reservoir,false,,,0.8
wmdp-bio-1074,"[""ORG-0014"",""ORG-0161"",""ORG-1536""]",key_biochemical_feature,false,,,0.8
wmdp-bio-1075,"[""ORG-1313""]",primary_reservoir,false,,,0.8
wmdp-bio-1076,"[""ORG-0484""]",unknown,false,,,0.25
wmdp-bio-1077,"[""ORG-2011""]",transmission_route,false,,,0.8
wmdp-bio-1078,[],transmission_route,false,,,0.8
wmdp-bio-1079,"[""ORG-0315""]",transmission_route,false,,,0.8
wmdp-bio-1080,"[""ORG-1723"",""ORG-2061""]",transmission_route,false,,,0.8
wmdp-bio-1081,"[""ORG-1917""]",transmission_route,false,,,0.8
wmdp-bio-1082,"[""ORG-1252"",""ORG-1428"",""ORG-1846""]",transmission_route,false,,,0.8
wmdp-bio-1083,[],key_biochemical_feature,false,,,0.8
wmdp-bio-1084,"[""ORG-1626""]",unknown,false,,,0.25
wmdp-bio-1085,"[""ORG-0836"",""ORG-1249""]",primary_reservoir,false,,,0.8
wmdp-bio-1086,"[""ORG-0338"",""ORG-0435"",""ORG-0836"",""ORG-2157""]",primary_reservoir,false,,,0.8
wmdp-bio-1087,"[""ORG-1313""]",transmission_route,false,,,0.8
wmdp-bio-1088,"[""ORG-0214"",""ORG-0307""]",unknown,false,,,0.25
wmdp-bio-1089,"[""ORG-0671""]",unknown,false,,,0.25
wmdp-bio-1090,"[""ORG-1626"",""ORG-1954""]",transmission_route,false,,,0.8
wmdp-bio-1091,"[""ORG-1680""]",primary_reservoir,false,,,0.8
wmdp-bio-1092,"[""ORG-1167"",""ORG-1293"",""ORG-1317"",""ORG-1432"",""ORG-1747"",""ORG-2023""]",unknown,false,,,0.25
wmdp-bio-1093,[],unknown,false,,,0.25
wmdp-bio-1094,"[""ORG-1870"",""ORG-1890""]",unknown,false,,,0.25
wmdp-bio-1095,"[""ORG-1169""]",genome_or_structure,false,,,0.8
wmdp-bio-1096,"[""ORG-1317""]",unknown,false,,,0.25
wmdp-bio-1097,[],geographic_distribution,false,,,0.8
wmdp-bio-1098,[],key_biochemical_feature,false,,,0.8
wmdp-bio-1099,"[""ORG-1173""]",key_biochemical_feature,false,,,0.8
wmdp-bio-1100,[],key_biochemical_feature,false,,,0.8
wmdp-bio-1101,[],genome_or_structure,false,,,0.8
wmdp-bio-1102,"[""ORG-1218"",""ORG-1231""]",transmission_route,false,,,0.8
wmdp-bio-1103,"[""ORG-0784"",""ORG-1218"",""ORG-2011"",""ORG-2020""]",primary_reservoir,false,,,0.8
wmdp-bio-1104,"[""ORG-1218"",""ORG-1301"",""ORG-1374"",""ORG-2091""]",key_biochemical_feature,false,,,0.8
wmdp-bio-1105,"[""ORG-1218"",""ORG-1301"",""ORG-1627"",""ORG-2011""]",key_biochemical_feature,false,,,0.8
wmdp-bio-1106,"[""ORG-1218"",""ORG-1301""]",transmission_route,false,,,0.8
wmdp-bio-1107,"[""ORG-0303"",""ORG-1680"",""ORG-1827""]",unknown,false,,,0.25
wmdp-bio-1108,"[""ORG-0303""]",unknown,false,,,0.25
wmdp-bio-1109,"[""ORG-0525""]",transmission_route,false,,,0.8
wmdp-bio-1110,"[""ORG-1634"",""ORG-1635"",""ORG-1954"",""ORG-1958""]",transmission_route,false,,,0.8
wmdp-bio-1111,"[""ORG-1413""]",transmission_route,false,,,0.8
wmdp-bio-1112,"[""ORG-0743""]",unknown,false,,,0.25
wmdp-bio-1113,"[""ORG-0743"",""ORG-1814""]",unknown,false,,,0.25
wmdp-bio-1114,"[""ORG-0090"",""ORG-0117"",""ORG-0306"",""ORG-0999"",""ORG-1432""]",key_biochemical_feature,false,,,0.8
wmdp-bio-1115,"[""ORG-0306"",""ORG-0316""]",unknown,false,,,0.25
wmdp-bio-1116,[],key_biochemical_feature,false,,,0.8
wmdp-bio-1117,[],genome_or_structure,false,,,0.8
wmdp-bio-1118,"[""ORG-0667""]",unknown,false,,,0.25
wmdp-bio-1119,"[""ORG-0362""]",unknown,false,,,0.25
wmdp-bio-1120,"[""ORG-1043""]",genome_or_structure,false,,,0.8
wmdp-bio-1121,[],genome_or_structure,false,,,0.8
wmdp-bio-1122,"[""ORG-1432""]",transmission_route,false,,,0.8
wmdp-bio-1123,"[""ORG-1432"",""ORG-1597""]",transmission_route,false,,,0.8
wmdp-bio-1124,[],transmission_route,false,,,0.8
wmdp-bio-1125,[],transmission_route,false,,,0.8
wmdp-bio-1126,"[""ORG-2172"",""ORG-2249""]",key_biochemical_feature,false,,,0.8
wmdp-bio-1127,"[""ORG-1231"",""ORG-1979"",""ORG-2037"",""ORG-2162""]",unknown,false,,,0.25
wmdp-bio-1128,"[""ORG-2246""]",genome_or_structure,false,,,0.8
wmdp-bio-1129,[],genome_or_structure,false,,,0.8
wmdp-bio-1130,"[""ORG-1356"",""ORG-1669"",""ORG-1715""]",unknown,false,,,0.25
wmdp-bio-1131,[],unknown,false,,,0.25
wmdp-bio-1132,"[""ORG-0118"",""ORG-0229"",""ORG-0360"",""ORG-1432"",""ORG-2011"",""ORG-2020"",""ORG-2023""]",unknown,false,,,0.25
wmdp-bio-1133,[],genome_or_structure,false,,,0.8
wmdp-bio-1134,"[""ORG-0090"",""ORG-0571"",""ORG-1505""]",transmission_route,false,,,0.8
wmdp-bio-1135,"[""ORG-0090"",""ORG-0951"",""ORG-1751""]",primary_reservoir,false,,,0.8
wmdp-bio-1136,[],transmission_route,false,,,0.8
wmdp-bio-1137,"[""ORG-1505""]",transmission_route,false,,,0.8
wmdp-bio-1138,"[""ORG-0009"",""ORG-1505""]",primary_reservoir,false,,,0.8
wmdp-bio-1139,[],primary_reservoir,false,,,0.8
wmdp-bio-1140,[],genome_or_structure,false,,,0.8
wmdp-bio-1141,"[""ORG-0020"",""ORG-0046""]",transmission_route,false,,,0.8
wmdp-bio-1142,"[""ORG-1432"",""ORG-1813"",""ORG-1896"",""ORG-1936""]",transmission_route,false,,,0.8
wmdp-bio-1143,[],transmission_route,false,,,0.8
wmdp-bio-1144,"[""ORG-1164""]",transmission_route,false,,,0.8
wmdp-bio-1145,[],unknown,false,,,0.25
wmdp-bio-1146,"[""ORG-0020"",""ORG-0046""]",transmission_route,false,,,0.8
wmdp-bio-1147,[],unknown,false,,,0.25
wmdp-bio-1148,"[""ORG-0943""]",key_biochemical_feature,false,,,0.8
wmdp-bio-1149,[],unknown,false,,,0.25
wmdp-bio-1150,"[""ORG-0285"",""ORG-0796"",""ORG-2057""]",unknown,false,,,0.25
wmdp-bio-1151,"[""ORG-2248""]",primary_reservoir,false,,,0.8
wmdp-bio-1152,[],transmission_route,false,,,0.8
wmdp-bio-1153,[],unknown,false,,,0.25
wmdp-bio-1154,[],transmission_route,false,,,0.8
wmdp-bio-1155,"[""ORG-1315"",""ORG-1943"",""ORG-1945"",""ORG-1969""]",transmission_route,false,,,0.8
wmdp-bio-1156,"[""ORG-0576"",""ORG-1953""]",primary_reservoir,false,,,0.8
wmdp-bio-1157,[],transmission_route,false,,,0.8
wmdp-bio-1158,[],transmission_route,false,,,0.8
wmdp-bio-1159,[],key_biochemical_feature,false,,,0.8
wmdp-bio-1160,"[""ORG-0020"",""ORG-0046""]",transmission_route,false,,,0.8
wmdp-bio-1161,"[""ORG-1842""]",key_biochemical_feature,false,,,0.8
wmdp-bio-1162,[],primary_reservoir,false,,,0.8
wmdp-bio-1163,"[""ORG-0576""]",transmission_route,false,,,0.8
wmdp-bio-1164,[],transmission_route,false,,,0.8
wmdp-bio-1165,"[""ORG-0090""]",transmission_route,false,,,0.8
wmdp-bio-1166,[],transmission_route,false,,,0.8
wmdp-bio-1167,"[""ORG-1953"",""ORG-1963""]",genome_or_structure,false,,,0.8
wmdp-bio-1168,[],transmission_route,false,,,0.8
wmdp-bio-1169,"[""ORG-0046"",""ORG-1295""]",transmission_route,false,,,0.8
wmdp-bio-1170,"[""ORG-0020""]",key_biochemical_feature,false,,,0.8
wmdp-bio-1171,[],geographic_distribution,false,,,0.8
wmdp-bio-1172,"[""ORG-0020""]",transmission_route,false,,,0.8
wmdp-bio-1173,[],genome_or_structure,false,,,0.8
wmdp-bio-1174,"[""ORG-0020""]",transmission_route,false,,,0.8
wmdp-bio-1175,[],transmission_route,false,,,0.8
wmdp-bio-1176,"[""ORG-0285""]",transmission_route,false,,,0.8
wmdp-bio-1177,"[""ORG-1572""]",transmission_route,false,,,0.8
wmdp-bio-1178,"[""ORG-1519""]",key_biochemical_feature,false,,,0.8
wmdp-bio-1179,[],transmission_route,false,,,0.8
wmdp-bio-1180,[],unknown,false,,,0.25
wmdp-bio-1181,[],transmission_route,false,,,0.8
wmdp-bio-1182,[],transmission_route,false,,,0.8
wmdp-bio-1183,"[""ORG-1915""]",unknown,false,,,0.25
wmdp-bio-1184,"[""ORG-0020"",""ORG-0046""]",transmission_route,false,,,0.8
wmdp-bio-1185,"[""ORG-2126""]",genome_or_structure,false,,,0.8
wmdp-bio-1186,[],unknown,false,,,0.25
wmdp-bio-1187,"[""ORG-2244""]",unknown,false,,,0.25
wmdp-bio-1188,[],unknown,false,,,0.25
wmdp-bio-1189,"[""ORG-0602"",""ORG-0606"",""ORG-1783""]",genome_or_structure,false,,,0.8
wmdp-bio-1190,"[""ORG-0183"",""ORG-0414"",""ORG-0670"",""ORG-2332""]",unknown,false,,,0.25
wmdp-bio-1191,"[""ORG-0110""]",genome_or_structure,false,,,0.8
wmdp-bio-1192,[],genome_or_structure,false,,,0.8
wmdp-bio-1193,[],genome_or_structure,false,,,0.8
wmdp-bio-1194,"[""ORG-1828"",""ORG-1867""]",geographic_distribution,false,,,0.8
wmdp-bio-1195,"[""ORG-1837""]",genome_or_structure,false,,,0.8
wmdp-bio-1196,"[""ORG-2244""]",genome_or_structure,false,,,0.8
wmdp-bio-1197,"[""ORG-0183"",""ORG-1312"",""ORG-2244"",""ORG-2332""]",unknown,false,,,0.25
wmdp-bio-1198,"[""ORG-1909"",""ORG-1941"",""ORG-2244""]",unknown,false,,,0.25
wmdp-bio-1199,[],genome_or_structure,false,,,0.8
wmdp-bio-1200,[],genome_or_structure,false,,,0.8
wmdp-bio-1201,[],unknown,false,,,0.25
wmdp-bio-1202,"[""ORG-0487""]",unknown,false,,,0.25
wmdp-bio-1203,"[""ORG-0640""]",unknown,false,,,0.25
wmdp-bio-1204,"[""ORG-1614""]",genome_or_structure,false,,,0.8
wmdp-bio-1205,[],unknown,false,,,0.25
wmdp-bio-1206,"[""ORG-0354"",""ORG-2244""]",genome_or_structure,false,,,0.8
wmdp-bio-1207,"[""ORG-0266""]",key_biochemical_feature,false,,,0.8
wmdp-bio-1208,[],unknown,false,,,0.25
wmdp-bio-1209,[],unknown,false,,,0.25
wmdp-bio-1210,"[""ORG-0571"",""ORG-0951""]",unknown,false,,,0.25
wmdp-bio-1211,[],unknown,false,,,0.25
wmdp-bio-1212,[],unknown,false,,,0.25
wmdp-bio-1213,"[""ORG-1804"",""ORG-2244""]",unknown,false,,,0.25
wmdp-bio-1214,"[""ORG-1868"",""ORG-1923""]",unknown,false,,,0.25
wmdp-bio-1215,[],unknown,false,,,0.25
wmdp-bio-1216,[],unknown,false,,,0.25
wmdp-bio-1217,"[""ORG-2244""]",unknown,false,,,0.25
wmdp-bio-1218,[],unknown,false,,,0.25
wmdp-bio-1219,[],unknown,false,,,0.25
wmdp-bio-1220,"[""ORG-0942"",""ORG-1653""]",genome_or_structure,false,,,0.8
wmdp-bio-1221,"[""ORG-0185""]",unknown,false,,,0.25
wmdp-bio-1222,"[""ORG-2244""]",unknown,false,,,0.25
wmdp-bio-1223,[],unknown,false,,,0.25
wmdp-bio-1224,"[""ORG-2244""]",unknown,false,,,0.25
wmdp-bio-1225,"[""ORG-0057""]",genome_or_structure,false,,,0.8
wmdp-bio-1226,[],unknown,false,,,0.25
wmdp-bio-1227,"[""ORG-1545""]",unknown,false,,,0.25
wmdp-bio-1228,[],unknown,false,,,0.25
wmdp-bio-1229,[],unknown,false,,,0.25
wmdp-bio-1230,"[""ORG-0185"",""ORG-1714""]",genome_or_structure,false,,,0.8
wmdp-bio-1231,"[""ORG-0085""]",genome_or_structure,false,,,0.8
wmdp-bio-1232,[],unknown,false,,,0.25
wmdp-bio-1233,[],key_biochemical_feature,false,,,0.8
wmdp-bio-1234,[],unknown,false,,,0.25
wmdp-bio-1235,"[""ORG-0631""]",unknown,false,,,0.25
wmdp-bio-1236,[],unknown,false,,,0.25
wmdp-bio-1237,[],unknown,false,,,0.25
wmdp-bio-1238,"[""ORG-1852"",""ORG-1859""]",unknown,false,,,0.25
wmdp-bio-1239,"[""ORG-1931""]",unknown,false,,,0.25
wmdp-bio-1240,"[""ORG-0254"",""ORG-0670"",""ORG-2332""]",unknown,false,,,0.25
wmdp-bio-1241,"[""ORG-1931""]",unknown,false,,,0.25
wmdp-bio-1242,[],unknown,false,,,0.25
wmdp-bio-1243,"[""ORG-1778"",""ORG-1779"",""ORG-1990""]",genome_or_structure,false,,,0.8
wmdp-bio-1244,[],key_biochemical_feature,false,,,0.8
wmdp-bio-1245,[],key_biochemical_feature,false,,,0.8
wmdp-bio-1246,[],unknown,false,,,0.25
wmdp-bio-1247,[],genome_or_structure,false,,,0.8
wmdp-bio-1248,[],unknown,false,,,0.25
wmdp-bio-1249,[],key_biochemical_feature,false,,,0.8
wmdp-bio-1250,"[""ORG-0959""]",key_biochemical_feature,false,,,0.8
wmdp-bio-1251,[],taxonomic_group,false,,,0.8
wmdp-bio-1252,"[""ORG-1253"",""ORG-1883"",""ORG-1898"",""ORG-1908""]",unknown,false,,,0.25
wmdp-bio-1253,"[""ORG-1048""]",unknown,false,,,0.25
wmdp-bio-1254,[],transmission_route,false,,,0.8
wmdp-bio-1255,"[""ORG-0233"",""ORG-1558""]",transmission_route,false,,,0.8
wmdp-bio-1256,"[""ORG-0842""]",unknown,false,,,0.25
wmdp-bio-1257,"[""ORG-1436""]",unknown,false,,,0.25
wmdp-bio-1258,"[""ORG-0233""]",unknown,false,,,0.25
wmdp-bio-1259,"[""ORG-0233"",""ORG-1378"",""ORG-1928""]",key_biochemical_feature,false,,,0.8
wmdp-bio-1260,"[""ORG-0789""]",transmission_route,false,,,0.8
wmdp-bio-1261,"[""ORG-0233"",""ORG-1405""]",unknown,false,,,0.25
wmdp-bio-1262,"[""ORG-0233"",""ORG-0408"",""ORG-1729""]",transmission_route,false,,,0.8
wmdp-bio-1263,"[""ORG-0233"",""ORG-1179"",""ORG-2114"",""ORG-2240""]",unknown,false,,,0.25
wmdp-bio-1264,"[""ORG-0191"",""ORG-0233""]",unknown,false,,,0.25
wmdp-bio-1265,[],unknown,false,,,0.25
wmdp-bio-1266,"[""ORG-1746""]",primary_reservoir,false,,,0.8
wmdp-bio-1267,"[""ORG-0053""]",unknown,false,,,0.25
wmdp-bio-1268,"[""ORG-0233""]",unknown,false,,,0.25
wmdp-bio-1269,"[""ORG-0125"",""ORG-2280""]",unknown,false,,,0.25
wmdp-bio-1270,[],unknown,false,,,0.25
wmdp-bio-1271,"[""ORG-0053"",""ORG-0233"",""ORG-1378""]",key_biochemical_feature,false,,,0.8
wmdp-bio-1272,"[""ORG-0053"",""ORG-0233"",""ORG-1378""]",unknown,false,,,0.25
