organism_id,name_normalized,tier,n_questions,degree,n_topics,in_largest_component,corpus_doc_frequency,agent_list_match,tier_reason
ORG-0001,2009 pandemic h1n1 virus,core,1,3,4,true,0.000368052999632,,spec04_question_coverage_expansion
ORG-0005,a helper virus,core,1,1,4,false,0.000286263444158,,spec04_question_coverage_expansion
ORG-0007,a herpes simplex virus,core,2,4,5,true,0.0011041589989,,n_questions_2_largest_component_degree_gte_3
ORG-0009,a highly pathogenic virus,core,1,2,4,true,0.000245368666421,,spec04_question_coverage_expansion
ORG-0012,a pathogen,core,1,2,4,false,0.00470289943974,,spec04_question_coverage_expansion
ORG-0013,a subunit,core,1,1,4,false,0.0011041589989,,spec04_question_coverage_expansion
ORG-0014,a type,core,2,2,6,true,0.004662004662,,spec04_question_coverage_expansion
ORG-0015,a virus,review,2,6,5,true,0.0224921277553,,corpus_doc_frequency_gt_0.02
ORG-0020,aav,core,27,39,12,true,0.00879237721343,,n_questions_gte_3
ORG-0022,aav2,core,3,2,6,true,0.00139042244305,,n_questions_gte_3
ORG-0024,ability of the virus,core,1,2,4,true,0.00118594855437,,spec04_question_coverage_expansion
ORG-0027,ace2,core,3,3,7,true,0.00470289943974,,n_questions_gte_3
ORG-0035,actin dynamics,core,1,2,4,true,0.000245368666421,,spec04_question_coverage_expansion
ORG-0036,activating the,core,1,5,4,true,0.00196294933137,,spec04_question_coverage_expansion
ORG-0038,adaptation of the virus,core,1,2,4,true,0.000204473888684,,spec04_question_coverage_expansion
ORG-0045,ade,core,2,9,6,true,0.000163579110948,,n_questions_2_largest_component_degree_gte_3
ORG-0046,adeno associated,core,12,8,9,true,0.00866969288022,,n_questions_gte_3
ORG-0047,adeno associated virus,core,3,5,7,true,0.0060933218828,,n_questions_gte_3
ORG-0048,adenoviral vector,core,1,1,4,true,0.00335337177442,,spec04_question_coverage_expansion
ORG-0049,adenoviral vectors,core,1,0,4,false,0.00163579110948,,spec04_question_coverage_expansion
ORG-0051,adenovirus vector,core,1,2,4,false,0.00159489633174,,spec04_question_coverage_expansion
ORG-0052,adenovirus vectors,core,1,3,4,true,0.000899685110211,,spec04_question_coverage_expansion
ORG-0053,adenylate cyclase,core,3,2,6,true,0.000327158221895,,n_questions_gte_3
ORG-0057,aedes aegypti,core,2,0,6,false,0.00175847544269,,spec04_question_coverage_expansion
ORG-0058,aedes albopictus,core,2,1,5,false,0.000736105999264,,spec04_question_coverage_expansion
ORG-0062,affect the virus,core,1,2,4,true,0.000245368666421,,spec04_question_coverage_expansion
ORG-0067,african green,core,1,2,4,true,0.000572526888316,,spec04_question_coverage_expansion
ORG-0072,agrobacterium tumefaciens,core,1,5,4,false,0.000368052999632,,spec04_question_coverage_expansion
ORG-0075,air pollution,core,1,1,4,true,0.000490737332843,,spec04_question_coverage_expansion
ORG-0080,all sequences,core,1,0,4,false,0.000204473888684,,spec04_question_coverage_expansion
ORG-0082,allows for,core,1,1,4,true,0.004662004662,,spec04_question_coverage_expansion
ORG-0085,almost all,core,1,0,4,false,0.00323068744121,,spec04_question_coverage_expansion
ORG-0086,alter the,core,1,0,4,false,0.00490737332843,,spec04_question_coverage_expansion
ORG-0090,altering the,core,6,13,10,true,0.00114505377663,,n_questions_gte_3
ORG-0093,american and,core,1,1,4,true,0.000613421666053,,spec04_question_coverage_expansion
ORG-0095,amr,core,1,0,4,false,0.00163579110948,,spec04_question_coverage_expansion
ORG-0100,and human influenza viruses,core,2,7,6,true,0.000286263444158,,n_questions_2_largest_component_degree_gte_3
ORG-0101,and mouth disease virus,core,1,1,4,false,0.00102236944342,,spec04_question_coverage_expansion
ORG-0107,animal transmission,core,1,2,4,true,0.000368052999632,,spec04_question_coverage_expansion
ORG-0108,animals infected,core,1,2,4,true,0.00065431644379,,spec04_question_coverage_expansion
ORG-0110,anthrax and,core,1,0,4,false,0.000899685110211,,spec04_question_coverage_expansion
ORG-0113,anthrax spores,core,1,1,4,true,0.000490737332843,,spec04_question_coverage_expansion
ORG-0117,anti measles,core,1,4,4,true,0.000368052999632,,spec04_question_coverage_expansion
ORG-0118,anti mv,core,1,6,4,true,0.000286263444158,,spec04_question_coverage_expansion
ORG-0121,anti vector,core,1,0,4,false,0.000490737332843,,spec04_question_coverage_expansion
ORG-0122,antibody dependent,core,2,9,6,true,0.00212652844232,,n_questions_2_largest_component_degree_gte_3
ORG-0123,antibody detection,core,1,1,4,true,0.000572526888316,,spec04_question_coverage_expansion
ORG-0124,antigen presenting,core,1,0,4,false,0.00539811066127,,spec04_question_coverage_expansion
ORG-0125,antigenic drift,core,1,1,4,true,0.00163579110948,,spec04_question_coverage_expansion
ORG-0129,apobec3,core,1,1,4,true,0.000245368666421,,spec04_question_coverage_expansion
ORG-0133,are either,core,1,1,4,true,0.00106326422116,,spec04_question_coverage_expansion
ORG-0136,areas with,core,1,1,4,false,0.00130863288758,,spec04_question_coverage_expansion
ORG-0141,as herpes simplex virus,core,1,0,4,false,0.000858790332475,,spec04_question_coverage_expansion
ORG-0150,assemble the,core,1,1,4,false,0.000327158221895,,spec04_question_coverage_expansion
ORG-0155,assessing the,core,1,8,4,true,0.00384410910727,,spec04_question_coverage_expansion
ORG-0159,at home,review,1,0,4,false,0.000817895554738,,frequent_out_of_domain_matcher
ORG-0160,atcc,core,1,1,4,true,0.000245368666421,,spec04_question_coverage_expansion
ORG-0161,ati,core,2,2,6,true,8.17895554738e-05,,spec04_question_coverage_expansion
ORG-0163,attachment of the virus,core,2,2,5,false,0.000163579110948,,spec04_question_coverage_expansion
ORG-0167,australia and,core,1,2,4,true,0.000940579887948,,spec04_question_coverage_expansion
ORG-0171,avian influenza,core,1,4,4,true,0.0186071238703,,spec04_question_coverage_expansion
ORG-0172,avian influenza a virus,core,1,4,4,true,0.000777000777001,,spec04_question_coverage_expansion
ORG-0173,avian like,core,1,3,4,true,0.000817895554738,,spec04_question_coverage_expansion
ORG-0181,b mallei,core,1,0,4,false,0.000368052999632,,spec04_question_coverage_expansion
ORG-0182,bac,core,7,7,10,true,0.00200384410911,,n_questions_gte_3
ORG-0183,b anthracis strain,core,31,29,12,true,0.00372142477406,,n_questions_gte_3
ORG-0184,bacillus cereus,core,2,2,6,true,0.000286263444158,,spec04_question_coverage_expansion
ORG-0185,bacillus globigii,core,2,1,6,true,4.08947777369e-05,,spec04_question_coverage_expansion
ORG-0187,bacillus subtilis,core,3,6,8,true,0.00167668588721,,n_questions_gte_3
ORG-0188,bacteria,review,2,2,5,true,0.0290352921932,,corpus_doc_frequency_gt_0.02
ORG-0189,bacterial toxins,core,1,0,4,false,0.000368052999632,,spec04_question_coverage_expansion
ORG-0191,bacterium,core,1,1,4,true,0.00797448165869,,spec04_question_coverage_expansion
ORG-0194,barf1,core,1,2,4,true,0.000449842555106,,spec04_question_coverage_expansion
ORG-0200,bats are,core,1,0,4,false,0.000777000777001,,spec04_question_coverage_expansion
ORG-0202,bbb,core,3,6,7,true,0.00065431644379,,n_questions_gte_3
ORG-0206,because the,review,1,1,4,true,0.00621600621601,,frequent_out_of_domain_matcher
ORG-0207,because they,core,1,1,4,true,0.00384410910727,,spec04_question_coverage_expansion
ORG-0214,bhk 21,core,2,3,6,true,0.000695211221527,,n_questions_2_largest_component_degree_gte_3
ORG-0215,bhrf1,core,1,1,4,false,0.000531632110579,,spec04_question_coverage_expansion
ORG-0217,binding of the virus,core,2,1,5,false,0.000122684333211,,spec04_question_coverage_expansion
ORG-0223,biological agent,core,1,1,4,false,0.00249458144195,,spec04_question_coverage_expansion
ORG-0227,blocking the,core,2,4,6,true,0.00175847544269,,n_questions_2_largest_component_degree_gte_3
ORG-0228,blood borne,core,1,0,4,false,0.000817895554738,,spec04_question_coverage_expansion
ORG-0229,blood brain,core,3,11,7,true,0.00196294933137,,n_questions_gte_3
ORG-0230,board for,core,1,0,4,false,0.000204473888684,,spec04_question_coverage_expansion
ORG-0233,bordetella pertussis,core,10,12,10,true,0.0018811597759,,n_questions_gte_3
ORG-0236,botulinum toxin,core,4,12,7,true,0.00065431644379,,n_questions_gte_3
ORG-0237,botulism and,core,1,0,4,false,0.000245368666421,,spec04_question_coverage_expansion
ORG-0242,broad host range,core,1,0,4,false,0.000490737332843,,spec04_question_coverage_expansion
ORG-0243,broad range,core,1,4,4,true,0.00462110988427,,spec04_question_coverage_expansion
ORG-0244,broad spectrum,core,1,3,4,false,0.00772911299227,,spec04_question_coverage_expansion
ORG-0246,brucella spp,core,1,15,4,true,0.000449842555106,,spec04_question_coverage_expansion
ORG-0254,burkholderia pseudomallei,core,2,4,4,true,0.00106326422116,,n_questions_2_largest_component_degree_gte_3
ORG-0265,bzlf1,core,2,2,5,false,0.000858790332475,,spec04_question_coverage_expansion
ORG-0266,c botulinum,core,3,0,9,false,0.000122684333211,,n_questions_gte_3
ORG-0267,c terminal,core,1,1,4,true,0.00805627121417,,spec04_question_coverage_expansion
ORG-0268,c terminus,core,1,5,4,true,0.00237189710874,,spec04_question_coverage_expansion
ORG-0280,candida auris,core,2,2,6,false,0.000449842555106,,spec04_question_coverage_expansion
ORG-0285,car,core,2,2,6,false,0.004662004662,,spec04_question_coverage_expansion
ORG-0290,catalyzing the,core,1,0,4,false,0.000204473888684,,spec04_question_coverage_expansion
ORG-0292,causes high,core,1,0,4,false,0.000327158221895,,spec04_question_coverage_expansion
ORG-0293,cchfv,core,1,15,4,true,0.000368052999632,,spec04_question_coverage_expansion
ORG-0296,cd150,core,3,7,7,true,0.000531632110579,,n_questions_gte_3
ORG-0299,cd155,core,4,7,8,true,0.000163579110948,,n_questions_gte_3
ORG-0300,cd163,core,1,4,4,false,0.000286263444158,,spec04_question_coverage_expansion
ORG-0302,cd4,review,1,2,4,false,0.0432257800679,,corpus_doc_frequency_gt_0.02
ORG-0303,cd46,core,4,6,7,true,0.000981474665685,,n_questions_gte_3
ORG-0304,cdc,core,1,1,4,false,0.00449842555106,,spec04_question_coverage_expansion
ORG-0306,cdv,core,2,5,6,true,0.001554001554,,n_questions_2_largest_component_degree_gte_3
ORG-0307,cef,core,1,1,4,true,0.000327158221895,,spec04_question_coverage_expansion
ORG-0308,cell associated,core,1,3,4,true,0.00184026499816,,spec04_question_coverage_expansion
ORG-0310,cell based,core,1,3,4,false,0.0068703226598,,spec04_question_coverage_expansion
ORG-0311,cell binding,core,1,4,4,true,0.00102236944342,,spec04_question_coverage_expansion
ORG-0312,cell culture,core,1,2,4,true,0.0170531223163,,spec04_question_coverage_expansion
ORG-0313,cell free,core,5,0,10,false,0.00331247699669,,n_questions_gte_3
ORG-0315,cell specific,core,1,0,4,false,0.00396679344048,,spec04_question_coverage_expansion
ORG-0316,cell to cell,core,2,4,7,true,0.00392589866274,,n_questions_2_largest_component_degree_gte_3
ORG-0317,cell type,review,1,0,4,false,0.0222058643111,,corpus_doc_frequency_gt_0.02
ORG-0319,cells from,review,1,0,4,false,0.0206518627571,,corpus_doc_frequency_gt_0.02
ORG-0320,centers for,core,1,3,4,false,0.00449842555106,,spec04_question_coverage_expansion
ORG-0330,chemical synthesis,core,2,3,7,false,8.17895554738e-05,,spec04_question_coverage_expansion
ORG-0332,chikv,core,2,1,5,false,0.00171758066495,,spec04_question_coverage_expansion
ORG-0334,chimeric viruses,core,1,1,4,false,0.00130863288758,,spec04_question_coverage_expansion
ORG-0335,chinese hamster,core,1,2,4,true,0.000613421666053,,spec04_question_coverage_expansion
ORG-0337,chip seq,core,1,1,4,false,0.000368052999632,,spec04_question_coverage_expansion
ORG-0338,cho,core,3,7,6,true,0.00151310677626,,n_questions_gte_3
ORG-0339,chromatin immunoprecipitation,core,1,1,4,false,0.000777000777001,,spec04_question_coverage_expansion
ORG-0343,cleavage and,core,1,2,4,false,0.000695211221527,,spec04_question_coverage_expansion
ORG-0347,clone the,core,2,7,7,false,0.000327158221895,,spec04_question_coverage_expansion
ORG-0354,clostridium botulinum,core,3,11,7,true,0.000572526888316,,n_questions_gte_3
ORG-0356,clostridium perfringens,core,1,10,4,true,0.000613421666053,,spec04_question_coverage_expansion
ORG-0360,cns,core,4,12,8,true,0.0122275385433,,n_questions_gte_3
ORG-0361,co culture,core,1,3,4,true,0.00273995010837,,spec04_question_coverage_expansion
ORG-0362,co expression,core,1,0,4,false,0.00396679344048,,spec04_question_coverage_expansion
ORG-0363,co infection,core,2,2,7,false,0.0107144317671,,spec04_question_coverage_expansion
ORG-0364,co infections,core,1,0,4,false,0.00363963521858,,spec04_question_coverage_expansion
ORG-0365,co stimulatory,core,1,0,4,false,0.00130863288758,,spec04_question_coverage_expansion
ORG-0366,co transfect,core,2,1,6,true,4.08947777369e-05,,spec04_question_coverage_expansion
ORG-0367,co transfected,core,2,6,5,false,0.000899685110211,,spec04_question_coverage_expansion
ORG-0368,co transfection,core,3,1,6,false,0.00065431644379,,n_questions_gte_3
ORG-0370,codon optimized,core,1,2,4,false,0.000327158221895,,spec04_question_coverage_expansion
ORG-0373,community acquired,core,1,10,4,true,0.00184026499816,,spec04_question_coverage_expansion
ORG-0374,comparing the,core,1,8,4,true,0.00323068744121,,spec04_question_coverage_expansion
ORG-0376,compatibility with,core,1,0,4,false,0.000245368666421,,spec04_question_coverage_expansion
ORG-0377,complement proteins,core,1,3,4,true,0.000204473888684,,spec04_question_coverage_expansion
ORG-0378,computational modeling,core,1,5,4,true,0.000286263444158,,spec04_question_coverage_expansion
ORG-0379,concerns about,core,1,0,4,false,0.00363963521858,,spec04_question_coverage_expansion
ORG-0385,considering the,core,5,20,8,true,0.00658405921564,,n_questions_gte_3
ORG-0399,control and,core,1,3,4,false,0.0130045393203,,spec04_question_coverage_expansion
ORG-0400,controlled expression,core,1,1,4,false,0.000245368666421,,spec04_question_coverage_expansion
ORG-0408,corynebacterium diphtheriae,core,2,4,7,true,4.08947777369e-05,,n_questions_2_largest_component_degree_gte_3
ORG-0409,cost effective,core,1,1,4,true,0.00543900543901,,spec04_question_coverage_expansion
ORG-0414,coxiella burnetii,core,2,4,6,true,0.000572526888316,,n_questions_2_largest_component_degree_gte_3
ORG-0416,cpe,core,1,0,4,false,0.000490737332843,,spec04_question_coverage_expansion
ORG-0417,cper,core,3,4,8,true,0.000163579110948,,n_questions_gte_3
ORG-0419,cre recombinase,core,1,0,4,false,0.000572526888316,,spec04_question_coverage_expansion
ORG-0421,create,review,1,1,4,true,0.0123911176543,,frequent_out_of_domain_matcher
ORG-0427,crimean congo,core,1,15,4,true,0.000777000777001,,spec04_question_coverage_expansion
ORG-0428,crimean congo hemorrhagic fever virus,core,1,15,4,true,0.000368052999632,,spec04_question_coverage_expansion
ORG-0429,crispr,core,7,6,9,true,0.00625690099374,,n_questions_gte_3
ORG-0431,crispr cas9,core,2,3,5,true,0.00282173966384,,n_questions_2_largest_component_degree_gte_3
ORG-0433,cross neutralization,core,1,1,4,false,0.000449842555106,,spec04_question_coverage_expansion
ORG-0434,cross react,core,1,2,4,true,0.00147221199853,,spec04_question_coverage_expansion
ORG-0435,cross species,core,3,6,6,true,0.00384410910727,,n_questions_gte_3
ORG-0437,cryo electron,core,1,1,4,false,0.000449842555106,,spec04_question_coverage_expansion
ORG-0440,culex pipiens,core,1,1,4,false,0.000858790332475,,spec04_question_coverage_expansion
ORG-0444,cyclin dependent,core,1,2,4,true,0.000899685110211,,spec04_question_coverage_expansion
ORG-0450,dc sign,core,1,0,4,false,0.000777000777001,,spec04_question_coverage_expansion
ORG-0451,dead end,core,1,2,4,true,0.000286263444158,,spec04_question_coverage_expansion
ORG-0455,decrease the,core,1,4,4,true,0.0114914325441,,spec04_question_coverage_expansion
ORG-0457,decreasing the,core,1,2,4,true,0.00531632110579,,spec04_question_coverage_expansion
ORG-0464,dengue virus,core,1,3,4,true,0.00327158221895,,spec04_question_coverage_expansion
ORG-0469,designing the,core,1,4,4,true,0.000286263444158,,spec04_question_coverage_expansion
ORG-0471,determining the,core,3,7,8,true,0.00400768821821,,n_questions_gte_3
ORG-0478,dic,core,1,0,4,false,0.000204473888684,,spec04_question_coverage_expansion
ORG-0480,diphtheria toxin,core,1,2,4,true,0.000204473888684,,spec04_question_coverage_expansion
ORG-0481,direct gene,core,1,1,4,false,0.000368052999632,,spec04_question_coverage_expansion
ORG-0482,direct injection,core,3,4,6,true,0.000408947777369,,n_questions_gte_3
ORG-0484,directed evolution,core,2,1,7,true,0.000572526888316,,spec04_question_coverage_expansion
ORG-0487,directly targeting,core,1,0,4,false,0.000408947777369,,spec04_question_coverage_expansion
ORG-0492,diversifying selection,core,1,1,4,false,0.000286263444158,,spec04_question_coverage_expansion
ORG-0499,dna induced,core,1,1,4,false,0.000245368666421,,spec04_question_coverage_expansion
ORG-0500,dna launched,core,5,3,8,true,0.000368052999632,,n_questions_gte_3
ORG-0503,double stranded,core,2,2,4,true,0.00633869054922,,spec04_question_coverage_expansion
ORG-0506,drug resistance,core,1,3,4,true,0.00572526888316,,spec04_question_coverage_expansion
ORG-0507,drug resistant,core,2,5,6,true,0.00490737332843,,n_questions_2_largest_component_degree_gte_3
ORG-0510,during herpes simplex virus,core,1,0,4,false,0.000490737332843,,spec04_question_coverage_expansion
ORG-0511,during latency,core,2,3,4,true,0.00441663599558,,n_questions_2_largest_component_degree_gte_3
ORG-0516,each viral,core,1,4,4,false,0.000449842555106,,spec04_question_coverage_expansion
ORG-0518,eber,core,1,0,4,false,0.00220831799779,,spec04_question_coverage_expansion
ORG-0519,ebna lp,core,1,2,4,false,0.000204473888684,,spec04_question_coverage_expansion
ORG-0520,ebna1,core,3,2,6,false,0.00335337177442,,n_questions_gte_3
ORG-0521,ebna3c,core,1,2,4,false,0.000981474665685,,spec04_question_coverage_expansion
ORG-0522,ebola virus,core,8,27,8,true,0.003885003885,,n_questions_gte_3
ORG-0525,ebov,core,5,5,7,true,0.00171758066495,,n_questions_gte_3
ORG-0527,ebv associated,review,1,1,4,false,0.0202838097575,,corpus_doc_frequency_gt_0.02
ORG-0528,ebv based,core,1,2,4,false,0.000286263444158,,spec04_question_coverage_expansion
ORG-0529,ebv infected,core,1,2,4,false,0.0101827996565,,spec04_question_coverage_expansion
ORG-0534,edta,core,2,1,6,false,0.000245368666421,,spec04_question_coverage_expansion
ORG-0535,eev,core,2,3,6,true,8.17895554738e-05,,n_questions_2_largest_component_degree_gte_3
ORG-0539,efficient gene,core,1,1,4,false,0.00167668588721,,spec04_question_coverage_expansion
ORG-0540,egfr,core,1,5,4,false,0.00159489633174,,spec04_question_coverage_expansion
ORG-0542,elevated levels,core,1,4,4,false,0.00339426655216,,spec04_question_coverage_expansion
ORG-0544,elimination of the virus,core,1,2,4,false,0.000204473888684,,spec04_question_coverage_expansion
ORG-0545,elisa,core,1,1,4,false,0.0110824847667,,spec04_question_coverage_expansion
ORG-0547,ems,core,2,3,7,false,0.000858790332475,,spec04_question_coverage_expansion
ORG-0548,enables rapid,core,2,2,6,true,0.000286263444158,,spec04_question_coverage_expansion
ORG-0549,enables the,core,1,2,4,true,0.0026581605529,,spec04_question_coverage_expansion
ORG-0556,engineering and,core,1,2,4,false,0.000940579887948,,spec04_question_coverage_expansion
ORG-0557,engineering the,core,1,4,4,true,0.00114505377663,,spec04_question_coverage_expansion
ORG-0559,enhance the,review,1,1,4,false,0.0222467590889,,corpus_doc_frequency_gt_0.02
ORG-0560,enhance viral,core,1,3,4,false,0.00355784566311,,spec04_question_coverage_expansion
ORG-0565,enhanced viral,core,1,2,4,true,0.003885003885,,spec04_question_coverage_expansion
ORG-0566,enhancer region,core,1,1,4,false,0.000695211221527,,spec04_question_coverage_expansion
ORG-0567,enhances binding,core,1,1,4,false,0.000245368666421,,spec04_question_coverage_expansion
ORG-0569,enhancing host,core,1,0,4,false,0.000449842555106,,spec04_question_coverage_expansion
ORG-0571,enhancing the,core,5,8,9,true,0.00989653621233,,n_questions_gte_3
ORG-0573,enhancing viral,core,1,0,4,false,0.00163579110948,,spec04_question_coverage_expansion
ORG-0574,ensuring the,core,2,3,5,true,0.000408947777369,,n_questions_2_largest_component_degree_gte_3
ORG-0575,entry of measles virus,core,2,4,6,true,4.08947777369e-05,,n_questions_2_largest_component_degree_gte_3
ORG-0576,entry of the virus,core,2,2,5,true,0.000449842555106,,spec04_question_coverage_expansion
ORG-0581,environmental factors,core,1,3,4,true,0.00633869054922,,spec04_question_coverage_expansion
ORG-0583,epidermal growth,core,1,5,4,false,0.00106326422116,,spec04_question_coverage_expansion
ORG-0584,epigenetic changes,core,1,1,4,false,0.000858790332475,,spec04_question_coverage_expansion
ORG-0585,epigenetic modifications,core,1,1,4,false,0.000899685110211,,spec04_question_coverage_expansion
ORG-0588,epsilon toxin,core,1,10,4,true,0.000449842555106,,spec04_question_coverage_expansion
ORG-0596,escherichia coli,core,5,5,9,true,0.00707479654848,,n_questions_gte_3
ORG-0598,establishing the,core,1,2,4,true,0.000777000777001,,spec04_question_coverage_expansion
ORG-0599,eurasian avian like,core,1,3,4,true,0.000327158221895,,spec04_question_coverage_expansion
ORG-0601,ev a71,core,1,3,4,false,0.000449842555106,,spec04_question_coverage_expansion
ORG-0602,evaluating the,core,3,12,6,true,0.00511184721711,,n_questions_gte_3
ORG-0605,evolution of the virus,core,1,1,4,true,0.00065431644379,,spec04_question_coverage_expansion
ORG-0606,examining the,core,1,2,4,true,0.00224921277553,,spec04_question_coverage_expansion
ORG-0618,express both,core,1,2,4,true,0.000408947777369,,spec04_question_coverage_expansion
ORG-0619,express the,core,1,1,4,false,0.00552079499448,,spec04_question_coverage_expansion
ORG-0620,external protein,core,1,4,4,true,0.000245368666421,,spec04_question_coverage_expansion
ORG-0623,facilitate the,core,1,1,4,false,0.00646137488243,,spec04_question_coverage_expansion
ORG-0625,facilitates the,core,3,4,8,true,0.00143131722079,,n_questions_gte_3
ORG-0631,fbi,core,2,1,5,false,4.08947777369e-05,,spec04_question_coverage_expansion
ORG-0633,fecal oral,core,1,3,4,true,0.000327158221895,,spec04_question_coverage_expansion
ORG-0636,first generation,core,2,2,4,false,0.00143131722079,,spec04_question_coverage_expansion
ORG-0637,flaviviridae family,core,1,0,4,false,0.000245368666421,,spec04_question_coverage_expansion
ORG-0638,flies and,core,1,1,4,false,0.000204473888684,,spec04_question_coverage_expansion
ORG-0639,flp frt,core,1,2,4,true,0.000245368666421,,spec04_question_coverage_expansion
ORG-0640,fmd,core,1,0,4,false,0.000777000777001,,spec04_question_coverage_expansion
ORG-0641,fmdv,core,1,1,4,false,0.000899685110211,,spec04_question_coverage_expansion
ORG-0643,foot and,core,1,0,4,false,0.00245368666421,,spec04_question_coverage_expansion
ORG-0650,for generating recombinant viruses,core,2,1,6,true,8.17895554738e-05,,spec04_question_coverage_expansion
ORG-0652,for influenza a virus,core,1,0,4,false,0.000286263444158,,spec04_question_coverage_expansion
ORG-0665,fragment genome,core,1,0,4,false,0.000204473888684,,spec04_question_coverage_expansion
ORG-0666,fragment the,core,1,1,4,false,0.000449842555106,,spec04_question_coverage_expansion
ORG-0667,frame shift,core,1,0,4,false,0.000408947777369,,spec04_question_coverage_expansion
ORG-0670,francisella tularensis,core,5,7,5,true,0.00318979266348,,n_questions_gte_3
ORG-0671,freeze thaw,core,1,0,4,false,0.000245368666421,,spec04_question_coverage_expansion
ORG-0673,from human immunodeficiency virus,core,1,2,4,true,0.000245368666421,,spec04_question_coverage_expansion
ORG-0678,from which,core,1,1,4,false,0.00306710833027,,spec04_question_coverage_expansion
ORG-0680,full length,core,9,13,10,true,0.00662495399338,,n_questions_gte_3
ORG-0683,fungi,core,1,2,4,true,0.0080971659919,,spec04_question_coverage_expansion
ORG-0690,fusion peptide,core,1,3,4,true,0.000286263444158,,spec04_question_coverage_expansion
ORG-0691,g protein,core,1,5,4,true,0.00294442399706,,spec04_question_coverage_expansion
ORG-0694,gain of function,core,1,3,4,true,0.00727927043717,,spec04_question_coverage_expansion
ORG-0697,gel electrophoresis,core,1,3,4,true,0.000981474665685,,spec04_question_coverage_expansion
ORG-0699,gene duplication,core,1,2,4,false,0.000245368666421,,spec04_question_coverage_expansion
ORG-0700,gene editing,core,1,1,4,true,0.00200384410911,,spec04_question_coverage_expansion
ORG-0701,gene fragment,core,1,0,4,false,0.00106326422116,,spec04_question_coverage_expansion
ORG-0716,generation of recombinant viruses,core,2,1,5,true,0.000286263444158,,spec04_question_coverage_expansion
ORG-0719,genetic instability,core,1,2,4,true,0.000940579887948,,spec04_question_coverage_expansion
ORG-0720,genetic mutations,core,1,3,4,true,0.000572526888316,,spec04_question_coverage_expansion
ORG-0721,genetic recombination,core,1,4,4,true,0.000449842555106,,spec04_question_coverage_expansion
ORG-0723,genetics based,core,2,1,6,false,0.000981474665685,,spec04_question_coverage_expansion
ORG-0726,genetics of rna viruses,core,3,1,8,false,8.17895554738e-05,,n_questions_gte_3
ORG-0728,genome wide,core,2,4,6,false,0.0103054839897,,spec04_question_coverage_expansion
ORG-0733,gibson assembly,core,4,2,9,true,4.08947777369e-05,,n_questions_gte_3
ORG-0736,given the,core,3,16,7,true,0.0143131722079,,n_questions_gte_3
ORG-0741,gm csf,core,1,4,4,false,0.000940579887948,,spec04_question_coverage_expansion
ORG-0743,gos,core,2,2,5,true,0.000122684333211,,spec04_question_coverage_expansion
ORG-0744,gpc,core,1,1,4,false,0.000368052999632,,spec04_question_coverage_expansion
ORG-0753,gtp,core,1,0,4,false,0.00273995010837,,spec04_question_coverage_expansion
ORG-0754,guinea pig,core,2,0,4,false,0.00470289943974,,spec04_question_coverage_expansion
ORG-0755,guinea pigs,core,2,0,5,false,0.00363963521858,,spec04_question_coverage_expansion
ORG-0756,gwas,core,1,2,4,false,0.00143131722079,,spec04_question_coverage_expansion
ORG-0760,h5n1 influenza a viruses,core,1,0,4,false,0.000286263444158,,spec04_question_coverage_expansion
ORG-0762,ha2,core,1,0,4,false,0.000327158221895,,spec04_question_coverage_expansion
ORG-0763,half life,core,1,4,4,true,0.00204473888684,,spec04_question_coverage_expansion
ORG-0769,hav,core,1,15,4,true,0.00065431644379,,spec04_question_coverage_expansion
ORG-0772,hcmv,review,2,17,5,true,0.0263362368626,,corpus_doc_frequency_gt_0.02
ORG-0773,hcv,core,1,1,4,false,0.00883327199117,,spec04_question_coverage_expansion
ORG-0777,hek 293,core,1,1,4,false,0.000572526888316,,spec04_question_coverage_expansion
ORG-0778,hek293,core,1,1,4,false,0.000981474665685,,spec04_question_coverage_expansion
ORG-0779,hek293t,core,1,1,4,false,0.000449842555106,,spec04_question_coverage_expansion
ORG-0781,helper virus free,core,1,0,4,false,0.000408947777369,,spec04_question_coverage_expansion
ORG-0783,hemagglutinin and,core,1,0,4,false,0.000613421666053,,spec04_question_coverage_expansion
ORG-0784,hemagglutinin neuraminidase,core,1,3,4,true,0.000286263444158,,spec04_question_coverage_expansion
ORG-0786,hendra virus,core,1,2,4,true,0.000613421666053,,spec04_question_coverage_expansion
ORG-0788,hepatitis a virus,core,1,15,4,true,0.000613421666053,,spec04_question_coverage_expansion
ORG-0789,herd immunity,core,1,0,4,false,0.00196294933137,,spec04_question_coverage_expansion
ORG-0791,herpesvirus associated,core,1,0,4,false,0.00171758066495,,spec04_question_coverage_expansion
ORG-0792,herpesvirus encoded,core,1,0,4,false,0.000777000777001,,spec04_question_coverage_expansion
ORG-0795,hhv 8,core,2,1,6,false,0.00601153232732,,spec04_question_coverage_expansion
ORG-0796,high affinity,core,1,2,4,false,0.00237189710874,,spec04_question_coverage_expansion
ORG-0798,high concentration,core,1,2,4,true,0.00212652844232,,spec04_question_coverage_expansion
ORG-0799,high copy,core,1,1,4,true,0.000817895554738,,spec04_question_coverage_expansion
ORG-0800,high diversity,core,1,2,4,true,0.000449842555106,,spec04_question_coverage_expansion
ORG-0801,high expression,core,1,0,4,false,0.00237189710874,,spec04_question_coverage_expansion
ORG-0802,high fidelity,core,1,1,4,false,0.000286263444158,,spec04_question_coverage_expansion
ORG-0803,high immunogenicity,core,1,1,4,false,0.000736105999264,,spec04_question_coverage_expansion
ORG-0805,high production,core,1,1,4,false,0.000327158221895,,spec04_question_coverage_expansion
ORG-0806,high rate,core,1,0,4,false,0.00425305688464,,spec04_question_coverage_expansion
ORG-0808,high throughput,core,2,6,7,true,0.00940579887948,,n_questions_2_largest_component_degree_gte_3
ORG-0809,high titer,core,1,1,4,false,0.00282173966384,,spec04_question_coverage_expansion
ORG-0810,high titers,core,1,2,4,true,0.00122684333211,,spec04_question_coverage_expansion
ORG-0812,high transgene,core,1,4,4,true,0.000204473888684,,spec04_question_coverage_expansion
ORG-0813,high virulence,core,1,0,4,false,0.000858790332475,,spec04_question_coverage_expansion
ORG-0814,higher frequency,core,1,4,4,false,0.00273995010837,,spec04_question_coverage_expansion
ORG-0817,higher replication,core,1,1,4,false,0.000286263444158,,spec04_question_coverage_expansion
ORG-0825,hiv 1,core,7,18,8,true,0.0168077536499,,n_questions_gte_3
ORG-0826,hku1,core,1,1,4,false,0.000286263444158,,spec04_question_coverage_expansion
ORG-0827,hmpv,core,1,5,4,true,0.000286263444158,,spec04_question_coverage_expansion
ORG-0829,homologous recombination,core,7,8,9,true,0.00151310677626,,n_questions_gte_3
ORG-0833,host cells,core,1,1,4,true,0.014763014763,,spec04_question_coverage_expansion
ORG-0836,host range,core,2,4,5,true,0.00535721588353,,n_questions_2_largest_component_degree_gte_3
ORG-0839,how can,review,3,2,9,false,0.000204473888684,,frequent_out_of_domain_matcher
ORG-0841,how does,review,16,16,12,true,0.000531632110579,,frequent_out_of_domain_matcher
ORG-0842,how long,core,3,1,6,true,0.000449842555106,,n_questions_gte_3
ORG-0843,how many,core,3,2,7,true,0.000613421666053,,n_questions_gte_3
ORG-0845,how might,core,3,3,7,true,8.17895554738e-05,,n_questions_gte_3
ORG-0846,how much,core,2,2,5,false,0.000490737332843,,spec04_question_coverage_expansion
ORG-0851,hrsv,core,1,0,4,false,0.000368052999632,,spec04_question_coverage_expansion
ORG-0852,hsk,core,1,2,4,false,0.00118594855437,,spec04_question_coverage_expansion
ORG-0854,hsv 1,review,7,10,10,true,0.03108003108,,corpus_doc_frequency_gt_0.02
ORG-0855,hsv1,core,2,2,6,true,0.00290352921932,,spec04_question_coverage_expansion
ORG-0856,htlv,core,1,15,4,true,0.00175847544269,,spec04_question_coverage_expansion
ORG-0857,human adapted,core,2,1,6,false,0.000327158221895,,spec04_question_coverage_expansion
ORG-0858,human cytomegalovirus,review,1,15,4,true,0.031243610191,,corpus_doc_frequency_gt_0.02
ORG-0859,human embryonic,core,1,0,4,false,0.0011041589989,,spec04_question_coverage_expansion
ORG-0860,human herpesvirus,core,1,1,4,false,0.0173802805382,,spec04_question_coverage_expansion
ORG-0861,human immunodeficiency virus,core,1,15,4,true,0.0175847544269,,spec04_question_coverage_expansion
ORG-0862,human like,core,1,4,4,true,0.000940579887948,,spec04_question_coverage_expansion
ORG-0865,human t lymphotropic virus,core,1,15,4,true,0.000286263444158,,spec04_question_coverage_expansion
ORG-0866,human to human,core,2,3,4,true,0.00380321432953,,n_questions_2_largest_component_degree_gte_3
ORG-0869,humoral immune,core,1,0,4,false,0.00805627121417,,spec04_question_coverage_expansion
ORG-0872,hvem,core,1,0,4,false,0.00224921277553,,spec04_question_coverage_expansion
ORG-0873,hvr,core,1,0,4,false,0.000245368666421,,spec04_question_coverage_expansion
ORG-0875,hybrid viruses,core,1,0,4,false,0.000245368666421,,spec04_question_coverage_expansion
ORG-0876,hydrophobic interactions,core,1,0,4,false,0.000368052999632,,spec04_question_coverage_expansion
ORG-0877,hyper inflammatory,core,1,1,4,false,0.000286263444158,,spec04_question_coverage_expansion
ORG-0878,hypervariable region,core,1,3,4,true,0.000449842555106,,spec04_question_coverage_expansion
ORG-0879,i scei,core,2,2,5,true,4.08947777369e-05,,spec04_question_coverage_expansion
ORG-0880,iav,core,1,3,4,true,0.00605242710506,,spec04_question_coverage_expansion
ORG-0882,icp0,core,5,10,6,true,0.00118594855437,,n_questions_gte_3
ORG-0883,icp27,core,1,2,4,false,0.000531632110579,,spec04_question_coverage_expansion
ORG-0884,icp4,core,1,1,4,true,0.000327158221895,,spec04_question_coverage_expansion
ORG-0885,icp47,core,3,7,5,true,0.000122684333211,,n_questions_gte_3
ORG-0887,identify and,core,2,7,7,true,0.00380321432953,,n_questions_2_largest_component_degree_gte_3
ORG-0893,ifa,core,1,0,4,false,0.000736105999264,,spec04_question_coverage_expansion
ORG-0894,ifi16,core,1,1,4,false,0.000858790332475,,spec04_question_coverage_expansion
ORG-0895,ifn,review,1,0,4,false,0.027358606306,,corpus_doc_frequency_gt_0.02
ORG-0897,iii,review,1,1,4,false,0.03885003885,,corpus_doc_frequency_gt_0.02
ORG-0898,il 10,core,1,2,4,false,0.00523453155032,,spec04_question_coverage_expansion
ORG-0899,il 12,core,1,0,4,false,0.00907864065759,,spec04_question_coverage_expansion
ORG-0900,il 2,core,1,1,4,false,0.00323068744121,,spec04_question_coverage_expansion
ORG-0901,il 6r,core,1,5,4,false,0.000245368666421,,spec04_question_coverage_expansion
ORG-0902,il 8,core,1,2,4,false,0.00507095243937,,spec04_question_coverage_expansion
ORG-0904,immediate early,core,6,12,7,true,0.00429395166237,,n_questions_gte_3
ORG-0905,immortalized human,core,1,1,4,false,0.000327158221895,,spec04_question_coverage_expansion
ORG-0906,immune mediated,core,1,2,4,true,0.004662004662,,spec04_question_coverage_expansion
ORG-0907,immune privileged,core,1,1,4,false,0.000449842555106,,spec04_question_coverage_expansion
ORG-0911,impaired replication,core,2,1,4,false,8.17895554738e-05,,spec04_question_coverage_expansion
ORG-0917,in herpes simplex virus,core,4,1,8,false,0.00122684333211,,n_questions_gte_3
ORG-0918,in herpes virus,core,1,2,4,false,0.000204473888684,,spec04_question_coverage_expansion
ORG-0919,in influenza a virus,core,2,0,5,false,0.000368052999632,,spec04_question_coverage_expansion
ORG-0923,in the measles virus,core,2,1,6,true,4.08947777369e-05,,spec04_question_coverage_expansion
ORG-0930,inclusion bodies,core,1,0,4,false,0.000736105999264,,spec04_question_coverage_expansion
ORG-0937,increase expression,core,1,4,4,true,0.000286263444158,,spec04_question_coverage_expansion
ORG-0938,increase the,review,3,6,7,true,0.0179528074265,,frequent_out_of_domain_matcher
ORG-0939,increase viral,core,1,3,4,false,0.000940579887948,,spec04_question_coverage_expansion
ORG-0941,increased expression,core,2,5,4,false,0.00490737332843,,spec04_question_coverage_expansion
ORG-0942,increased production,core,1,1,4,false,0.000858790332475,,spec04_question_coverage_expansion
ORG-0943,increased risk,core,1,0,4,false,0.017094017094,,spec04_question_coverage_expansion
ORG-0946,increased susceptibility,core,1,1,4,false,0.00323068744121,,spec04_question_coverage_expansion
ORG-0947,increased virulence,core,1,1,4,false,0.00171758066495,,spec04_question_coverage_expansion
ORG-0951,increasing the,core,4,5,8,true,0.00866969288022,,n_questions_gte_3
ORG-0959,inducing the,core,2,5,5,true,0.000777000777001,,n_questions_2_largest_component_degree_gte_3
ORG-0962,infection through,core,1,1,4,true,0.00318979266348,,spec04_question_coverage_expansion
ORG-0963,infection with,review,1,2,4,true,0.0474379421748,,corpus_doc_frequency_gt_0.02
ORG-0966,infectivity of the virus,core,1,1,4,true,0.000204473888684,,spec04_question_coverage_expansion
ORG-0967,influenza a h7n9 virus,core,1,1,4,true,0.00122684333211,,spec04_question_coverage_expansion
ORG-0968,influenza a virus,core,1,4,4,true,0.0110824847667,,spec04_question_coverage_expansion
ORG-0969,influenza hemagglutinin,core,1,0,4,false,0.000286263444158,,spec04_question_coverage_expansion
ORG-0970,influenza virus,review,5,4,7,false,0.0287081339713,,corpus_doc_frequency_gt_0.02
ORG-0971,inhalation anthrax,core,1,0,4,false,0.000245368666421,,spec04_question_coverage_expansion
ORG-0972,inhibiting apoptosis,core,1,4,4,true,0.000449842555106,,spec04_question_coverage_expansion
ORG-0974,inhibiting the,core,1,5,4,true,0.00642048010469,,spec04_question_coverage_expansion
ORG-0977,insert the,core,2,2,6,false,0.000163579110948,,spec04_question_coverage_expansion
ORG-0978,insertional mutagenesis,core,1,0,4,false,0.00102236944342,,spec04_question_coverage_expansion
ORG-0980,integrate the,core,2,5,6,true,0.000286263444158,,n_questions_2_largest_component_degree_gte_3
ORG-0982,integration into,core,1,2,4,true,0.000940579887948,,spec04_question_coverage_expansion
ORG-0985,inter species,core,1,0,4,false,0.000449842555106,,spec04_question_coverage_expansion
ORG-0987,interactions between,core,1,2,4,true,0.0111642743222,,spec04_question_coverage_expansion
ORG-0988,interferon gamma,core,1,2,4,false,0.00241279188648,,spec04_question_coverage_expansion
ORG-0989,interleukin 10,core,1,2,4,false,0.00122684333211,,spec04_question_coverage_expansion
ORG-0990,interleukin 8,core,1,2,4,false,0.000490737332843,,spec04_question_coverage_expansion
ORG-0999,introducing mutations,core,6,13,8,true,0.000163579110948,,n_questions_gte_3
ORG-1000,introduction into,core,1,1,4,true,0.000613421666053,,spec04_question_coverage_expansion
ORG-1002,involved in the virus,core,1,0,4,false,0.000245368666421,,spec04_question_coverage_expansion
ORG-1003,ip 10,core,1,0,4,false,0.000327158221895,,spec04_question_coverage_expansion
ORG-1004,ires,core,5,4,8,true,0.000777000777001,,n_questions_gte_3
ORG-1007,isa,core,1,1,4,true,0.000286263444158,,spec04_question_coverage_expansion
ORG-1019,its ability,core,3,7,6,true,0.00777000777001,,n_questions_gte_3
ORG-1020,its function,core,1,5,4,true,0.00237189710874,,spec04_question_coverage_expansion
ORG-1021,its large,core,1,1,4,true,0.000286263444158,,spec04_question_coverage_expansion
ORG-1022,its resistance,core,1,5,4,true,0.000408947777369,,spec04_question_coverage_expansion
ORG-1023,its role,core,1,5,4,true,0.00817895554738,,spec04_question_coverage_expansion
ORG-1028,jak stat,core,1,1,4,false,0.000858790332475,,spec04_question_coverage_expansion
ORG-1031,jurkat cells,core,1,2,4,true,0.000490737332843,,spec04_question_coverage_expansion
ORG-1035,kaposi sarcoma associated,core,1,2,4,true,0.0042121621069,,spec04_question_coverage_expansion
ORG-1036,kos,core,2,3,5,true,0.000245368666421,,n_questions_2_largest_component_degree_gte_3
ORG-1039,kshv,review,4,8,7,true,0.025804604752,,corpus_doc_frequency_gt_0.02
ORG-1040,kshv associated,core,1,0,4,false,0.00335337177442,,spec04_question_coverage_expansion
ORG-1043,laboratory acquired,core,1,0,4,false,0.000245368666421,,spec04_question_coverage_expansion
ORG-1044,lana,core,1,3,4,true,0.00179937022042,,spec04_question_coverage_expansion
ORG-1046,large genome,core,1,0,4,false,0.000613421666053,,spec04_question_coverage_expansion
ORG-1047,large scale,core,2,3,6,true,0.0104281683229,,n_questions_2_largest_component_degree_gte_3
ORG-1048,lassa fever,core,1,0,4,false,0.00065431644379,,spec04_question_coverage_expansion
ORG-1050,lat,core,3,8,5,true,0.00114505377663,,n_questions_gte_3
ORG-1051,latency associated,core,7,14,7,true,0.00372142477406,,n_questions_gte_3
ORG-1057,lentiviral vectors,core,1,3,4,true,0.00237189710874,,spec04_question_coverage_expansion
ORG-1062,lethal toxin,core,2,10,5,true,0.000368052999632,,n_questions_2_largest_component_degree_gte_3
ORG-1063,leucine rich,core,1,0,4,false,0.000286263444158,,spec04_question_coverage_expansion
ORG-1068,limited availability,core,1,2,4,true,0.000695211221527,,spec04_question_coverage_expansion
ORG-1072,limited knowledge,core,1,1,4,false,0.000490737332843,,spec04_question_coverage_expansion
ORG-1077,limited viral,core,1,0,4,false,0.000408947777369,,spec04_question_coverage_expansion
ORG-1079,limiting the,core,1,1,4,true,0.0018811597759,,spec04_question_coverage_expansion
ORG-1081,link the,core,1,2,4,true,0.000368052999632,,spec04_question_coverage_expansion
ORG-1084,lipid based,core,1,1,4,false,0.00290352921932,,spec04_question_coverage_expansion
ORG-1085,live animal,core,1,0,4,false,0.000940579887948,,spec04_question_coverage_expansion
ORG-1087,lmp1,core,5,7,5,false,0.00642048010469,,n_questions_gte_3
ORG-1088,loci that,core,1,1,4,true,0.000408947777369,,spec04_question_coverage_expansion
ORG-1089,long term,review,3,3,6,true,0.0345151924099,,corpus_doc_frequency_gt_0.02
ORG-1092,low copy number,core,1,1,4,true,0.000408947777369,,spec04_question_coverage_expansion
ORG-1093,low fidelity,core,4,2,10,true,0.000245368666421,,n_questions_gte_3
ORG-1094,low immunogenicity,core,1,2,4,true,0.000490737332843,,spec04_question_coverage_expansion
ORG-1095,low level,core,1,2,4,true,0.0158262789842,,spec04_question_coverage_expansion
ORG-1099,lower susceptibility,core,1,1,4,false,0.000286263444158,,spec04_question_coverage_expansion
ORG-1100,ltp,core,1,5,4,false,0.000286263444158,,spec04_question_coverage_expansion
ORG-1102,lumbar puncture,core,1,1,4,false,0.000695211221527,,spec04_question_coverage_expansion
ORG-1103,lymphocyte activation,core,1,1,4,true,0.00134952766532,,spec04_question_coverage_expansion
ORG-1104,lytic proteins,core,1,4,4,true,0.000449842555106,,spec04_question_coverage_expansion
ORG-1106,madin darby,core,1,0,4,false,0.000572526888316,,spec04_question_coverage_expansion
ORG-1112,maintain the,core,1,1,4,false,0.00220831799779,,spec04_question_coverage_expansion
ORG-1119,mammalian cell,core,1,0,4,false,0.00723837565943,,spec04_question_coverage_expansion
ORG-1121,many genes,core,1,0,4,false,0.0011041589989,,spec04_question_coverage_expansion
ORG-1122,marburg virus,core,2,3,6,true,0.00294442399706,,n_questions_2_largest_component_degree_gte_3
ORG-1125,master donor virus,core,1,1,4,false,0.000204473888684,,spec04_question_coverage_expansion
ORG-1127,mavs,core,3,4,5,false,0.000449842555106,,n_questions_gte_3
ORG-1129,mbcs,core,1,0,4,false,0.000286263444158,,spec04_question_coverage_expansion
ORG-1130,mcc,core,1,1,4,false,0.000245368666421,,spec04_question_coverage_expansion
ORG-1131,mcv,core,1,1,4,false,0.00241279188648,,spec04_question_coverage_expansion
ORG-1133,mdck,core,2,4,6,true,0.000736105999264,,n_questions_2_largest_component_degree_gte_3
ORG-1135,mdv,core,1,1,4,false,0.00396679344048,,spec04_question_coverage_expansion
ORG-1136,measles virus,core,5,9,9,true,0.0112460638776,,n_questions_gte_3
ORG-1137,measure the,core,1,2,4,false,0.00294442399706,,spec04_question_coverage_expansion
ORG-1138,measuring the,core,1,3,4,true,0.00139042244305,,spec04_question_coverage_expansion
ORG-1143,mediating the,core,1,2,4,false,0.00122684333211,,spec04_question_coverage_expansion
ORG-1144,mediating viral,core,1,2,4,false,0.000368052999632,,spec04_question_coverage_expansion
ORG-1146,mers,core,1,2,4,false,0.0130863288758,,spec04_question_coverage_expansion
ORG-1147,mers cov,core,1,2,4,false,0.00932400932401,,spec04_question_coverage_expansion
ORG-1149,metabolic pathway,core,1,2,4,false,0.000531632110579,,spec04_question_coverage_expansion
ORG-1164,mlp,core,1,0,4,false,0.000286263444158,,spec04_question_coverage_expansion
ORG-1167,modifying the,core,6,17,8,true,0.00106326422116,,n_questions_gte_3
ORG-1169,monoclonal antibodies,core,1,0,4,false,0.00556168977222,,spec04_question_coverage_expansion
ORG-1173,most similar,core,1,0,4,false,0.000327158221895,,spec04_question_coverage_expansion
ORG-1174,most viral,core,1,0,4,false,0.000695211221527,,spec04_question_coverage_expansion
ORG-1176,mpa,core,1,0,4,false,0.0011041589989,,spec04_question_coverage_expansion
ORG-1177,mps,core,2,5,6,true,0.00126773810984,,n_questions_2_largest_component_degree_gte_3
ORG-1178,mtb,core,1,1,4,false,0.00126773810984,,spec04_question_coverage_expansion
ORG-1179,mucosal immunity,core,1,3,4,true,0.00171758066495,,spec04_question_coverage_expansion
ORG-1182,multi drug,core,1,1,4,true,0.000899685110211,,spec04_question_coverage_expansion
ORG-1183,multi site,core,1,1,4,false,0.000286263444158,,spec04_question_coverage_expansion
ORG-1184,multiple sequence,core,1,0,4,false,0.000531632110579,,spec04_question_coverage_expansion
ORG-1189,mutations can,core,1,1,4,false,0.00118594855437,,spec04_question_coverage_expansion
ORG-1192,mv infected,core,1,0,4,false,0.000408947777369,,spec04_question_coverage_expansion
ORG-1196,mva,core,1,1,4,false,0.00821985032511,,spec04_question_coverage_expansion
ORG-1197,mva based,core,1,1,4,false,0.000858790332475,,spec04_question_coverage_expansion
ORG-1200,mycobacterium tuberculosis,core,3,3,5,false,0.00204473888684,,n_questions_gte_3
ORG-1201,mycoplasma pneumoniae,core,1,10,4,true,0.000449842555106,,spec04_question_coverage_expansion
ORG-1203,n glycosylation,core,1,1,4,true,0.000449842555106,,spec04_question_coverage_expansion
ORG-1205,n terminal,core,4,12,7,true,0.00817895554738,,n_questions_gte_3
ORG-1206,nad,core,1,1,4,false,0.000368052999632,,spec04_question_coverage_expansion
ORG-1215,natural killer,core,1,2,4,false,0.0171758066495,,spec04_question_coverage_expansion
ORG-1216,natural selection,core,1,1,4,true,0.0011041589989,,spec04_question_coverage_expansion
ORG-1218,ndv,core,5,8,8,true,0.00359874044085,,n_questions_gte_3
ORG-1219,nec,core,1,1,4,true,0.000204473888684,,spec04_question_coverage_expansion
ORG-1220,nectin 4,core,4,7,9,true,0.000368052999632,,n_questions_gte_3
ORG-1221,need for,review,1,1,4,true,0.0317752423016,,corpus_doc_frequency_gt_0.02
ORG-1225,negative sense,core,3,7,6,true,0.00192205455363,,n_questions_gte_3
ORG-1226,negative strand,core,2,5,6,false,0.00102236944342,,spec04_question_coverage_expansion
ORG-1228,net,review,1,1,4,false,0.003108003108,,frequent_out_of_domain_matcher
ORG-1230,neutralizing antibodies,core,1,0,4,false,0.0130863288758,,spec04_question_coverage_expansion
ORG-1231,newcastle disease virus,core,2,4,7,true,0.00380321432953,,n_questions_2_largest_component_degree_gte_3
ORG-1232,next generation,core,2,9,4,true,0.0096511675459,,n_questions_2_largest_component_degree_gte_3
ORG-1233,ngs,core,1,5,4,true,0.00159489633174,,spec04_question_coverage_expansion
ORG-1234,nipah virus,core,1,1,4,false,0.00147221199853,,spec04_question_coverage_expansion
ORG-1235,nl63,core,1,1,4,false,0.000490737332843,,spec04_question_coverage_expansion
ORG-1236,nlrp3,core,1,1,4,true,0.000531632110579,,spec04_question_coverage_expansion
ORG-1238,non coding,core,4,7,8,true,0.00633869054922,,n_questions_gte_3
ORG-1241,non enveloped,core,2,4,6,true,0.00286263444158,,n_questions_2_largest_component_degree_gte_3
ORG-1242,non enveloped viruses,core,1,1,4,true,0.00102236944342,,spec04_question_coverage_expansion
ORG-1243,non essential,core,5,2,8,true,0.00486647855069,,n_questions_gte_3
ORG-1245,non human,core,2,1,6,false,0.00592974277185,,spec04_question_coverage_expansion
ORG-1246,non infectious,core,2,2,4,true,0.00744284954811,,spec04_question_coverage_expansion
ORG-1248,non pathogenic,core,2,2,6,true,0.00458021510653,,spec04_question_coverage_expansion
ORG-1249,non permissive,core,1,1,4,true,0.00102236944342,,spec04_question_coverage_expansion
ORG-1252,non replicating,core,2,3,6,true,0.0018811597759,,n_questions_2_largest_component_degree_gte_3
ORG-1253,non specific,core,1,4,4,true,0.00826074510285,,spec04_question_coverage_expansion
ORG-1254,non structural,core,1,0,4,false,0.00241279188648,,spec04_question_coverage_expansion
ORG-1257,non viral,core,1,1,4,false,0.0034351613299,,spec04_question_coverage_expansion
ORG-1258,non virulent,core,1,2,4,false,0.000736105999264,,spec04_question_coverage_expansion
ORG-1260,not using,core,1,0,4,false,0.000327158221895,,spec04_question_coverage_expansion
ORG-1263,ns1,core,5,5,7,false,0.00192205455363,,n_questions_gte_3
ORG-1267,nsp3,core,1,2,4,true,0.000286263444158,,spec04_question_coverage_expansion
ORG-1273,of a chimeric virus,core,2,1,5,true,0.000163579110948,,spec04_question_coverage_expansion
ORG-1275,of a recombinant virus,core,3,1,6,false,0.000122684333211,,n_questions_gte_3
ORG-1276,of a virus,core,1,0,4,false,0.00204473888684,,spec04_question_coverage_expansion
ORG-1278,of an oncolytic virus,core,1,4,4,true,0.000286263444158,,spec04_question_coverage_expansion
ORG-1285,of hepatitis c virus,core,1,1,4,false,0.000531632110579,,spec04_question_coverage_expansion
ORG-1286,of herpes simplex virus,core,7,13,6,true,0.0101419048787,,n_questions_gte_3
ORG-1287,of human influenza viruses,core,1,4,4,true,0.000245368666421,,spec04_question_coverage_expansion
ORG-1288,of influenza a virus,core,2,3,7,true,0.00229010755327,,n_questions_2_largest_component_degree_gte_3
ORG-1289,of influenza a viruses,core,2,3,5,true,0.00192205455363,,n_questions_2_largest_component_degree_gte_3
ORG-1293,of oncolytic measles virus,core,1,5,4,true,0.000449842555106,,spec04_question_coverage_expansion
ORG-1295,of recombinant adeno associated virus,core,1,1,4,true,0.000204473888684,,spec04_question_coverage_expansion
ORG-1296,of recombinant vaccinia virus,core,1,0,4,false,0.000245368666421,,spec04_question_coverage_expansion
ORG-1301,of the chimeric virus,core,3,5,7,true,4.08947777369e-05,,n_questions_gte_3
ORG-1304,of the ebola virus,core,3,7,8,true,0.000122684333211,,n_questions_gte_3
ORG-1305,of the epstein barr virus,core,2,2,6,false,0.00192205455363,,spec04_question_coverage_expansion
ORG-1310,of the recombinant virus,core,2,1,6,false,0.000531632110579,,spec04_question_coverage_expansion
ORG-1312,of the smallpox virus,core,1,3,4,true,0.000286263444158,,spec04_question_coverage_expansion
ORG-1313,of the vaccinia virus,core,3,0,7,false,8.17895554738e-05,,n_questions_gte_3
ORG-1315,off target,core,3,5,8,true,0.00298531877479,,n_questions_gte_3
ORG-1316,omicron variant,core,1,2,4,true,0.00208563366458,,spec04_question_coverage_expansion
ORG-1317,omv,core,2,5,7,true,0.000245368666421,,n_questions_2_largest_component_degree_gte_3
ORG-1321,only with,core,1,0,4,false,0.00151310677626,,spec04_question_coverage_expansion
ORG-1325,orf,core,2,5,6,true,0.00429395166237,,n_questions_2_largest_component_degree_gte_3
ORG-1326,orf virus,core,1,3,4,true,0.000817895554738,,spec04_question_coverage_expansion
ORG-1327,orf63,core,1,1,4,false,0.000245368666421,,spec04_question_coverage_expansion
ORG-1330,other than,core,1,1,4,false,0.00515274199485,,spec04_question_coverage_expansion
ORG-1331,over expressing,core,1,1,4,true,0.000408947777369,,spec04_question_coverage_expansion
ORG-1334,overcoming the,core,1,2,4,true,0.000858790332475,,spec04_question_coverage_expansion
ORG-1335,p aeruginosa,core,1,2,4,true,0.000368052999632,,spec04_question_coverage_expansion
ORG-1338,packaging signal,core,1,3,4,true,0.000245368666421,,spec04_question_coverage_expansion
ORG-1344,passage the,core,2,4,5,true,0.000204473888684,,n_questions_2_largest_component_degree_gte_3
ORG-1351,pathogen specific,core,1,0,4,false,0.00249458144195,,spec04_question_coverage_expansion
ORG-1353,pathogenic avian influenza virus,core,1,4,4,true,0.00200384410911,,spec04_question_coverage_expansion
ORG-1356,pathogenicity of the virus,core,2,3,5,false,0.000490737332843,,spec04_question_coverage_expansion
ORG-1358,pb1,core,2,1,5,false,0.000981474665685,,spec04_question_coverage_expansion
ORG-1359,pb2,core,5,3,7,false,0.00147221199853,,n_questions_gte_3
ORG-1361,pcr,review,6,8,8,true,0.0440845704004,,corpus_doc_frequency_gt_0.02
ORG-1362,pcr amplified,core,1,2,4,false,0.000286263444158,,spec04_question_coverage_expansion
ORG-1364,pd l1,core,1,0,4,false,0.00458021510653,,spec04_question_coverage_expansion
ORG-1365,pdm09 influenza virus,core,4,7,7,true,8.17895554738e-05,,n_questions_gte_3
ORG-1368,per,review,1,1,4,true,0.0317752423016,,corpus_doc_frequency_gt_0.02
ORG-1374,perk,core,1,3,4,true,0.000449842555106,,spec04_question_coverage_expansion
ORG-1378,pertussis toxin,core,3,3,6,true,0.000572526888316,,n_questions_gte_3
ORG-1387,php,review,1,3,4,true,0.000286263444158,,frequent_out_of_domain_matcher
ORG-1391,pigs are,core,1,1,4,false,0.000368052999632,,spec04_question_coverage_expansion
ORG-1392,pigs have,core,1,1,4,false,0.000286263444158,,spec04_question_coverage_expansion
ORG-1395,pkr,core,1,1,4,true,0.000695211221527,,spec04_question_coverage_expansion
ORG-1396,pla2,core,2,8,4,true,8.17895554738e-05,,n_questions_2_largest_component_degree_gte_3
ORG-1399,place the,core,1,1,4,true,0.000286263444158,,spec04_question_coverage_expansion
ORG-1400,plaque assay,core,2,3,5,true,0.000204473888684,,n_questions_2_largest_component_degree_gte_3
ORG-1402,plasmid based,core,4,3,6,true,0.00122684333211,,n_questions_gte_3
ORG-1404,plasmodium parasites,core,1,0,4,false,0.000327158221895,,spec04_question_coverage_expansion
ORG-1405,point mutations,core,1,1,4,true,0.00269905533063,,spec04_question_coverage_expansion
ORG-1407,poliomyelitis virus,core,4,3,6,false,4.08947777369e-05,,n_questions_gte_3
ORG-1409,poly a,core,1,0,4,false,0.000613421666053,,spec04_question_coverage_expansion
ORG-1410,polymerase activity,core,1,2,4,true,0.000940579887948,,spec04_question_coverage_expansion
ORG-1413,positive sense,core,3,2,8,true,0.00196294933137,,n_questions_gte_3
ORG-1414,positive strand,core,4,4,6,true,0.00147221199853,,n_questions_gte_3
ORG-1415,positive stranded,core,1,0,4,false,0.000613421666053,,spec04_question_coverage_expansion
ORG-1418,post translational,core,5,5,7,true,0.00351695088537,,n_questions_gte_3
ORG-1421,potential for,review,1,0,4,false,0.0249458144195,,corpus_doc_frequency_gt_0.02
ORG-1424,poxvirus based,core,4,1,7,false,0.000695211221527,,n_questions_gte_3
ORG-1427,poxvirus vector,core,1,2,4,false,0.00147221199853,,spec04_question_coverage_expansion
ORG-1428,poxvirus vectors,core,1,2,4,true,0.000777000777001,,spec04_question_coverage_expansion
ORG-1429,poxviruses have,core,1,1,4,true,0.000490737332843,,spec04_question_coverage_expansion
ORG-1432,pre existing,core,11,22,10,true,0.00797448165869,,n_questions_gte_3
ORG-1436,pre vaccine,core,1,0,4,false,0.000327158221895,,spec04_question_coverage_expansion
ORG-1439,preventing the,core,1,2,4,true,0.00417126732916,,spec04_question_coverage_expansion
ORG-1441,primary cell,core,1,3,4,true,0.00318979266348,,spec04_question_coverage_expansion
ORG-1442,primary cells,core,1,0,4,false,0.00220831799779,,spec04_question_coverage_expansion
ORG-1446,produce the,core,1,2,4,false,0.00143131722079,,spec04_question_coverage_expansion
ORG-1454,promoting the,core,2,6,5,true,0.00339426655216,,n_questions_2_largest_component_degree_gte_3
ORG-1459,protective antigen,core,1,1,4,true,0.00139042244305,,spec04_question_coverage_expansion
ORG-1461,protein based,core,1,5,4,false,0.00290352921932,,spec04_question_coverage_expansion
ORG-1462,protein coupled,core,1,2,4,true,0.0026581605529,,spec04_question_coverage_expansion
ORG-1464,protein kinase,core,1,2,4,false,0.00646137488243,,spec04_question_coverage_expansion
ORG-1468,proteins under,core,1,1,4,false,0.000368052999632,,spec04_question_coverage_expansion
ORG-1469,provide early,core,1,1,4,false,0.000449842555106,,spec04_question_coverage_expansion
ORG-1476,pvsripo,core,4,7,7,true,0.000204473888684,,n_questions_gte_3
ORG-1479,qtl,core,1,2,4,false,0.00102236944342,,spec04_question_coverage_expansion
ORG-1480,quantify the,core,1,2,4,false,0.00278084488611,,spec04_question_coverage_expansion
ORG-1483,quantitative polymerase,core,1,1,4,true,0.000899685110211,,spec04_question_coverage_expansion
ORG-1484,question the,core,1,0,4,false,0.00065431644379,,spec04_question_coverage_expansion
ORG-1485,raise the,core,1,2,4,true,0.00171758066495,,spec04_question_coverage_expansion
ORG-1490,rapid and,core,1,2,4,true,0.00740195477038,,spec04_question_coverage_expansion
ORG-1493,rbd,core,1,5,4,true,0.00323068744121,,spec04_question_coverage_expansion
ORG-1494,rbm,core,2,2,6,true,8.17895554738e-05,,spec04_question_coverage_expansion
ORG-1495,rbp,review,4,4,7,true,0.000940579887948,,frequent_out_of_domain_matcher
ORG-1498,re emergence,core,1,0,4,false,0.00159489633174,,spec04_question_coverage_expansion
ORG-1503,real time,core,1,2,4,true,0.0106735369893,,spec04_question_coverage_expansion
ORG-1505,receptor binding,core,7,13,9,true,0.0099783257678,,n_questions_gte_3
ORG-1506,receptor expressing,core,1,8,4,true,0.000449842555106,,spec04_question_coverage_expansion
ORG-1507,receptor specific,core,1,2,4,true,0.000858790332475,,spec04_question_coverage_expansion
ORG-1509,recombinant herpes simplex virus,core,2,2,5,true,0.000122684333211,,spec04_question_coverage_expansion
ORG-1511,recombinant viruses,core,1,4,4,false,0.00789269210322,,spec04_question_coverage_expansion
ORG-1514,recovery of infectious virus,core,3,2,6,true,0.000163579110948,,n_questions_gte_3
ORG-1519,reduced immunogenicity,core,1,0,4,false,0.000368052999632,,spec04_question_coverage_expansion
ORG-1522,reduced virus,core,1,2,4,true,0.00114505377663,,spec04_question_coverage_expansion
ORG-1527,regulate the,core,1,0,4,false,0.00449842555106,,spec04_question_coverage_expansion
ORG-1534,replacing the,core,1,5,4,true,0.001554001554,,spec04_question_coverage_expansion
ORG-1536,replication competent,core,5,10,7,true,0.00278084488611,,n_questions_gte_3
ORG-1538,replication deficient,core,1,1,4,true,0.00400768821821,,spec04_question_coverage_expansion
ORG-1540,replication of the virus,core,1,1,4,false,0.000899685110211,,spec04_question_coverage_expansion
ORG-1543,replication proteins,core,2,6,5,true,0.000408947777369,,n_questions_2_largest_component_degree_gte_3
ORG-1545,requirement for,core,3,5,8,true,0.00445753077332,,n_questions_gte_3
ORG-1558,respiratory droplets,core,1,1,4,true,0.00147221199853,,spec04_question_coverage_expansion
ORG-1559,response against the virus,core,1,3,4,false,0.000327158221895,,spec04_question_coverage_expansion
ORG-1563,restriction enzyme,core,3,5,8,true,0.00065431644379,,n_questions_gte_3
ORG-1564,restriction enzymes,core,1,2,4,false,0.000245368666421,,spec04_question_coverage_expansion
ORG-1566,restricts the,core,1,2,4,true,0.000695211221527,,spec04_question_coverage_expansion
ORG-1568,retrovirus vector,core,1,2,4,false,0.000981474665685,,spec04_question_coverage_expansion
ORG-1569,reverse genetics,review,1,4,4,false,0.0304257146362,,corpus_doc_frequency_gt_0.02
ORG-1572,rgd,core,1,0,4,false,0.000408947777369,,spec04_question_coverage_expansion
ORG-1574,ribonucleotide reductase,core,1,1,4,false,0.000449842555106,,spec04_question_coverage_expansion
ORG-1575,ribosome inactivating,core,1,1,4,false,0.000245368666421,,spec04_question_coverage_expansion
ORG-1576,ricin toxin,core,1,10,4,true,0.000572526888316,,spec04_question_coverage_expansion
ORG-1577,ricinus communis,core,1,10,4,true,0.000368052999632,,spec04_question_coverage_expansion
ORG-1579,rig i,core,1,2,4,false,0.001554001554,,spec04_question_coverage_expansion
ORG-1582,rna dependent,core,3,2,8,true,0.00139042244305,,n_questions_gte_3
ORG-1583,rna interference,core,1,1,4,false,0.003108003108,,spec04_question_coverage_expansion
ORG-1585,rna sequencing,core,1,0,4,false,0.0042121621069,,spec04_question_coverage_expansion
ORG-1586,rna viruses,core,1,0,4,false,0.0121866437656,,spec04_question_coverage_expansion
ORG-1593,rt pcr,core,2,3,6,true,0.00662495399338,,n_questions_2_largest_component_degree_gte_3
ORG-1597,rv based,core,1,1,4,true,0.000286263444158,,spec04_question_coverage_expansion
ORG-1598,rvf,core,1,1,4,false,0.000858790332475,,spec04_question_coverage_expansion
ORG-1600,s protein,core,1,0,4,false,0.00368052999632,,spec04_question_coverage_expansion
ORG-1601,sa11,core,2,3,6,true,0.000163579110948,,n_questions_2_largest_component_degree_gte_3
ORG-1603,safety profile,core,1,1,4,true,0.00588884799411,,spec04_question_coverage_expansion
ORG-1607,sarcoma associated,review,1,3,4,true,0.0246186561976,,corpus_doc_frequency_gt_0.02
ORG-1610,sars cov 2 virus,core,1,2,4,false,0.00617511143827,,spec04_question_coverage_expansion
ORG-1611,sars cov2,core,1,0,4,false,0.00257637099742,,spec04_question_coverage_expansion
ORG-1614,scientific research,core,1,0,4,false,0.000736105999264,,spec04_question_coverage_expansion
ORG-1616,sds page,core,1,1,4,false,0.000327158221895,,spec04_question_coverage_expansion
ORG-1618,second generation,core,1,1,4,true,0.00102236944342,,spec04_question_coverage_expansion
ORG-1622,segmented genome,core,1,0,4,false,0.000531632110579,,spec04_question_coverage_expansion
ORG-1626,selection of recombinant viruses,core,4,5,8,true,4.08947777369e-05,,n_questions_gte_3
ORG-1627,self assembly,core,1,3,4,true,0.000327158221895,,spec04_question_coverage_expansion
ORG-1629,self destruct,core,2,2,6,false,4.08947777369e-05,,spec04_question_coverage_expansion
ORG-1631,self limiting,core,1,2,4,true,0.00257637099742,,spec04_question_coverage_expansion
ORG-1634,self replicating,core,2,4,7,true,0.00065431644379,,n_questions_2_largest_component_degree_gte_3
ORG-1635,self replication,core,1,3,4,true,0.000204473888684,,spec04_question_coverage_expansion
ORG-1638,sequence specific,core,1,1,4,false,0.00122684333211,,spec04_question_coverage_expansion
ORG-1639,sequences from,core,1,0,4,false,0.00482558377295,,spec04_question_coverage_expansion
ORG-1641,sequencing data,core,1,1,4,false,0.00298531877479,,spec04_question_coverage_expansion
ORG-1644,serial passage,core,1,3,4,false,0.00196294933137,,spec04_question_coverage_expansion
ORG-1645,serial passaging,core,1,4,4,true,0.000449842555106,,spec04_question_coverage_expansion
ORG-1647,serotype specific,core,1,1,4,false,0.000572526888316,,spec04_question_coverage_expansion
ORG-1649,sfv,core,1,0,4,false,0.000204473888684,,spec04_question_coverage_expansion
ORG-1651,shelf life,core,1,1,4,true,0.000572526888316,,spec04_question_coverage_expansion
ORG-1653,shift from,core,1,1,4,false,0.00106326422116,,spec04_question_coverage_expansion
ORG-1654,shiga toxin,core,2,11,7,true,0.000122684333211,,n_questions_2_largest_component_degree_gte_3
ORG-1660,shut off,core,1,2,4,false,0.000286263444158,,spec04_question_coverage_expansion
ORG-1663,similar symptoms,core,1,0,4,false,0.000245368666421,,spec04_question_coverage_expansion
ORG-1666,sin,core,1,1,4,true,0.000286263444158,,spec04_question_coverage_expansion
ORG-1667,since the,core,1,1,4,false,0.0196703880914,,spec04_question_coverage_expansion
ORG-1668,single cell,core,1,2,4,true,0.0042121621069,,spec04_question_coverage_expansion
ORG-1669,single chain,core,1,2,4,false,0.00122684333211,,spec04_question_coverage_expansion
ORG-1671,single site,core,1,1,4,false,0.000531632110579,,spec04_question_coverage_expansion
ORG-1672,single stranded,core,1,6,4,true,0.00666584877111,,spec04_question_coverage_expansion
ORG-1673,single stranded rna virus,core,1,1,4,false,0.000736105999264,,spec04_question_coverage_expansion
ORG-1674,sir,core,1,0,4,false,0.00065431644379,,spec04_question_coverage_expansion
ORG-1675,site directed,core,2,1,6,true,0.00143131722079,,spec04_question_coverage_expansion
ORG-1678,site specific,core,1,0,4,false,0.00216742322005,,spec04_question_coverage_expansion
ORG-1680,slam,core,7,8,8,true,0.000777000777001,,n_questions_gte_3
ORG-1683,smaller than,core,1,1,4,true,0.000817895554738,,spec04_question_coverage_expansion
ORG-1684,smallpox and,core,1,1,4,false,0.00122684333211,,spec04_question_coverage_expansion
ORG-1687,soil samples,core,1,0,4,false,0.000408947777369,,spec04_question_coverage_expansion
ORG-1690,southern blotting,core,1,3,4,true,0.000408947777369,,spec04_question_coverage_expansion
ORG-1695,spanish influenza,core,1,5,4,true,0.000327158221895,,spec04_question_coverage_expansion
ORG-1696,species specific,core,1,1,4,false,0.00298531877479,,spec04_question_coverage_expansion
ORG-1702,spike protein,core,2,2,6,false,0.00899685110211,,spec04_question_coverage_expansion
ORG-1703,split the,core,2,3,5,false,8.17895554738e-05,,spec04_question_coverage_expansion
ORG-1709,spread of the virus,core,2,1,5,true,0.00241279188648,,spec04_question_coverage_expansion
ORG-1711,stabilizing the,core,1,0,4,false,0.00114505377663,,spec04_question_coverage_expansion
ORG-1714,staphylococcus aureus,core,3,3,5,true,0.0034351613299,,n_questions_gte_3
ORG-1715,star,core,1,2,4,false,0.000531632110579,,spec04_question_coverage_expansion
ORG-1719,sting,core,2,3,6,false,0.00257637099742,,spec04_question_coverage_expansion
ORG-1723,strains of the virus,core,1,1,4,false,0.000204473888684,,spec04_question_coverage_expansion
ORG-1729,streptococcus pneumoniae,core,1,2,4,true,0.00143131722079,,spec04_question_coverage_expansion
ORG-1730,streptococcus pyogenes,core,1,2,4,false,0.000327158221895,,spec04_question_coverage_expansion
ORG-1732,structural analysis,core,2,7,7,true,0.00151310677626,,n_questions_2_largest_component_degree_gte_3
ORG-1738,studying the,core,1,0,4,false,0.00380321432953,,spec04_question_coverage_expansion
ORG-1744,suppress the,core,1,0,4,false,0.00781090254774,,spec04_question_coverage_expansion
ORG-1746,suppresses the,core,1,0,4,false,0.00339426655216,,spec04_question_coverage_expansion
ORG-1747,suppressing the,core,1,5,4,true,0.00404858299595,,spec04_question_coverage_expansion
ORG-1748,sustained release,core,1,0,4,false,0.000245368666421,,spec04_question_coverage_expansion
ORG-1749,sv40,core,1,2,4,false,0.0011041589989,,spec04_question_coverage_expansion
ORG-1751,swapping the,core,3,9,7,true,0.000204473888684,,n_questions_gte_3
ORG-1765,t 2,core,3,1,6,true,0.000449842555106,,n_questions_gte_3
ORG-1767,t lymphotropic,core,1,15,4,true,0.00065431644379,,spec04_question_coverage_expansion
ORG-1771,tap,core,1,6,4,true,0.00163579110948,,spec04_question_coverage_expansion
ORG-1772,tar,core,3,5,7,true,0.00114505377663,,n_questions_gte_3
ORG-1773,target cells,core,1,0,4,false,0.0103872735452,,spec04_question_coverage_expansion
ORG-1774,target host,core,1,3,4,false,0.000695211221527,,spec04_question_coverage_expansion
ORG-1775,targeting and,core,1,0,4,false,0.00192205455363,,spec04_question_coverage_expansion
ORG-1778,tbe,core,1,2,4,false,0.000245368666421,,spec04_question_coverage_expansion
ORG-1779,tbev,core,1,2,4,false,0.000490737332843,,spec04_question_coverage_expansion
ORG-1781,temperature sensitive,core,2,0,5,false,0.0011041589989,,spec04_question_coverage_expansion
ORG-1783,testing the,core,2,9,5,true,0.00249458144195,,n_questions_2_largest_component_degree_gte_3
ORG-1795,that the recombinant virus,core,1,1,4,false,0.000204473888684,,spec04_question_coverage_expansion
ORG-1797,the ability,review,5,7,10,true,0.0379912485176,,corpus_doc_frequency_gt_0.02
ORG-1798,the absence,review,2,7,6,true,0.0267860794177,,corpus_doc_frequency_gt_0.02
ORG-1800,the acquisition,core,2,4,6,true,0.00278084488611,,n_questions_2_largest_component_degree_gte_3
ORG-1801,the affinity,core,1,3,4,true,0.00130863288758,,spec04_question_coverage_expansion
ORG-1802,the amount,core,1,2,4,false,0.00458021510653,,spec04_question_coverage_expansion
ORG-1803,the animal,core,1,0,4,false,0.00511184721711,,spec04_question_coverage_expansion
ORG-1804,the anthrax,core,1,1,4,true,0.000899685110211,,spec04_question_coverage_expansion
ORG-1806,the antigenic,core,1,5,4,true,0.00241279188648,,spec04_question_coverage_expansion
ORG-1808,the arginine,core,1,1,4,false,0.000490737332843,,spec04_question_coverage_expansion
ORG-1809,the availability,core,2,5,5,true,0.0068703226598,,n_questions_2_largest_component_degree_gte_3
ORG-1811,the biology,core,1,2,4,true,0.00642048010469,,spec04_question_coverage_expansion
ORG-1812,the capacity,core,1,3,4,true,0.00854700854701,,spec04_question_coverage_expansion
ORG-1813,the capsid,core,1,3,4,true,0.00503005766164,,spec04_question_coverage_expansion
ORG-1814,the carboxyl,core,1,1,4,true,0.000531632110579,,spec04_question_coverage_expansion
ORG-1815,the chimeric,core,1,0,4,false,0.00237189710874,,spec04_question_coverage_expansion
ORG-1817,the choice,core,1,1,4,false,0.001554001554,,spec04_question_coverage_expansion
ORG-1819,the common,core,1,5,4,true,0.00715658610395,,spec04_question_coverage_expansion
ORG-1822,the creation,core,2,1,7,false,0.00196294933137,,spec04_question_coverage_expansion
ORG-1826,the difficulty,core,3,6,5,true,0.0026581605529,,n_questions_gte_3
ORG-1827,the dual,core,1,2,4,true,0.00220831799779,,spec04_question_coverage_expansion
ORG-1828,the ease,core,1,1,4,true,0.000899685110211,,spec04_question_coverage_expansion
ORG-1829,the efficient,core,1,2,4,true,0.00208563366458,,spec04_question_coverage_expansion
ORG-1831,the entire,core,1,4,4,false,0.00899685110211,,spec04_question_coverage_expansion
ORG-1833,the environment,core,1,2,4,false,0.00494826810616,,spec04_question_coverage_expansion
ORG-1834,the epstein barr virus,core,1,5,4,false,0.011655011655,,spec04_question_coverage_expansion
ORG-1835,the equilibrium,core,1,1,4,false,0.000327158221895,,spec04_question_coverage_expansion
ORG-1837,the extensive,core,1,1,4,true,0.00171758066495,,spec04_question_coverage_expansion
ORG-1841,the foreign,core,1,3,4,true,0.000858790332475,,spec04_question_coverage_expansion
ORG-1842,the furin,core,2,1,5,true,0.000122684333211,,spec04_question_coverage_expansion
ORG-1843,the fusion,core,1,0,4,false,0.00372142477406,,spec04_question_coverage_expansion
ORG-1844,the gene,core,1,2,4,false,0.0182390708706,,spec04_question_coverage_expansion
ORG-1846,the genetic,core,2,4,6,true,0.0163579110948,,n_questions_2_largest_component_degree_gte_3
ORG-1847,the global,core,1,5,4,true,0.0179937022042,,spec04_question_coverage_expansion
ORG-1848,the growth,core,1,1,4,false,0.0100192205455,,spec04_question_coverage_expansion
ORG-1849,the herpes,core,2,5,6,true,0.00539811066127,,n_questions_2_largest_component_degree_gte_3
ORG-1850,the herpes simplex virus,core,10,15,6,true,0.00323068744121,,n_questions_gte_3
ORG-1851,the high,review,2,4,6,true,0.0204064940907,,corpus_doc_frequency_gt_0.02
ORG-1852,the higher,core,1,1,4,true,0.00314889788574,,spec04_question_coverage_expansion
ORG-1853,the hydrophobic,core,1,1,4,true,0.000777000777001,,spec04_question_coverage_expansion
ORG-1855,the immunomodulatory,core,1,4,4,true,0.00118594855437,,spec04_question_coverage_expansion
ORG-1856,the impact,review,1,0,4,false,0.0328385065227,,corpus_doc_frequency_gt_0.02
ORG-1857,the inability,core,1,3,4,true,0.00462110988427,,spec04_question_coverage_expansion
ORG-1858,the inclusion,core,1,2,4,true,0.00273995010837,,spec04_question_coverage_expansion
ORG-1859,the increased,core,4,4,9,true,0.00637958532695,,n_questions_gte_3
ORG-1860,the influenza a virus,core,1,0,4,false,0.000981474665685,,spec04_question_coverage_expansion
ORG-1861,the inhibitor,core,1,1,4,false,0.00179937022042,,spec04_question_coverage_expansion
ORG-1862,the initial,review,1,1,4,false,0.0132908027645,,frequent_out_of_domain_matcher
ORG-1863,the insert,core,1,0,4,false,0.000531632110579,,spec04_question_coverage_expansion
ORG-1864,the insertion,core,1,1,4,false,0.00273995010837,,spec04_question_coverage_expansion
ORG-1865,the instability,core,1,3,4,true,0.000490737332843,,spec04_question_coverage_expansion
ORG-1866,the interaction,core,1,3,4,true,0.017871017871,,spec04_question_coverage_expansion
ORG-1867,the lack,core,4,5,7,true,0.0131681184313,,n_questions_gte_3
ORG-1868,the large,core,1,1,4,false,0.00658405921564,,spec04_question_coverage_expansion
ORG-1869,the leaves,core,1,2,4,false,0.000327158221895,,spec04_question_coverage_expansion
ORG-1870,the likelihood,core,1,2,4,false,0.00294442399706,,spec04_question_coverage_expansion
ORG-1872,the magnitude,core,1,1,4,false,0.00597063754958,,spec04_question_coverage_expansion
ORG-1874,the minimal,core,1,2,4,false,0.00527542632806,,spec04_question_coverage_expansion
ORG-1876,the mutants,core,1,1,4,false,0.00134952766532,,spec04_question_coverage_expansion
ORG-1877,the mutation,core,2,2,5,false,0.00826074510285,,spec04_question_coverage_expansion
ORG-1879,the mutations,core,3,5,7,true,0.00380321432953,,n_questions_gte_3
ORG-1881,the need,review,1,3,4,true,0.0276857645279,,corpus_doc_frequency_gt_0.02
ORG-1883,the non specific,core,1,4,4,true,0.000368052999632,,spec04_question_coverage_expansion
ORG-1885,the orientation,core,1,6,4,true,0.000245368666421,,spec04_question_coverage_expansion
ORG-1887,the pathogen,core,3,4,6,true,0.0113687482109,,n_questions_gte_3
ORG-1890,the possibility,core,1,2,4,false,0.0172984909827,,spec04_question_coverage_expansion
ORG-1893,the preferential,core,1,1,4,true,0.000490737332843,,spec04_question_coverage_expansion
ORG-1895,the presence of virus,core,1,0,4,false,0.000327158221895,,spec04_question_coverage_expansion
ORG-1896,the prevalence,core,1,3,4,true,0.016317016317,,spec04_question_coverage_expansion
ORG-1897,the primary,review,1,1,4,false,0.0238825501983,,frequent_out_of_domain_matcher
ORG-1898,the rapid,core,3,9,7,true,0.0113278534331,,n_questions_gte_3
ORG-1899,the reassortment,core,1,5,4,true,0.000286263444158,,spec04_question_coverage_expansion
ORG-1900,the recombinant,core,1,3,4,true,0.0131681184313,,spec04_question_coverage_expansion
ORG-1901,the recombinant viruses,core,1,3,4,true,0.00130863288758,,spec04_question_coverage_expansion
ORG-1902,the reduction,core,1,2,4,true,0.00445753077332,,spec04_question_coverage_expansion
ORG-1903,the region,core,1,1,4,false,0.00408947777369,,spec04_question_coverage_expansion
ORG-1905,the replication,core,1,4,4,true,0.0138224348751,,spec04_question_coverage_expansion
ORG-1906,the requirement,core,2,5,5,true,0.00429395166237,,n_questions_2_largest_component_degree_gte_3
ORG-1907,the residue,core,1,0,4,false,0.000695211221527,,spec04_question_coverage_expansion
ORG-1908,the resistance,core,2,7,5,true,0.00433484644011,,n_questions_2_largest_component_degree_gte_3
ORG-1909,the rice,core,1,2,4,true,0.000490737332843,,spec04_question_coverage_expansion
ORG-1910,the risk,review,1,2,4,false,0.0395043552938,,corpus_doc_frequency_gt_0.02
ORG-1912,the sars cov 2 virus,core,1,1,4,true,0.00323068744121,,spec04_question_coverage_expansion
ORG-1913,the small,core,1,3,4,true,0.00543900543901,,spec04_question_coverage_expansion
ORG-1914,the smaller,core,1,2,4,true,0.000777000777001,,spec04_question_coverage_expansion
ORG-1915,the soluble,core,1,0,4,false,0.000777000777001,,spec04_question_coverage_expansion
ORG-1917,the specificity,core,1,0,4,false,0.00507095243937,,spec04_question_coverage_expansion
ORG-1918,the stable,core,1,4,4,true,0.00126773810984,,spec04_question_coverage_expansion
ORG-1919,the strain,core,1,2,4,false,0.00294442399706,,spec04_question_coverage_expansion
ORG-1920,the strong,core,1,1,4,true,0.00208563366458,,spec04_question_coverage_expansion
ORG-1921,the suppression,core,1,3,4,true,0.0181981760929,,spec04_question_coverage_expansion
ORG-1922,the system,review,1,3,4,false,0.00368052999632,,frequent_out_of_domain_matcher
ORG-1923,the technical,core,1,1,4,false,0.000817895554738,,spec04_question_coverage_expansion
ORG-1924,the temperature,core,1,2,4,false,0.00114505377663,,spec04_question_coverage_expansion
ORG-1925,the testing,core,1,2,4,true,0.000981474665685,,spec04_question_coverage_expansion
ORG-1927,the timing,core,1,0,4,false,0.00237189710874,,spec04_question_coverage_expansion
ORG-1928,the toxin,core,1,2,4,true,0.00134952766532,,spec04_question_coverage_expansion
ORG-1931,the underlying,core,2,0,5,false,0.014763014763,,spec04_question_coverage_expansion
ORG-1932,the unique,core,1,3,4,true,0.00670674354885,,spec04_question_coverage_expansion
ORG-1934,the use,review,7,13,9,true,0.0463337831759,,frequent_out_of_domain_matcher
ORG-1935,the variable,core,1,6,4,true,0.00318979266348,,spec04_question_coverage_expansion
ORG-1936,the vector,core,1,3,4,true,0.00830163988059,,spec04_question_coverage_expansion
ORG-1941,the wheat,core,1,2,4,true,0.000449842555106,,spec04_question_coverage_expansion
ORG-1943,their broad,core,1,3,4,true,0.000327158221895,,spec04_question_coverage_expansion
ORG-1944,their genomes,core,1,2,4,false,0.00126773810984,,spec04_question_coverage_expansion
ORG-1945,their tropism,core,1,3,4,true,0.000286263444158,,spec04_question_coverage_expansion
ORG-1948,there are,review,2,1,5,true,0.0309573467468,,frequent_out_of_domain_matcher
ORG-1949,these cells,core,1,2,4,false,0.0159489633174,,spec04_question_coverage_expansion
ORG-1952,these viruses,core,1,3,4,true,0.0197521776469,,spec04_question_coverage_expansion
ORG-1953,they act,core,5,5,6,true,0.000163579110948,,n_questions_gte_3
ORG-1954,they allow,core,3,6,7,true,0.000163579110948,,n_questions_gte_3
ORG-1956,they are,review,12,17,9,true,0.0173393857604,,frequent_out_of_domain_matcher
ORG-1958,they can,core,3,8,6,true,0.00695211221527,,n_questions_gte_3
ORG-1959,they cannot,core,1,4,4,true,0.000408947777369,,spec04_question_coverage_expansion
ORG-1961,they contain,core,1,3,4,true,0.000449842555106,,spec04_question_coverage_expansion
ORG-1963,they determine,core,2,2,5,true,8.17895554738e-05,,spec04_question_coverage_expansion
ORG-1966,they encode,core,1,1,4,true,0.000245368666421,,spec04_question_coverage_expansion
ORG-1967,they enhance,core,3,2,7,true,0.000122684333211,,n_questions_gte_3
ORG-1969,they have,core,2,5,4,true,0.00605242710506,,n_questions_2_largest_component_degree_gte_3
ORG-1970,they may,core,1,2,4,true,0.00359874044085,,spec04_question_coverage_expansion
ORG-1972,they regulate,core,2,3,5,true,0.000204473888684,,n_questions_2_largest_component_degree_gte_3
ORG-1973,they serve,core,3,6,6,true,0.000286263444158,,n_questions_gte_3
ORG-1974,third generation,core,4,3,6,true,0.00126773810984,,n_questions_gte_3
ORG-1975,this allows,core,1,6,4,true,0.000572526888316,,spec04_question_coverage_expansion
ORG-1976,this enables,core,1,3,4,true,0.000204473888684,,spec04_question_coverage_expansion
ORG-1979,this method,core,1,3,4,true,0.00670674354885,,spec04_question_coverage_expansion
ORG-1980,this step,core,1,1,4,false,0.000245368666421,,spec04_question_coverage_expansion
ORG-1981,those who,core,1,0,4,false,0.00703390177074,,spec04_question_coverage_expansion
ORG-1982,thp 1,core,1,1,4,false,0.00106326422116,,spec04_question_coverage_expansion
ORG-1983,three dimensional,core,1,0,4,false,0.00229010755327,,spec04_question_coverage_expansion
ORG-1985,through specific,core,1,1,4,true,0.000368052999632,,spec04_question_coverage_expansion
ORG-1986,through the,review,1,3,4,true,0.0365599312968,,frequent_out_of_domain_matcher
ORG-1989,thymidine kinase,core,1,1,4,false,0.00229010755327,,spec04_question_coverage_expansion
ORG-1990,tick borne,core,1,2,4,false,0.00224921277553,,spec04_question_coverage_expansion
ORG-1991,ticks and,core,1,1,4,false,0.000449842555106,,spec04_question_coverage_expansion
ORG-1993,tightly regulated,core,1,1,4,false,0.00114505377663,,spec04_question_coverage_expansion
ORG-1994,tigit,core,1,2,4,true,0.000204473888684,,spec04_question_coverage_expansion
ORG-1999,tmprss2,core,1,0,4,false,0.000817895554738,,spec04_question_coverage_expansion
ORG-2000,tnfr,core,1,5,4,false,0.000449842555106,,spec04_question_coverage_expansion
ORG-2011,to enhance the virus,core,6,12,9,true,0.000204473888684,,n_questions_gte_3
ORG-2017,to generate recombinant viruses,core,2,1,6,true,0.000163579110948,,spec04_question_coverage_expansion
ORG-2020,to increase the virus,core,2,8,5,true,4.08947777369e-05,,n_questions_2_largest_component_degree_gte_3
ORG-2023,to protect the virus,core,2,10,6,true,8.17895554738e-05,,n_questions_2_largest_component_degree_gte_3
ORG-2032,transfection with,core,1,3,4,false,0.001554001554,,spec04_question_coverage_expansion
ORG-2034,transfer the,core,1,5,4,false,0.000940579887948,,spec04_question_coverage_expansion
ORG-2036,transformation associated,core,3,7,6,true,0.000286263444158,,n_questions_gte_3
ORG-2037,transient transfection,core,1,3,4,true,0.000777000777001,,spec04_question_coverage_expansion
ORG-2038,transmission of influenza viruses,core,2,3,6,true,0.000122684333211,,n_questions_2_largest_component_degree_gte_3
ORG-2040,transmission of the virus,core,3,5,7,true,0.00147221199853,,n_questions_gte_3
ORG-2052,trojan horse,core,2,7,5,true,0.000245368666421,,n_questions_2_largest_component_degree_gte_3
ORG-2054,trp and,core,1,1,4,false,0.000286263444158,,spec04_question_coverage_expansion
ORG-2057,tumor associated,core,1,2,4,false,0.00482558377295,,spec04_question_coverage_expansion
ORG-2058,tumor specific,core,1,4,4,true,0.00535721588353,,spec04_question_coverage_expansion
ORG-2059,two part,core,1,3,4,true,0.000286263444158,,spec04_question_coverage_expansion
ORG-2060,two plasmid,core,1,0,4,false,0.000408947777369,,spec04_question_coverage_expansion
ORG-2061,two stage,core,1,1,4,false,0.00065431644379,,spec04_question_coverage_expansion
ORG-2062,two strains,core,1,2,4,false,0.0011041589989,,spec04_question_coverage_expansion
ORG-2069,ul13,core,2,2,5,false,4.08947777369e-05,,spec04_question_coverage_expansion
ORG-2070,ul18,core,2,2,4,true,0.000122684333211,,spec04_question_coverage_expansion
ORG-2076,ul41,core,2,2,5,true,0.000122684333211,,spec04_question_coverage_expansion
ORG-2077,ul42,core,2,2,6,true,0.000122684333211,,spec04_question_coverage_expansion
ORG-2091,upr,core,1,3,4,true,0.000408947777369,,spec04_question_coverage_expansion
ORG-2094,us3,core,1,0,4,false,0.000368052999632,,spec04_question_coverage_expansion
ORG-2105,using recombinant,core,1,5,4,false,0.00167668588721,,spec04_question_coverage_expansion
ORG-2108,using viral,core,1,0,4,false,0.00118594855437,,spec04_question_coverage_expansion
ORG-2110,v cholerae,core,1,2,4,true,0.001554001554,,spec04_question_coverage_expansion
ORG-2111,vac,core,1,2,4,true,0.000981474665685,,spec04_question_coverage_expansion
ORG-2113,vaccination may,core,1,0,4,false,0.00147221199853,,spec04_question_coverage_expansion
ORG-2114,vaccine induced,core,2,11,6,true,0.00777000777001,,n_questions_2_largest_component_degree_gte_3
ORG-2115,vaccinia virus,core,7,9,11,true,0.0159080685396,,n_questions_gte_3
ORG-2116,vacv,core,3,2,7,false,0.00359874044085,,n_questions_gte_3
ORG-2118,variant specific,core,1,1,4,false,0.000572526888316,,spec04_question_coverage_expansion
ORG-2120,varicella zoster,review,1,4,4,true,0.0273177115282,,corpus_doc_frequency_gt_0.02
ORG-2125,veev,core,1,15,4,true,0.000449842555106,,spec04_question_coverage_expansion
ORG-2126,venezuelan equine,core,1,0,4,false,0.000490737332843,,spec04_question_coverage_expansion
ORG-2129,vero cells,core,1,1,4,false,0.00163579110948,,spec04_question_coverage_expansion
ORG-2134,vibrio parahaemolyticus,core,3,2,5,false,0.000695211221527,,n_questions_gte_3
ORG-2135,vil 10,core,3,6,6,true,0.000163579110948,,n_questions_gte_3
ORG-2136,vil 6,core,1,2,4,true,0.000327158221895,,spec04_question_coverage_expansion
ORG-2137,viral adaptation,core,1,0,4,false,0.000777000777001,,spec04_question_coverage_expansion
ORG-2138,viral based,core,1,1,4,false,0.000449842555106,,spec04_question_coverage_expansion
ORG-2139,viral envelope,core,2,6,4,true,0.00433484644011,,n_questions_2_largest_component_degree_gte_3
ORG-2140,viral genes,core,1,2,4,false,0.0103054839897,,spec04_question_coverage_expansion
ORG-2141,viral genome,review,2,2,5,true,0.0208972314235,,corpus_doc_frequency_gt_0.02
ORG-2142,viral immediate early,core,1,6,4,true,0.000449842555106,,spec04_question_coverage_expansion
ORG-2143,viral inhibitor,core,1,6,4,true,0.000817895554738,,spec04_question_coverage_expansion
ORG-2144,viral interleukin,core,1,6,4,true,0.000286263444158,,spec04_question_coverage_expansion
ORG-2145,viral origin,core,1,2,4,true,0.000858790332475,,spec04_question_coverage_expansion
ORG-2146,viral promoters,core,1,1,4,true,0.000899685110211,,spec04_question_coverage_expansion
ORG-2147,viral protein,review,1,0,4,false,0.0280129227498,,corpus_doc_frequency_gt_0.02
ORG-2151,virology and,core,1,3,4,false,0.00102236944342,,spec04_question_coverage_expansion
ORG-2153,virulence of the virus,core,3,2,5,false,0.000408947777369,,n_questions_gte_3
ORG-2155,virus antigen,core,1,0,4,false,0.00102236944342,,spec04_question_coverage_expansion
ORG-2156,virus associated,core,1,1,4,false,0.0139451192083,,spec04_question_coverage_expansion
ORG-2157,virus based,core,1,3,4,true,0.00478468899522,,spec04_question_coverage_expansion
ORG-2158,virus can,core,1,2,4,true,0.00560258454995,,spec04_question_coverage_expansion
ORG-2159,virus encoded,core,1,0,4,false,0.00785179732548,,spec04_question_coverage_expansion
ORG-2160,virus host,core,1,1,4,true,0.00736105999264,,spec04_question_coverage_expansion
ORG-2161,virus infections,core,1,1,4,false,0.010264589212,,spec04_question_coverage_expansion
ORG-2162,virus like,core,1,3,4,true,0.00339426655216,,spec04_question_coverage_expansion
ORG-2163,virus replication,review,2,1,6,false,0.0206927575349,,corpus_doc_frequency_gt_0.02
ORG-2164,virus shedding,core,1,2,4,true,0.00278084488611,,spec04_question_coverage_expansion
ORG-2165,virus spread,core,1,1,4,false,0.00372142477406,,spec04_question_coverage_expansion
ORG-2167,viruses can,core,1,1,4,false,0.00670674354885,,spec04_question_coverage_expansion
ORG-2168,viruses cannot,core,1,1,4,true,0.000286263444158,,spec04_question_coverage_expansion
ORG-2169,viruses require,core,1,0,4,false,0.000449842555106,,spec04_question_coverage_expansion
ORG-2170,viruses that,core,1,3,4,true,0.0130045393203,,spec04_question_coverage_expansion
ORG-2171,viruses with,core,1,0,4,false,0.0128409602094,,spec04_question_coverage_expansion
ORG-2172,vlp,core,1,1,4,false,0.00175847544269,,spec04_question_coverage_expansion
ORG-2174,vp1,core,6,17,8,true,0.000940579887948,,n_questions_gte_3
ORG-2175,vp16,core,4,6,8,true,0.000777000777001,,n_questions_gte_3
ORG-2176,vp2,core,2,8,5,true,0.00102236944342,,n_questions_2_largest_component_degree_gte_3
ORG-2177,vp3,core,2,10,5,true,0.000572526888316,,n_questions_2_largest_component_degree_gte_3
ORG-2178,vp35,core,1,2,4,true,0.000204473888684,,spec04_question_coverage_expansion
ORG-2179,vp4,core,4,8,5,true,0.000817895554738,,n_questions_gte_3
ORG-2181,vp5,core,1,2,4,true,0.000204473888684,,spec04_question_coverage_expansion
ORG-2182,vp6,core,2,3,5,true,0.000408947777369,,n_questions_2_largest_component_degree_gte_3
ORG-2183,vp7,core,2,5,5,true,0.000777000777001,,n_questions_2_largest_component_degree_gte_3
ORG-2184,vp8,core,2,3,5,true,0.000408947777369,,n_questions_2_largest_component_degree_gte_3
ORG-2187,vsv,core,3,4,7,true,0.00241279188648,,n_questions_gte_3
ORG-2189,vzv,core,2,4,4,true,0.0195068089805,,n_questions_2_largest_component_degree_gte_3
ORG-2192,well described,core,1,1,4,false,0.00212652844232,,spec04_question_coverage_expansion
ORG-2193,well known,core,1,0,4,false,0.00916043021306,,spec04_question_coverage_expansion
ORG-2200,what are,review,1,3,4,false,0.00065431644379,,frequent_out_of_domain_matcher
ORG-2201,what can,core,1,1,4,false,0.000245368666421,,spec04_question_coverage_expansion
ORG-2207,what conditions,core,2,1,6,true,4.08947777369e-05,,spec04_question_coverage_expansion
ORG-2208,what does,review,2,4,6,true,0.000204473888684,,frequent_out_of_domain_matcher
ORG-2213,what genes,core,2,1,5,true,4.08947777369e-05,,spec04_question_coverage_expansion
ORG-2226,what potential,core,2,1,6,false,8.17895554738e-05,,spec04_question_coverage_expansion
ORG-2231,what role,core,1,4,4,true,0.000204473888684,,spec04_question_coverage_expansion
ORG-2240,what type,core,2,5,6,true,8.17895554738e-05,,n_questions_2_largest_component_degree_gte_3
ORG-2244,what was,core,15,15,12,true,0.000531632110579,,n_questions_gte_3
ORG-2246,when assessing,core,1,0,4,false,0.000531632110579,,spec04_question_coverage_expansion
ORG-2247,when comparing,core,1,1,4,false,0.000858790332475,,spec04_question_coverage_expansion
ORG-2248,when considering,core,1,0,4,false,0.000981474665685,,spec04_question_coverage_expansion
ORG-2249,when constructing,core,4,4,8,false,4.08947777369e-05,,n_questions_gte_3
ORG-2251,when designing,core,1,0,4,false,0.000449842555106,,spec04_question_coverage_expansion
ORG-2256,when using,core,3,6,6,true,0.00253547621969,,n_questions_gte_3
ORG-2257,where are,core,1,1,4,true,0.000408947777369,,spec04_question_coverage_expansion
ORG-2260,which are,review,1,1,4,true,0.0315707684129,,corpus_doc_frequency_gt_0.02
ORG-2269,which factor,core,2,3,4,true,0.000204473888684,,n_questions_2_largest_component_degree_gte_3
ORG-2273,which host,core,1,2,4,false,0.000327158221895,,spec04_question_coverage_expansion
ORG-2275,which method,core,2,3,5,true,0.000163579110948,,n_questions_2_largest_component_degree_gte_3
ORG-2280,which process,core,2,7,6,true,4.08947777369e-05,,n_questions_2_largest_component_degree_gte_3
ORG-2281,which protein,core,1,1,4,true,0.000204473888684,,spec04_question_coverage_expansion
ORG-2284,which specific,core,1,3,4,true,0.000490737332843,,spec04_question_coverage_expansion
ORG-2294,which two,core,1,1,4,false,0.000368052999632,,spec04_question_coverage_expansion
ORG-2298,which virus,core,2,3,5,false,0.000817895554738,,spec04_question_coverage_expansion
ORG-2303,whole body,core,1,0,4,false,0.000777000777001,,spec04_question_coverage_expansion
ORG-2304,whole genome,core,1,3,4,true,0.00736105999264,,spec04_question_coverage_expansion
ORG-2306,wild type,review,5,9,7,true,0.0427759375128,,corpus_doc_frequency_gt_0.02
ORG-2313,within host,core,1,0,4,false,0.00143131722079,,spec04_question_coverage_expansion
ORG-2326,yeast based,core,1,4,4,true,0.000245368666421,,spec04_question_coverage_expansion
ORG-2328,yeast cells,core,1,4,4,true,0.000245368666421,,spec04_question_coverage_expansion
ORG-2331,yellow fever virus,core,3,3,5,false,0.00102236944342,,n_questions_gte_3
ORG-2332,yersinia pestis,core,12,28,8,true,0.00253547621969,,n_questions_gte_3
ORG-2335,you are,review,4,5,6,true,4.08947777369e-05,,frequent_out_of_domain_matcher
ORG-2337,you have,review,4,4,10,false,8.17895554738e-05,,frequent_out_of_domain_matcher
ORG-2340,zikv,core,4,4,8,true,0.00298531877479,,n_questions_gte_3
