organism_id,proposal_index,required_dimension,generation_call_id,repair_call_id,outcome,outcome_detail
ORG-0053,0,immunology_host_response,ORG-0053-p0-generate,,refused,model refusal
ORG-0053,1,immunology_host_response,ORG-0053-p1-generate,,refused,model refusal
ORG-0919,0,immunology_host_response,ORG-0919-p0-generate,,refused,model refusal
ORG-0919,1,biochemistry_structural,ORG-0919-p1-generate,,refused,model refusal
ORG-2070,0,immunology_host_response,ORG-2070-p0-generate,,refused,model refusal
ORG-2070,1,immunology_host_response,ORG-2070-p1-generate,,refused,model refusal
ORG-1220,0,biochemistry_structural,ORG-1220-p0-generate,,refused,model refusal
ORG-1220,1,immunology_host_response,ORG-1220-p1-generate,,refused,model refusal
ORG-2038,0,biochemistry_structural,ORG-2038-p0-generate,,refused,model refusal
ORG-2038,1,reservoir_host,ORG-2038-p1-generate,,refused,model refusal
ORG-2038,2,environmental_stability,ORG-2038-p2-generate,,refused,model refusal
ORG-1954,0,biochemistry_structural,ORG-1954-p0-generate,,refused,model refusal
ORG-1954,1,immunology_host_response,ORG-1954-p1-generate,,refused,model refusal
ORG-0354,0,immunology_host_response,ORG-0354-p0-generate,,refused,model refusal
ORG-0354,1,biochemistry_structural,ORG-0354-p1-generate,,refused,model refusal
ORG-0866,0,immunology_host_response,ORG-0866-p0-generate,,refused,model refusal
ORG-0866,1,reservoir_host,ORG-0866-p1-generate,,refused,model refusal
ORG-2135,0,immunology_host_response,ORG-2135-p0-generate,,refused,model refusal
ORG-2135,1,immunology_host_response,ORG-2135-p1-generate,,refused,model refusal
ORG-0535,0,biochemistry_structural,ORG-0535-p0-generate,,refused,model refusal
ORG-0535,1,immunology_host_response,ORG-0535-p1-generate,,refused,model refusal
