organism_id	name_normalized	all_surface_forms	rank	n_questions	n_mentions	n_docs_either	corpus_doc_frequency	gazetteer_match	merged_from	reviewer_is_organism	reviewer_notes
ORG-0001	2009 pandemic h1n1 virus	"[""2009 pandemic H1N1 virus""]"	strain	1	1	9	0.000368052999632	unchecked	"[""ORG-0001""]"		
ORG-0005	a helper virus	"[""A helper virus""]"	informal	1	1	7	0.000286263444158	unchecked	"[""ORG-0005""]"		
ORG-0012	a pathogen	"[""A pathogen""]"	informal	1	1	115	0.00470289943974	unchecked	"[""ORG-0012""]"		
ORG-0014	a type	"[""A-type""]"	informal	2	2	114	0.004662004662	unchecked	"[""ORG-0014""]"		
ORG-0020	aav	"[""AAV""]"	informal	27	27	215	0.00879237721343	unchecked	"[""ORG-0020""]"		
ORG-0022	aav2	"[""AAV2""]"	informal	3	3	34	0.00139042244305	unchecked	"[""ORG-0022""]"		
ORG-0027	ace2	"[""ACE2""]"	informal	3	3	115	0.00470289943974	unchecked	"[""ORG-0027""]"		
ORG-0035	actin dynamics	"[""Actin dynamics""]"	species	1	1	6	0.000245368666421	unchecked	"[""ORG-0035""]"		
ORG-0036	activating the	"[""Activating the""]"	species	1	1	48	0.00196294933137	unchecked	"[""ORG-0036""]"		
ORG-0049	adenoviral vectors	"[""Adenoviral vectors""]"	species	1	1	40	0.00163579110948	unchecked	"[""ORG-0049""]"		
ORG-0051	adenovirus vector	"[""Adenovirus vector""]"	species	1	1	39	0.00159489633174	unchecked	"[""ORG-0051""]"		
ORG-0075	air pollution	"[""Air pollution""]"	species	1	1	12	0.000490737332843	unchecked	"[""ORG-0075""]"		
ORG-0085	almost all	"[""Almost all""]"	species	1	1	79	0.00323068744121	unchecked	"[""ORG-0085""]"		
ORG-0090	altering the	"[""Altering the""]"	species	6	6	28	0.00114505377663	unchecked	"[""ORG-0090""]"		
ORG-0108	animals infected	"[""Animals infected""]"	species	1	1	16	0.00065431644379	unchecked	"[""ORG-0108""]"		
ORG-0113	anthrax spores	"[""Anthrax spores""]"	species	1	1	12	0.000490737332843	unchecked	"[""ORG-0113""]"		
ORG-0121	anti vector	"[""anti-vector""]"	informal	1	1	12	0.000490737332843	unchecked	"[""ORG-0121""]"		
ORG-0123	antibody detection	"[""Antibody detection""]"	species	1	1	14	0.000572526888316	unchecked	"[""ORG-0123""]"		
ORG-0124	antigen presenting	"[""antigen-presenting""]"	informal	1	1	132	0.00539811066127	unchecked	"[""ORG-0124""]"		
ORG-0129	apobec3	"[""APOBEC3""]"	informal	1	1	6	0.000245368666421	unchecked	"[""ORG-0129""]"		
ORG-0136	areas with	"[""Areas with""]"	species	1	1	32	0.00130863288758	unchecked	"[""ORG-0136""]"		
ORG-0150	assemble the	"[""Assemble the""]"	species	1	1	8	0.000327158221895	unchecked	"[""ORG-0150""]"		
ORG-0161	ati	"[""ATI""]"	informal	2	2	2	8.17895554738e-05	unchecked	"[""ORG-0161""]"		
ORG-0163	attachment of the virus	"[""attachment of the virus""]"	informal	2	2	4	0.000163579110948	unchecked	"[""ORG-0163""]"		
ORG-0172	avian influenza a virus	"[""Avian influenza A virus""]"	informal	1	1	19	0.000777000777001	unchecked	"[""ORG-0172""]"		
ORG-0181	b mallei	"[""B. mallei""]"	species	1	1	9	0.000368052999632	unchecked	"[""ORG-0181""]"		
ORG-0182	bac	"[""BAC""]"	informal	7	7	49	0.00200384410911	unchecked	"[""ORG-0182""]"		
ORG-0184	bacillus cereus	"[""Bacillus cereus""]"	species	2	2	7	0.000286263444158	unchecked	"[""ORG-0184""]"		
ORG-0188	bacteria	"[""Bacteria"",""bacteria""]"	genus	2	3	710	0.0290352921932	unchecked	"[""ORG-0188""]"		
ORG-0189	bacterial toxins	"[""Bacterial toxins""]"	species	1	1	9	0.000368052999632	unchecked	"[""ORG-0189""]"		
ORG-0191	bacterium	"[""Bacterium""]"	genus	1	1	195	0.00797448165869	unchecked	"[""ORG-0191""]"		
ORG-0194	barf1	"[""BARF1""]"	informal	1	1	11	0.000449842555106	unchecked	"[""ORG-0194""]"		
ORG-0200	bats are	"[""Bats are""]"	species	1	1	19	0.000777000777001	unchecked	"[""ORG-0200""]"		
ORG-0202	bbb	"[""BBB""]"	informal	3	3	16	0.00065431644379	unchecked	"[""ORG-0202""]"		
ORG-0217	binding of the virus	"[""binding of the virus""]"	informal	2	2	3	0.000122684333211	unchecked	"[""ORG-0217""]"		
ORG-0227	blocking the	"[""Blocking the""]"	species	2	2	43	0.00175847544269	unchecked	"[""ORG-0227""]"		
ORG-0228	blood borne	"[""blood-borne""]"	informal	1	1	20	0.000817895554738	unchecked	"[""ORG-0228""]"		
ORG-0229	blood brain	"[""blood-brain""]"	informal	3	3	48	0.00196294933137	unchecked	"[""ORG-0229""]"		
ORG-0233	bordetella pertussis	"[""B. pertussis"",""Bordetella pertussis""]"	species	10	10	46	0.0018811597759	unchecked	"[""ORG-0233""]"		
ORG-0237	botulism and	"[""Botulism and""]"	species	1	1	6	0.000245368666421	unchecked	"[""ORG-0237""]"		
ORG-0243	broad range	"[""Broad range""]"	species	1	1	113	0.00462110988427	unchecked	"[""ORG-0243""]"		
ORG-0246	brucella spp	"[""Brucella spp""]"	species	1	1	11	0.000449842555106	unchecked	"[""ORG-0246""]"		
ORG-0254	burkholderia pseudomallei	"[""Burkholderia pseudomallei""]"	species	2	2	26	0.00106326422116	unchecked	"[""ORG-0254""]"		
ORG-0265	bzlf1	"[""BZLF1""]"	informal	2	2	21	0.000858790332475	unchecked	"[""ORG-0265""]"		
ORG-0292	causes high	"[""Causes high""]"	species	1	1	8	0.000327158221895	unchecked	"[""ORG-0292""]"		
ORG-0300	cd163	"[""CD163""]"	informal	1	1	7	0.000286263444158	unchecked	"[""ORG-0300""]"		
ORG-0303	cd46	"[""CD46""]"	informal	4	4	24	0.000981474665685	unchecked	"[""ORG-0303""]"		
ORG-0306	cdv	"[""CDV""]"	informal	2	2	38	0.001554001554	unchecked	"[""ORG-0306""]"		
ORG-0307	cef	"[""CEF""]"	informal	1	1	8	0.000327158221895	unchecked	"[""ORG-0307""]"		
ORG-0308	cell associated	"[""Cell-associated""]"	informal	1	1	45	0.00184026499816	unchecked	"[""ORG-0308""]"		
ORG-0311	cell binding	"[""Cell binding""]"	species	1	1	25	0.00102236944342	unchecked	"[""ORG-0311""]"		
ORG-0335	chinese hamster	"[""Chinese hamster""]"	species	1	1	15	0.000613421666053	unchecked	"[""ORG-0335""]"		
ORG-0337	chip seq	"[""ChIP-seq""]"	informal	1	1	9	0.000368052999632	unchecked	"[""ORG-0337""]"		
ORG-0338	cho	"[""CHO""]"	informal	3	3	37	0.00151310677626	unchecked	"[""ORG-0338""]"		
ORG-0354	clostridium botulinum	"[""Clostridium botulinum""]"	species	3	3	14	0.000572526888316	unchecked	"[""ORG-0354""]"		
ORG-0356	clostridium perfringens	"[""Clostridium perfringens""]"	species	1	1	15	0.000613421666053	unchecked	"[""ORG-0356""]"		
ORG-0361	co culture	"[""co-culture""]"	informal	1	1	67	0.00273995010837	unchecked	"[""ORG-0361""]"		
ORG-0364	co infections	"[""Co-infections"",""co-infections""]"	informal	1	2	89	0.00363963521858	unchecked	"[""ORG-0364""]"		
ORG-0366	co transfect	"[""Co-transfect""]"	informal	2	2	1	4.08947777369e-05	unchecked	"[""ORG-0366""]"		
ORG-0367	co transfected	"[""co-transfected""]"	informal	2	2	22	0.000899685110211	unchecked	"[""ORG-0367""]"		
ORG-0368	co transfection	"[""Co-transfection"",""co-transfection""]"	informal	3	3	16	0.00065431644379	unchecked	"[""ORG-0368""]"		
ORG-0370	codon optimized	"[""codon-optimized""]"	informal	1	1	8	0.000327158221895	unchecked	"[""ORG-0370""]"		
ORG-0377	complement proteins	"[""Complement proteins""]"	species	1	1	5	0.000204473888684	unchecked	"[""ORG-0377""]"		
ORG-0378	computational modeling	"[""Computational modeling""]"	species	1	1	7	0.000286263444158	unchecked	"[""ORG-0378""]"		
ORG-0379	concerns about	"[""Concerns about""]"	species	1	1	89	0.00363963521858	unchecked	"[""ORG-0379""]"		
ORG-0385	considering the	"[""Considering the""]"	species	5	5	161	0.00658405921564	unchecked	"[""ORG-0385""]"		
ORG-0400	controlled expression	"[""Controlled expression""]"	species	1	1	6	0.000245368666421	unchecked	"[""ORG-0400""]"		
ORG-0409	cost effective	"[""cost-effective""]"	informal	1	1	133	0.00543900543901	unchecked	"[""ORG-0409""]"		
ORG-0416	cpe	"[""CPE""]"	informal	1	1	12	0.000490737332843	unchecked	"[""ORG-0416""]"		
ORG-0428	crimean congo hemorrhagic fever virus	"[""Crimean-Congo Hemorrhagic Fever Virus""]"	informal	1	1	9	0.000368052999632	unchecked	"[""ORG-0428""]"		
ORG-0429	crispr	"[""CRISPR""]"	informal	7	7	153	0.00625690099374	unchecked	"[""ORG-0429""]"		
ORG-0431	crispr cas9	"[""CRISPR-Cas9""]"	informal	2	2	69	0.00282173966384	unchecked	"[""ORG-0431""]"		
ORG-0433	cross neutralization	"[""cross-neutralization""]"	informal	1	1	11	0.000449842555106	unchecked	"[""ORG-0433""]"		
ORG-0435	cross species	"[""cross-species""]"	informal	3	3	94	0.00384410910727	unchecked	"[""ORG-0435""]"		
ORG-0444	cyclin dependent	"[""cyclin-dependent""]"	informal	1	1	22	0.000899685110211	unchecked	"[""ORG-0444""]"		
ORG-0450	dc sign	"[""DC-Sign""]"	informal	1	1	19	0.000777000777001	unchecked	"[""ORG-0450""]"		
ORG-0457	decreasing the	"[""Decreasing the""]"	species	1	1	130	0.00531632110579	unchecked	"[""ORG-0457""]"		
ORG-0469	designing the	"[""Designing the""]"	species	1	1	7	0.000286263444158	unchecked	"[""ORG-0469""]"		
ORG-0471	determining the	"[""Determining the""]"	species	3	3	98	0.00400768821821	unchecked	"[""ORG-0471""]"		
ORG-0478	dic	"[""DIC""]"	informal	1	1	5	0.000204473888684	unchecked	"[""ORG-0478""]"		
ORG-0481	direct gene	"[""Direct gene""]"	species	1	1	9	0.000368052999632	unchecked	"[""ORG-0481""]"		
ORG-0506	drug resistance	"[""drug-resistance""]"	informal	1	1	140	0.00572526888316	unchecked	"[""ORG-0506""]"		
ORG-0507	drug resistant	"[""drug-resistant""]"	informal	2	2	120	0.00490737332843	unchecked	"[""ORG-0507""]"		
ORG-0518	eber	"[""EBER""]"	informal	1	1	54	0.00220831799779	unchecked	"[""ORG-0518""]"		
ORG-0521	ebna3c	"[""EBNA3C""]"	informal	1	1	24	0.000981474665685	unchecked	"[""ORG-0521""]"		
ORG-0522	ebola virus	"[""Ebola virus""]"	species	8	8	95	0.003885003885	unchecked	"[""ORG-0522""]"		
ORG-0527	ebv associated	"[""EBV-associated""]"	informal	1	1	496	0.0202838097575	unchecked	"[""ORG-0527""]"		
ORG-0528	ebv based	"[""EBV-based""]"	informal	1	1	7	0.000286263444158	unchecked	"[""ORG-0528""]"		
ORG-0540	egfr	"[""EGFR""]"	informal	1	1	39	0.00159489633174	unchecked	"[""ORG-0540""]"		
ORG-0548	enables rapid	"[""Enables rapid""]"	species	2	2	7	0.000286263444158	unchecked	"[""ORG-0548""]"		
ORG-0549	enables the	"[""Enables the""]"	species	1	1	65	0.0026581605529	unchecked	"[""ORG-0549""]"		
ORG-0566	enhancer region	"[""Enhancer region""]"	species	1	1	17	0.000695211221527	unchecked	"[""ORG-0566""]"		
ORG-0567	enhances binding	"[""Enhances binding""]"	species	1	1	6	0.000245368666421	unchecked	"[""ORG-0567""]"		
ORG-0574	ensuring the	"[""Ensuring the""]"	species	2	2	10	0.000408947777369	unchecked	"[""ORG-0574""]"		
ORG-0575	entry of measles virus	"[""entry of Measles virus""]"	informal	2	2	1	4.08947777369e-05	unchecked	"[""ORG-0575""]"		
ORG-0583	epidermal growth	"[""Epidermal growth""]"	species	1	1	26	0.00106326422116	unchecked	"[""ORG-0583""]"		
ORG-0596	escherichia coli	"[""E. coli"",""Escherichia coli""]"	species	5	6	173	0.00707479654848	unchecked	"[""ORG-0596""]"		
ORG-0619	express the	"[""Express the""]"	species	1	1	135	0.00552079499448	unchecked	"[""ORG-0619""]"		
ORG-0633	fecal oral	"[""fecal-oral""]"	informal	1	1	8	0.000327158221895	unchecked	"[""ORG-0633""]"		
ORG-0638	flies and	"[""Flies and""]"	species	1	1	5	0.000204473888684	unchecked	"[""ORG-0638""]"		
ORG-0640	fmd	"[""FMD""]"	informal	1	1	19	0.000777000777001	unchecked	"[""ORG-0640""]"		
ORG-0643	foot and	"[""Foot and""]"	species	1	1	60	0.00245368666421	unchecked	"[""ORG-0643""]"		
ORG-0650	for generating recombinant viruses	"[""for generating recombinant viruses""]"	informal	2	2	2	8.17895554738e-05	unchecked	"[""ORG-0650""]"		
ORG-0652	for influenza a virus	"[""for influenza A virus""]"	informal	1	1	7	0.000286263444158	unchecked	"[""ORG-0652""]"		
ORG-0665	fragment genome	"[""Fragment genome""]"	species	1	1	5	0.000204473888684	unchecked	"[""ORG-0665""]"		
ORG-0667	frame shift	"[""frame-shift""]"	informal	1	1	10	0.000408947777369	unchecked	"[""ORG-0667""]"		
ORG-0683	fungi	"[""fungi""]"	informal	1	1	198	0.0080971659919	unchecked	"[""ORG-0683""]"		
ORG-0691	g protein	"[""G-protein""]"	informal	1	1	72	0.00294442399706	unchecked	"[""ORG-0691""]"		
ORG-0719	genetic instability	"[""Genetic instability""]"	species	1	1	23	0.000940579887948	unchecked	"[""ORG-0719""]"		
ORG-0720	genetic mutations	"[""Genetic mutations""]"	species	1	1	14	0.000572526888316	unchecked	"[""ORG-0720""]"		
ORG-0728	genome wide	"[""Genome-wide"",""genome-wide""]"	informal	2	2	252	0.0103054839897	unchecked	"[""ORG-0728""]"		
ORG-0736	given the	"[""Given the""]"	species	3	3	350	0.0143131722079	unchecked	"[""ORG-0736""]"		
ORG-0743	gos	"[""GOS""]"	informal	2	2	3	0.000122684333211	unchecked	"[""ORG-0743""]"		
ORG-0755	guinea pigs	"[""Guinea pigs""]"	species	2	2	89	0.00363963521858	unchecked	"[""ORG-0755""]"		
ORG-0769	hav	"[""HAV""]"	informal	1	1	16	0.00065431644379	unchecked	"[""ORG-0769""]"		
ORG-0778	hek293	"[""HEK293""]"	informal	1	1	24	0.000981474665685	unchecked	"[""ORG-0778""]"		
ORG-0781	helper virus free	"[""Helper virus-free""]"	species	1	1	10	0.000408947777369	unchecked	"[""ORG-0781""]"		
ORG-0786	hendra virus	"[""Hendra Virus""]"	informal	1	1	15	0.000613421666053	unchecked	"[""ORG-0786""]"		
ORG-0792	herpesvirus encoded	"[""herpesvirus-encoded""]"	informal	1	1	19	0.000777000777001	unchecked	"[""ORG-0792""]"		
ORG-0798	high concentration	"[""high-concentration""]"	informal	1	1	52	0.00212652844232	unchecked	"[""ORG-0798""]"		
ORG-0799	high copy	"[""high-copy""]"	informal	1	1	20	0.000817895554738	unchecked	"[""ORG-0799""]"		
ORG-0801	high expression	"[""High expression""]"	species	1	1	58	0.00237189710874	unchecked	"[""ORG-0801""]"		
ORG-0803	high immunogenicity	"[""High immunogenicity""]"	species	1	1	18	0.000736105999264	unchecked	"[""ORG-0803""]"		
ORG-0810	high titers	"[""High titers""]"	species	1	1	30	0.00122684333211	unchecked	"[""ORG-0810""]"		
ORG-0813	high virulence	"[""High virulence""]"	species	1	1	21	0.000858790332475	unchecked	"[""ORG-0813""]"		
ORG-0814	higher frequency	"[""Higher frequency""]"	species	1	1	67	0.00273995010837	unchecked	"[""ORG-0814""]"		
ORG-0827	hmpv	"[""HMPV""]"	informal	1	1	7	0.000286263444158	unchecked	"[""ORG-0827""]"		
ORG-0839	how can	"[""How can""]"	species	3	3	5	0.000204473888684	unchecked	"[""ORG-0839""]"		
ORG-0842	how long	"[""How long""]"	species	3	3	11	0.000449842555106	unchecked	"[""ORG-0842""]"		
ORG-0843	how many	"[""How many""]"	species	3	3	15	0.000613421666053	unchecked	"[""ORG-0843""]"		
ORG-0845	how might	"[""How might""]"	species	3	3	2	8.17895554738e-05	unchecked	"[""ORG-0845""]"		
ORG-0846	how much	"[""How much""]"	species	2	2	12	0.000490737332843	unchecked	"[""ORG-0846""]"		
ORG-0852	hsk	"[""HSK""]"	informal	1	1	29	0.00118594855437	unchecked	"[""ORG-0852""]"		
ORG-0854	hsv 1	"[""HSV-1""]"	strain	7	7	760	0.03108003108	unchecked	"[""ORG-0854""]"		
ORG-0856	htlv	"[""HTLV""]"	informal	1	1	43	0.00175847544269	unchecked	"[""ORG-0856""]"		
ORG-0858	human cytomegalovirus	"[""Human cytomegalovirus""]"	species	1	1	764	0.031243610191	unchecked	"[""ORG-0858""]"		
ORG-0859	human embryonic	"[""Human embryonic""]"	species	1	1	27	0.0011041589989	unchecked	"[""ORG-0859""]"		
ORG-0861	human immunodeficiency virus	"[""Human Immunodeficiency Virus""]"	informal	1	1	430	0.0175847544269	unchecked	"[""ORG-0861""]"		
ORG-0862	human like	"[""human-like""]"	informal	1	1	23	0.000940579887948	unchecked	"[""ORG-0862""]"		
ORG-0866	human to human	"[""human-to-human""]"	informal	2	2	93	0.00380321432953	unchecked	"[""ORG-0866""]"		
ORG-0869	humoral immune	"[""Humoral immune""]"	species	1	1	197	0.00805627121417	unchecked	"[""ORG-0869""]"		
ORG-0872	hvem	"[""HVEM""]"	informal	1	1	55	0.00224921277553	unchecked	"[""ORG-0872""]"		
ORG-0873	hvr	"[""HVR""]"	informal	1	1	6	0.000245368666421	unchecked	"[""ORG-0873""]"		
ORG-0875	hybrid viruses	"[""Hybrid viruses""]"	species	1	1	6	0.000245368666421	unchecked	"[""ORG-0875""]"		
ORG-0877	hyper inflammatory	"[""hyper-inflammatory""]"	informal	1	1	7	0.000286263444158	unchecked	"[""ORG-0877""]"		
ORG-0880	iav	"[""IAV""]"	informal	1	1	148	0.00605242710506	unchecked	"[""ORG-0880""]"		
ORG-0883	icp27	"[""ICP27""]"	informal	1	1	13	0.000531632110579	unchecked	"[""ORG-0883""]"		
ORG-0885	icp47	"[""ICP47""]"	informal	3	3	3	0.000122684333211	unchecked	"[""ORG-0885""]"		
ORG-0887	identify and	"[""Identify and""]"	species	2	2	93	0.00380321432953	unchecked	"[""ORG-0887""]"		
ORG-0894	ifi16	"[""IFI16""]"	informal	1	1	21	0.000858790332475	unchecked	"[""ORG-0894""]"		
ORG-0898	il 10	"[""IL-10""]"	strain	1	1	128	0.00523453155032	unchecked	"[""ORG-0898""]"		
ORG-0899	il 12	"[""IL-12""]"	strain	1	1	222	0.00907864065759	unchecked	"[""ORG-0899""]"		
ORG-0901	il 6r	"[""IL-6R""]"	strain	1	1	6	0.000245368666421	unchecked	"[""ORG-0901""]"		
ORG-0904	immediate early	"[""Immediate early"",""immediate-early""]"	species	6	6	105	0.00429395166237	unchecked	"[""ORG-0904""]"		
ORG-0905	immortalized human	"[""Immortalized human""]"	species	1	1	8	0.000327158221895	unchecked	"[""ORG-0905""]"		
ORG-0907	immune privileged	"[""immune-privileged""]"	informal	1	1	11	0.000449842555106	unchecked	"[""ORG-0907""]"		
ORG-0923	in the measles virus	"[""in the Measles virus"",""in the measles virus""]"	informal	2	2	1	4.08947777369e-05	unchecked	"[""ORG-0923""]"		
ORG-0941	increased expression	"[""Increased expression""]"	species	2	2	120	0.00490737332843	unchecked	"[""ORG-0941""]"		
ORG-0942	increased production	"[""Increased production""]"	species	1	1	21	0.000858790332475	unchecked	"[""ORG-0942""]"		
ORG-0966	infectivity of the virus	"[""infectivity of the virus""]"	informal	1	1	5	0.000204473888684	unchecked	"[""ORG-0966""]"		
ORG-0967	influenza a h7n9 virus	"[""influenza A H7N9 virus""]"	strain	1	1	30	0.00122684333211	unchecked	"[""ORG-0967""]"		
ORG-0970	influenza virus	"[""Influenza virus""]"	species	5	5	702	0.0287081339713	unchecked	"[""ORG-0970""]"		
ORG-0974	inhibiting the	"[""Inhibiting the""]"	species	1	1	157	0.00642048010469	unchecked	"[""ORG-0974""]"		
ORG-0977	insert the	"[""Insert the""]"	species	2	2	4	0.000163579110948	unchecked	"[""ORG-0977""]"		
ORG-0978	insertional mutagenesis	"[""Insertional mutagenesis""]"	species	1	1	25	0.00102236944342	unchecked	"[""ORG-0978""]"		
ORG-0982	integration into	"[""Integration into""]"	species	1	1	23	0.000940579887948	unchecked	"[""ORG-0982""]"		
ORG-0987	interactions between	"[""Interactions between""]"	species	1	1	273	0.0111642743222	unchecked	"[""ORG-0987""]"		
ORG-0988	interferon gamma	"[""Interferon-gamma""]"	informal	1	1	59	0.00241279188648	unchecked	"[""ORG-0988""]"		
ORG-0990	interleukin 8	"[""Interleukin-8""]"	strain	1	1	12	0.000490737332843	unchecked	"[""ORG-0990""]"		
ORG-1004	ires	"[""IRES""]"	informal	5	5	19	0.000777000777001	unchecked	"[""ORG-1004""]"		
ORG-1020	its function	"[""Its function""]"	species	1	1	58	0.00237189710874	unchecked	"[""ORG-1020""]"		
ORG-1022	its resistance	"[""Its resistance""]"	species	1	1	10	0.000408947777369	unchecked	"[""ORG-1022""]"		
ORG-1023	its role	"[""Its role""]"	species	1	1	200	0.00817895554738	unchecked	"[""ORG-1023""]"		
ORG-1036	kos	"[""KOS""]"	informal	2	2	6	0.000245368666421	unchecked	"[""ORG-1036""]"		
ORG-1048	lassa fever	"[""Lassa fever""]"	species	1	1	16	0.00065431644379	unchecked	"[""ORG-1048""]"		
ORG-1051	latency associated	"[""Latency-associated"",""latency-associated""]"	informal	7	7	91	0.00372142477406	unchecked	"[""ORG-1051""]"		
ORG-1068	limited availability	"[""Limited availability""]"	species	1	1	17	0.000695211221527	unchecked	"[""ORG-1068""]"		
ORG-1072	limited knowledge	"[""Limited knowledge""]"	species	1	1	12	0.000490737332843	unchecked	"[""ORG-1072""]"		
ORG-1084	lipid based	"[""lipid-based""]"	informal	1	1	71	0.00290352921932	unchecked	"[""ORG-1084""]"		
ORG-1085	live animal	"[""Live animal""]"	species	1	1	23	0.000940579887948	unchecked	"[""ORG-1085""]"		
ORG-1087	lmp1	"[""LMP1""]"	informal	5	5	157	0.00642048010469	unchecked	"[""ORG-1087""]"		
ORG-1095	low level	"[""low-level""]"	informal	1	1	387	0.0158262789842	unchecked	"[""ORG-1095""]"		
ORG-1121	many genes	"[""Many genes""]"	species	1	1	27	0.0011041589989	unchecked	"[""ORG-1121""]"		
ORG-1133	mdck	"[""MDCK""]"	informal	2	2	18	0.000736105999264	unchecked	"[""ORG-1133""]"		
ORG-1135	mdv	"[""MDV""]"	informal	1	1	97	0.00396679344048	unchecked	"[""ORG-1135""]"		
ORG-1143	mediating the	"[""Mediating the""]"	species	1	1	30	0.00122684333211	unchecked	"[""ORG-1143""]"		
ORG-1144	mediating viral	"[""Mediating viral""]"	species	1	1	9	0.000368052999632	unchecked	"[""ORG-1144""]"		
ORG-1174	most viral	"[""Most viral""]"	species	1	1	17	0.000695211221527	unchecked	"[""ORG-1174""]"		
ORG-1176	mpa	"[""MPA""]"	informal	1	1	27	0.0011041589989	unchecked	"[""ORG-1176""]"		
ORG-1178	mtb	"[""MTB""]"	informal	1	1	31	0.00126773810984	unchecked	"[""ORG-1178""]"		
ORG-1179	mucosal immunity	"[""Mucosal immunity""]"	species	1	1	42	0.00171758066495	unchecked	"[""ORG-1179""]"		
ORG-1182	multi drug	"[""multi-drug""]"	informal	1	1	22	0.000899685110211	unchecked	"[""ORG-1182""]"		
ORG-1189	mutations can	"[""Mutations can""]"	species	1	1	29	0.00118594855437	unchecked	"[""ORG-1189""]"		
ORG-1203	n glycosylation	"[""N-glycosylation""]"	informal	1	1	11	0.000449842555106	unchecked	"[""ORG-1203""]"		
ORG-1206	nad	"[""NAD""]"	informal	1	1	9	0.000368052999632	unchecked	"[""ORG-1206""]"		
ORG-1215	natural killer	"[""Natural killer""]"	species	1	1	420	0.0171758066495	unchecked	"[""ORG-1215""]"		
ORG-1218	ndv	"[""NDV""]"	informal	5	5	88	0.00359874044085	unchecked	"[""ORG-1218""]"		
ORG-1225	negative sense	"[""negative-sense""]"	informal	3	3	47	0.00192205455363	unchecked	"[""ORG-1225""]"		
ORG-1226	negative strand	"[""negative-strand""]"	informal	2	2	25	0.00102236944342	unchecked	"[""ORG-1226""]"		
ORG-1228	net	"[""NET""]"	informal	1	1	76	0.003108003108	unchecked	"[""ORG-1228""]"		
ORG-1231	newcastle disease virus	"[""Newcastle disease virus""]"	species	2	2	93	0.00380321432953	unchecked	"[""ORG-1231""]"		
ORG-1235	nl63	"[""NL63""]"	informal	1	1	12	0.000490737332843	unchecked	"[""ORG-1235""]"		
ORG-1246	non infectious	"[""non-infectious""]"	informal	2	2	182	0.00744284954811	unchecked	"[""ORG-1246""]"		
ORG-1248	non pathogenic	"[""non-pathogenic""]"	informal	2	2	112	0.00458021510653	unchecked	"[""ORG-1248""]"		
ORG-1273	of a chimeric virus	"[""of a chimeric virus""]"	informal	2	2	4	0.000163579110948	unchecked	"[""ORG-1273""]"		
ORG-1276	of a virus	"[""of a virus""]"	informal	1	1	50	0.00204473888684	unchecked	"[""ORG-1276""]"		
ORG-1278	of an oncolytic virus	"[""of an oncolytic virus""]"	informal	1	1	7	0.000286263444158	unchecked	"[""ORG-1278""]"		
ORG-1289	of influenza a viruses	"[""of influenza A viruses""]"	informal	2	2	47	0.00192205455363	unchecked	"[""ORG-1289""]"		
ORG-1295	of recombinant adeno associated virus	"[""of recombinant Adeno-Associated Virus""]"	informal	1	1	5	0.000204473888684	unchecked	"[""ORG-1295""]"		
ORG-1304	of the ebola virus	"[""of the Ebola virus""]"	informal	3	3	3	0.000122684333211	unchecked	"[""ORG-1304""]"		
ORG-1305	of the epstein barr virus	"[""of the Epstein-Barr virus""]"	informal	2	2	47	0.00192205455363	unchecked	"[""ORG-1305""]"		
ORG-1315	off target	"[""off-target""]"	informal	3	3	73	0.00298531877479	unchecked	"[""ORG-1315""]"		
ORG-1316	omicron variant	"[""Omicron variant""]"	species	1	1	51	0.00208563366458	unchecked	"[""ORG-1316""]"		
ORG-1321	only with	"[""Only with""]"	species	1	1	37	0.00151310677626	unchecked	"[""ORG-1321""]"		
ORG-1326	orf virus	"[""ORF Virus""]"	informal	1	1	20	0.000817895554738	unchecked	"[""ORG-1326""]"		
ORG-1327	orf63	"[""ORF63""]"	informal	1	1	6	0.000245368666421	unchecked	"[""ORG-1327""]"		
ORG-1351	pathogen specific	"[""pathogen-specific""]"	informal	1	1	61	0.00249458144195	unchecked	"[""ORG-1351""]"		
ORG-1358	pb1	"[""PB1""]"	informal	2	2	24	0.000981474665685	unchecked	"[""ORG-1358""]"		
ORG-1364	pd l1	"[""PD-L1""]"	strain	1	1	112	0.00458021510653	unchecked	"[""ORG-1364""]"		
ORG-1378	pertussis toxin	"[""Pertussis toxin""]"	species	3	3	14	0.000572526888316	unchecked	"[""ORG-1378""]"		
ORG-1387	php	"[""PHP""]"	informal	1	1	7	0.000286263444158	unchecked	"[""ORG-1387""]"		
ORG-1392	pigs have	"[""Pigs have""]"	species	1	1	7	0.000286263444158	unchecked	"[""ORG-1392""]"		
ORG-1395	pkr	"[""PKR""]"	informal	1	1	17	0.000695211221527	unchecked	"[""ORG-1395""]"		
ORG-1399	place the	"[""Place the""]"	species	1	1	7	0.000286263444158	unchecked	"[""ORG-1399""]"		
ORG-1404	plasmodium parasites	"[""Plasmodium parasites""]"	species	1	1	8	0.000327158221895	unchecked	"[""ORG-1404""]"		
ORG-1407	poliomyelitis virus	"[""Poliomyelitis virus""]"	species	4	4	1	4.08947777369e-05	unchecked	"[""ORG-1407""]"		
ORG-1413	positive sense	"[""Positive-sense"",""positive-sense""]"	informal	3	4	48	0.00196294933137	unchecked	"[""ORG-1413""]"		
ORG-1415	positive stranded	"[""positive-stranded""]"	informal	1	1	15	0.000613421666053	unchecked	"[""ORG-1415""]"		
ORG-1432	pre existing	"[""Pre-existing"",""pre-existing""]"	informal	11	11	195	0.00797448165869	unchecked	"[""ORG-1432""]"		
ORG-1441	primary cell	"[""Primary cell""]"	species	1	1	78	0.00318979266348	unchecked	"[""ORG-1441""]"		
ORG-1459	protective antigen	"[""Protective antigen""]"	species	1	1	34	0.00139042244305	unchecked	"[""ORG-1459""]"		
ORG-1461	protein based	"[""protein-based""]"	informal	1	1	71	0.00290352921932	unchecked	"[""ORG-1461""]"		
ORG-1468	proteins under	"[""Proteins under""]"	species	1	1	9	0.000368052999632	unchecked	"[""ORG-1468""]"		
ORG-1469	provide early	"[""Provide early""]"	species	1	1	11	0.000449842555106	unchecked	"[""ORG-1469""]"		
ORG-1479	qtl	"[""QTL""]"	informal	1	1	25	0.00102236944342	unchecked	"[""ORG-1479""]"		
ORG-1484	question the	"[""Question the""]"	species	1	1	16	0.00065431644379	unchecked	"[""ORG-1484""]"		
ORG-1509	recombinant herpes simplex virus	"[""recombinant herpes simplex virus""]"	informal	2	2	3	0.000122684333211	unchecked	"[""ORG-1509""]"		
ORG-1536	replication competent	"[""replication-competent""]"	informal	5	5	68	0.00278084488611	unchecked	"[""ORG-1536""]"		
ORG-1545	requirement for	"[""Requirement for""]"	species	3	3	109	0.00445753077332	unchecked	"[""ORG-1545""]"		
ORG-1559	response against the virus	"[""response against the virus""]"	informal	1	1	8	0.000327158221895	unchecked	"[""ORG-1559""]"		
ORG-1568	retrovirus vector	"[""Retrovirus vector""]"	species	1	1	24	0.000981474665685	unchecked	"[""ORG-1568""]"		
ORG-1569	reverse genetics	"[""Reverse genetics""]"	species	1	1	744	0.0304257146362	unchecked	"[""ORG-1569""]"		
ORG-1577	ricinus communis	"[""Ricinus communis""]"	species	1	1	9	0.000368052999632	unchecked	"[""ORG-1577""]"		
ORG-1579	rig i	"[""RIG-I""]"	informal	1	1	38	0.001554001554	unchecked	"[""ORG-1579""]"		
ORG-1583	rna interference	"[""RNA-interference""]"	informal	1	1	76	0.003108003108	unchecked	"[""ORG-1583""]"		
ORG-1586	rna viruses	"[""RNA viruses""]"	informal	1	1	298	0.0121866437656	unchecked	"[""ORG-1586""]"		
ORG-1600	s protein	"[""S-protein""]"	informal	1	1	90	0.00368052999632	unchecked	"[""ORG-1600""]"		
ORG-1603	safety profile	"[""Safety profile""]"	species	1	1	144	0.00588884799411	unchecked	"[""ORG-1603""]"		
ORG-1616	sds page	"[""SDS-PAGE""]"	informal	1	1	8	0.000327158221895	unchecked	"[""ORG-1616""]"		
ORG-1626	selection of recombinant viruses	"[""selection of recombinant viruses""]"	informal	4	4	1	4.08947777369e-05	unchecked	"[""ORG-1626""]"		
ORG-1631	self limiting	"[""self-limiting""]"	informal	1	1	63	0.00257637099742	unchecked	"[""ORG-1631""]"		
ORG-1641	sequencing data	"[""Sequencing data""]"	species	1	1	73	0.00298531877479	unchecked	"[""ORG-1641""]"		
ORG-1644	serial passage	"[""Serial passage""]"	species	1	1	48	0.00196294933137	unchecked	"[""ORG-1644""]"		
ORG-1645	serial passaging	"[""Serial passaging""]"	species	1	1	11	0.000449842555106	unchecked	"[""ORG-1645""]"		
ORG-1647	serotype specific	"[""serotype-specific""]"	informal	1	1	14	0.000572526888316	unchecked	"[""ORG-1647""]"		
ORG-1649	sfv	"[""SFV""]"	informal	1	1	5	0.000204473888684	unchecked	"[""ORG-1649""]"		
ORG-1651	shelf life	"[""shelf-life""]"	informal	1	1	14	0.000572526888316	unchecked	"[""ORG-1651""]"		
ORG-1653	shift from	"[""Shift from""]"	species	1	1	26	0.00106326422116	unchecked	"[""ORG-1653""]"		
ORG-1663	similar symptoms	"[""Similar symptoms""]"	species	1	1	6	0.000245368666421	unchecked	"[""ORG-1663""]"		
ORG-1667	since the	"[""Since the""]"	species	1	1	481	0.0196703880914	unchecked	"[""ORG-1667""]"		
ORG-1668	single cell	"[""single-cell""]"	informal	1	1	103	0.0042121621069	unchecked	"[""ORG-1668""]"		
ORG-1672	single stranded	"[""single-stranded""]"	informal	1	1	163	0.00666584877111	unchecked	"[""ORG-1672""]"		
ORG-1673	single stranded rna virus	"[""single stranded RNA virus""]"	informal	1	1	18	0.000736105999264	unchecked	"[""ORG-1673""]"		
ORG-1674	sir	"[""SIR""]"	informal	1	1	16	0.00065431644379	unchecked	"[""ORG-1674""]"		
ORG-1675	site directed	"[""site-directed""]"	informal	2	2	35	0.00143131722079	unchecked	"[""ORG-1675""]"		
ORG-1683	smaller than	"[""Smaller than""]"	species	1	1	20	0.000817895554738	unchecked	"[""ORG-1683""]"		
ORG-1684	smallpox and	"[""Smallpox and""]"	species	1	1	30	0.00122684333211	unchecked	"[""ORG-1684""]"		
ORG-1687	soil samples	"[""Soil samples""]"	species	1	1	10	0.000408947777369	unchecked	"[""ORG-1687""]"		
ORG-1703	split the	"[""Split the""]"	species	2	2	2	8.17895554738e-05	unchecked	"[""ORG-1703""]"		
ORG-1715	star	"[""STAR""]"	informal	1	1	13	0.000531632110579	unchecked	"[""ORG-1715""]"		
ORG-1719	sting	"[""STING""]"	informal	2	2	63	0.00257637099742	unchecked	"[""ORG-1719""]"		
ORG-1729	streptococcus pneumoniae	"[""Streptococcus pneumoniae""]"	species	1	1	35	0.00143131722079	unchecked	"[""ORG-1729""]"		
ORG-1730	streptococcus pyogenes	"[""Streptococcus pyogenes""]"	species	1	1	8	0.000327158221895	unchecked	"[""ORG-1730""]"		
ORG-1732	structural analysis	"[""Structural analysis""]"	species	2	2	37	0.00151310677626	unchecked	"[""ORG-1732""]"		
ORG-1746	suppresses the	"[""Suppresses the""]"	species	1	1	83	0.00339426655216	unchecked	"[""ORG-1746""]"		
ORG-1751	swapping the	"[""Swapping the""]"	species	3	3	5	0.000204473888684	unchecked	"[""ORG-1751""]"		
ORG-1765	t 2	"[""T-2""]"	strain	3	3	11	0.000449842555106	unchecked	"[""ORG-1765""]"		
ORG-1767	t lymphotropic	"[""T-lymphotropic""]"	informal	1	1	16	0.00065431644379	unchecked	"[""ORG-1767""]"		
ORG-1772	tar	"[""TAR""]"	informal	3	3	28	0.00114505377663	unchecked	"[""ORG-1772""]"		
ORG-1773	target cells	"[""Target cells""]"	species	1	1	254	0.0103872735452	unchecked	"[""ORG-1773""]"		
ORG-1774	target host	"[""Target host""]"	species	1	1	17	0.000695211221527	unchecked	"[""ORG-1774""]"		
ORG-1775	targeting and	"[""Targeting and""]"	species	1	1	47	0.00192205455363	unchecked	"[""ORG-1775""]"		
ORG-1779	tbev	"[""TBEV""]"	informal	1	1	12	0.000490737332843	unchecked	"[""ORG-1779""]"		
ORG-1800	the acquisition	"[""The acquisition""]"	species	2	2	68	0.00278084488611	unchecked	"[""ORG-1800""]"		
ORG-1804	the anthrax	"[""The anthrax""]"	species	1	1	22	0.000899685110211	unchecked	"[""ORG-1804""]"		
ORG-1812	the capacity	"[""The capacity""]"	species	1	1	209	0.00854700854701	unchecked	"[""ORG-1812""]"		
ORG-1814	the carboxyl	"[""The carboxyl""]"	species	1	1	13	0.000531632110579	unchecked	"[""ORG-1814""]"		
ORG-1815	the chimeric	"[""The chimeric""]"	species	1	1	58	0.00237189710874	unchecked	"[""ORG-1815""]"		
ORG-1817	the choice	"[""The choice""]"	species	1	1	38	0.001554001554	unchecked	"[""ORG-1817""]"		
ORG-1819	the common	"[""The common""]"	species	1	1	175	0.00715658610395	unchecked	"[""ORG-1819""]"		
ORG-1822	the creation	"[""The creation""]"	species	2	2	48	0.00196294933137	unchecked	"[""ORG-1822""]"		
ORG-1826	the difficulty	"[""The difficulty""]"	species	3	3	65	0.0026581605529	unchecked	"[""ORG-1826""]"		
ORG-1829	the efficient	"[""The efficient""]"	species	1	1	51	0.00208563366458	unchecked	"[""ORG-1829""]"		
ORG-1833	the environment	"[""The environment""]"	species	1	1	121	0.00494826810616	unchecked	"[""ORG-1833""]"		
ORG-1835	the equilibrium	"[""The equilibrium""]"	species	1	1	8	0.000327158221895	unchecked	"[""ORG-1835""]"		
ORG-1844	the gene	"[""The gene""]"	species	1	1	446	0.0182390708706	unchecked	"[""ORG-1844""]"		
ORG-1846	the genetic	"[""The genetic""]"	species	2	2	400	0.0163579110948	unchecked	"[""ORG-1846""]"		
ORG-1850	the herpes simplex virus	"[""The herpes simplex virus"",""the herpes simplex virus""]"	informal	10	10	79	0.00323068744121	unchecked	"[""ORG-1850""]"		
ORG-1851	the high	"[""The high""]"	species	2	2	499	0.0204064940907	unchecked	"[""ORG-1851""]"		
ORG-1859	the increased	"[""The increased""]"	species	4	4	156	0.00637958532695	unchecked	"[""ORG-1859""]"		
ORG-1868	the large	"[""The large""]"	species	1	1	161	0.00658405921564	unchecked	"[""ORG-1868""]"		
ORG-1869	the leaves	"[""The leaves""]"	species	1	1	8	0.000327158221895	unchecked	"[""ORG-1869""]"		
ORG-1876	the mutants	"[""The mutants""]"	species	1	1	33	0.00134952766532	unchecked	"[""ORG-1876""]"		
ORG-1877	the mutation	"[""The mutation""]"	species	2	2	202	0.00826074510285	unchecked	"[""ORG-1877""]"		
ORG-1879	the mutations	"[""The mutations""]"	species	3	3	93	0.00380321432953	unchecked	"[""ORG-1879""]"		
ORG-1885	the orientation	"[""The orientation""]"	species	1	1	6	0.000245368666421	unchecked	"[""ORG-1885""]"		
ORG-1893	the preferential	"[""The preferential""]"	species	1	1	12	0.000490737332843	unchecked	"[""ORG-1893""]"		
ORG-1899	the reassortment	"[""The reassortment""]"	species	1	1	7	0.000286263444158	unchecked	"[""ORG-1899""]"		
ORG-1902	the reduction	"[""The reduction""]"	species	1	1	109	0.00445753077332	unchecked	"[""ORG-1902""]"		
ORG-1906	the requirement	"[""The requirement""]"	species	2	2	105	0.00429395166237	unchecked	"[""ORG-1906""]"		
ORG-1913	the small	"[""The small""]"	species	1	1	133	0.00543900543901	unchecked	"[""ORG-1913""]"		
ORG-1914	the smaller	"[""The smaller""]"	species	1	1	19	0.000777000777001	unchecked	"[""ORG-1914""]"		
ORG-1915	the soluble	"[""The soluble""]"	species	1	1	19	0.000777000777001	unchecked	"[""ORG-1915""]"		
ORG-1917	the specificity	"[""The specificity""]"	species	1	1	124	0.00507095243937	unchecked	"[""ORG-1917""]"		
ORG-1919	the strain	"[""The strain""]"	strain	1	1	72	0.00294442399706	unchecked	"[""ORG-1919""]"		
ORG-1921	the suppression	"[""The suppression""]"	species	1	1	445	0.0181981760929	unchecked	"[""ORG-1921""]"		
ORG-1922	the system	"[""The system""]"	species	1	1	90	0.00368052999632	unchecked	"[""ORG-1922""]"		
ORG-1923	the technical	"[""The technical""]"	species	1	1	20	0.000817895554738	unchecked	"[""ORG-1923""]"		
ORG-1925	the testing	"[""The testing""]"	species	1	1	24	0.000981474665685	unchecked	"[""ORG-1925""]"		
ORG-1927	the timing	"[""The timing""]"	species	1	1	58	0.00237189710874	unchecked	"[""ORG-1927""]"		
ORG-1928	the toxin	"[""The toxin""]"	species	1	1	33	0.00134952766532	unchecked	"[""ORG-1928""]"		
ORG-1931	the underlying	"[""The underlying""]"	species	2	2	361	0.014763014763	unchecked	"[""ORG-1931""]"		
ORG-1935	the variable	"[""The variable""]"	species	1	1	78	0.00318979266348	unchecked	"[""ORG-1935""]"		
ORG-1936	the vector	"[""The vector""]"	species	1	1	203	0.00830163988059	unchecked	"[""ORG-1936""]"		
ORG-1956	they are	"[""They are""]"	species	12	12	424	0.0173393857604	unchecked	"[""ORG-1956""]"		
ORG-1958	they can	"[""They can""]"	species	3	3	170	0.00695211221527	unchecked	"[""ORG-1958""]"		
ORG-1959	they cannot	"[""They cannot""]"	species	1	1	10	0.000408947777369	unchecked	"[""ORG-1959""]"		
ORG-1961	they contain	"[""They contain""]"	species	1	1	11	0.000449842555106	unchecked	"[""ORG-1961""]"		
ORG-1963	they determine	"[""They determine""]"	species	2	2	2	8.17895554738e-05	unchecked	"[""ORG-1963""]"		
ORG-1966	they encode	"[""They encode""]"	species	1	1	6	0.000245368666421	unchecked	"[""ORG-1966""]"		
ORG-1970	they may	"[""They may""]"	species	1	1	88	0.00359874044085	unchecked	"[""ORG-1970""]"		
ORG-1973	they serve	"[""They serve""]"	species	3	3	7	0.000286263444158	unchecked	"[""ORG-1973""]"		
ORG-1976	this enables	"[""This enables""]"	species	1	1	5	0.000204473888684	unchecked	"[""ORG-1976""]"		
ORG-1979	this method	"[""This method""]"	species	1	1	164	0.00670674354885	unchecked	"[""ORG-1979""]"		
ORG-1982	thp 1	"[""THP-1""]"	strain	1	1	26	0.00106326422116	unchecked	"[""ORG-1982""]"		
ORG-1983	three dimensional	"[""three-dimensional""]"	informal	1	1	56	0.00229010755327	unchecked	"[""ORG-1983""]"		
ORG-1986	through the	"[""Through the""]"	species	1	1	894	0.0365599312968	unchecked	"[""ORG-1986""]"		
ORG-1990	tick borne	"[""Tick-borne""]"	informal	1	1	55	0.00224921277553	unchecked	"[""ORG-1990""]"		
ORG-1991	ticks and	"[""Ticks and""]"	species	1	1	11	0.000449842555106	unchecked	"[""ORG-1991""]"		
ORG-1993	tightly regulated	"[""Tightly regulated""]"	species	1	1	28	0.00114505377663	unchecked	"[""ORG-1993""]"		
ORG-1994	tigit	"[""TIGIT""]"	informal	1	1	5	0.000204473888684	unchecked	"[""ORG-1994""]"		
ORG-2020	to increase the virus	"[""To increase the virus""]"	informal	2	2	1	4.08947777369e-05	unchecked	"[""ORG-2020""]"		
ORG-2032	transfection with	"[""Transfection with""]"	species	1	1	38	0.001554001554	unchecked	"[""ORG-2032""]"		
ORG-2038	transmission of influenza viruses	"[""transmission of influenza viruses""]"	informal	2	2	3	0.000122684333211	unchecked	"[""ORG-2038""]"		
ORG-2040	transmission of the virus	"[""transmission of the virus""]"	informal	3	3	36	0.00147221199853	unchecked	"[""ORG-2040""]"		
ORG-2052	trojan horse	"[""Trojan horse""]"	species	2	2	6	0.000245368666421	unchecked	"[""ORG-2052""]"		
ORG-2058	tumor specific	"[""tumor-specific""]"	informal	1	1	131	0.00535721588353	unchecked	"[""ORG-2058""]"		
ORG-2059	two part	"[""two-part""]"	informal	1	1	7	0.000286263444158	unchecked	"[""ORG-2059""]"		
ORG-2061	two stage	"[""two-stage""]"	informal	1	1	16	0.00065431644379	unchecked	"[""ORG-2061""]"		
ORG-2077	ul42	"[""UL42""]"	informal	2	2	3	0.000122684333211	unchecked	"[""ORG-2077""]"		
ORG-2091	upr	"[""UPR""]"	informal	1	1	10	0.000408947777369	unchecked	"[""ORG-2091""]"		
ORG-2111	vac	"[""VAC""]"	informal	1	1	24	0.000981474665685	unchecked	"[""ORG-2111""]"		
ORG-2118	variant specific	"[""variant-specific""]"	informal	1	1	14	0.000572526888316	unchecked	"[""ORG-2118""]"		
ORG-2120	varicella zoster	"[""varicella-zoster""]"	informal	1	1	668	0.0273177115282	unchecked	"[""ORG-2120""]"		
ORG-2125	veev	"[""VEEV""]"	informal	1	1	11	0.000449842555106	unchecked	"[""ORG-2125""]"		
ORG-2126	venezuelan equine	"[""Venezuelan equine""]"	species	1	1	12	0.000490737332843	unchecked	"[""ORG-2126""]"		
ORG-2129	vero cells	"[""Vero cells""]"	species	1	1	40	0.00163579110948	unchecked	"[""ORG-2129""]"		
ORG-2135	vil 10	"[""vIL-10""]"	strain	3	3	4	0.000163579110948	unchecked	"[""ORG-2135""]"		
ORG-2137	viral adaptation	"[""Viral adaptation""]"	species	1	1	19	0.000777000777001	unchecked	"[""ORG-2137""]"		
ORG-2138	viral based	"[""viral-based""]"	informal	1	1	11	0.000449842555106	unchecked	"[""ORG-2138""]"		
ORG-2139	viral envelope	"[""Viral envelope""]"	species	2	2	106	0.00433484644011	unchecked	"[""ORG-2139""]"		
ORG-2141	viral genome	"[""Viral genome""]"	species	2	2	511	0.0208972314235	unchecked	"[""ORG-2141""]"		
ORG-2151	virology and	"[""Virology and""]"	species	1	1	25	0.00102236944342	unchecked	"[""ORG-2151""]"		
ORG-2153	virulence of the virus	"[""virulence of the virus""]"	informal	3	3	10	0.000408947777369	unchecked	"[""ORG-2153""]"		
ORG-2157	virus based	"[""virus-based""]"	informal	1	1	117	0.00478468899522	unchecked	"[""ORG-2157""]"		
ORG-2158	virus can	"[""Virus can""]"	species	1	1	137	0.00560258454995	unchecked	"[""ORG-2158""]"		
ORG-2160	virus host	"[""virus-host""]"	informal	1	1	180	0.00736105999264	unchecked	"[""ORG-2160""]"		
ORG-2161	virus infections	"[""Virus infections""]"	species	1	1	251	0.010264589212	unchecked	"[""ORG-2161""]"		
ORG-2162	virus like	"[""virus-like""]"	informal	1	1	83	0.00339426655216	unchecked	"[""ORG-2162""]"		
ORG-2164	virus shedding	"[""Virus shedding""]"	species	1	1	68	0.00278084488611	unchecked	"[""ORG-2164""]"		
ORG-2167	viruses can	"[""Viruses can""]"	species	1	1	164	0.00670674354885	unchecked	"[""ORG-2167""]"		
ORG-2170	viruses that	"[""Viruses that""]"	species	1	1	318	0.0130045393203	unchecked	"[""ORG-2170""]"		
ORG-2176	vp2	"[""VP2""]"	informal	2	2	25	0.00102236944342	unchecked	"[""ORG-2176""]"		
ORG-2177	vp3	"[""VP3""]"	informal	2	2	14	0.000572526888316	unchecked	"[""ORG-2177""]"		
ORG-2178	vp35	"[""VP35""]"	informal	1	1	5	0.000204473888684	unchecked	"[""ORG-2178""]"		
ORG-2179	vp4	"[""VP4""]"	informal	4	4	20	0.000817895554738	unchecked	"[""ORG-2179""]"		
ORG-2181	vp5	"[""VP5""]"	informal	1	1	5	0.000204473888684	unchecked	"[""ORG-2181""]"		
ORG-2183	vp7	"[""VP7""]"	informal	2	2	19	0.000777000777001	unchecked	"[""ORG-2183""]"		
ORG-2184	vp8	"[""VP8""]"	informal	2	2	10	0.000408947777369	unchecked	"[""ORG-2184""]"		
ORG-2187	vsv	"[""VSV""]"	informal	3	3	59	0.00241279188648	unchecked	"[""ORG-2187""]"		
ORG-2189	vzv	"[""VZV""]"	informal	2	2	477	0.0195068089805	unchecked	"[""ORG-2189""]"		
ORG-2192	well described	"[""well-described""]"	informal	1	1	52	0.00212652844232	unchecked	"[""ORG-2192""]"		
ORG-2200	what are	"[""What are""]"	species	1	1	16	0.00065431644379	unchecked	"[""ORG-2200""]"		
ORG-2201	what can	"[""What can""]"	species	1	1	6	0.000245368666421	unchecked	"[""ORG-2201""]"		
ORG-2213	what genes	"[""What genes""]"	species	2	2	1	4.08947777369e-05	unchecked	"[""ORG-2213""]"		
ORG-2240	what type	"[""What type""]"	species	2	2	2	8.17895554738e-05	unchecked	"[""ORG-2240""]"		
ORG-2244	what was	"[""What was""]"	species	15	15	13	0.000531632110579	unchecked	"[""ORG-2244""]"		
ORG-2247	when comparing	"[""When comparing""]"	species	1	1	21	0.000858790332475	unchecked	"[""ORG-2247""]"		
ORG-2248	when considering	"[""When considering""]"	species	1	1	24	0.000981474665685	unchecked	"[""ORG-2248""]"		
ORG-2251	when designing	"[""When designing""]"	species	1	1	11	0.000449842555106	unchecked	"[""ORG-2251""]"		
ORG-2273	which host	"[""Which host""]"	species	1	1	8	0.000327158221895	unchecked	"[""ORG-2273""]"		
ORG-2281	which protein	"[""Which protein""]"	species	1	1	5	0.000204473888684	unchecked	"[""ORG-2281""]"		
ORG-2284	which specific	"[""Which specific""]"	species	1	1	12	0.000490737332843	unchecked	"[""ORG-2284""]"		
ORG-2303	whole body	"[""whole-body""]"	informal	1	1	19	0.000777000777001	unchecked	"[""ORG-2303""]"		
ORG-2304	whole genome	"[""Whole-genome""]"	informal	1	1	180	0.00736105999264	unchecked	"[""ORG-2304""]"		
ORG-2313	within host	"[""within-host""]"	informal	1	1	35	0.00143131722079	unchecked	"[""ORG-2313""]"		
ORG-2326	yeast based	"[""Yeast-based"",""yeast-based""]"	informal	1	2	6	0.000245368666421	unchecked	"[""ORG-2326""]"		
ORG-2331	yellow fever virus	"[""Yellow Fever virus"",""Yellow fever virus""]"	informal	3	3	25	0.00102236944342	unchecked	"[""ORG-2331""]"		
ORG-2335	you are	"[""You are""]"	species	4	4	1	4.08947777369e-05	unchecked	"[""ORG-2335""]"		
ORG-2337	you have	"[""You have""]"	species	4	4	2	8.17895554738e-05	unchecked	"[""ORG-2337""]"		
