proposal_id,entity_id,proposal_index,required_dimension,grounding_question_count,production_audit_status,canonical_name,entity_type
ORG-0001-p0,ORG-0001,0,taxonomy_classification,1,accepted,2009 pandemic H1N1 virus,virus
ORG-0020-p0,ORG-0020,0,biochemistry_structural,4,accepted,adeno-associated virus,virus
ORG-0020-p1,ORG-0020,1,immunology_host_response,6,accepted,adeno-associated virus,virus
ORG-0022-p0,ORG-0022,0,immunology_host_response,1,accepted,adeno-associated virus 2,virus
ORG-0022-p1,ORG-0022,1,biochemistry_structural,1,accepted,adeno-associated virus 2,virus
ORG-0027-p0,ORG-0027,0,immunology_host_response,3,accepted,ACE2,protein
ORG-0053-p0,ORG-0053,0,immunology_host_response,3,accepted,adenylate cyclase toxin,bacterial toxin
ORG-0057-p0,ORG-0057,0,taxonomy_classification,1,accepted,Aedes aegypti,mosquito species
ORG-0058-p0,ORG-0058,0,taxonomy_classification,2,accepted,Aedes albopictus,mosquito species
ORG-0129-p0,ORG-0129,0,biochemistry_structural,1,accepted,APOBEC3,protein_family
ORG-0183-p0,ORG-0183,0,taxonomy_classification,1,accepted,Bacillus anthracis,species
ORG-0183-p1,ORG-0183,1,reservoir_host,1,accepted,Bacillus anthracis,species
ORG-0183-p2,ORG-0183,2,immunology_host_response,1,accepted,Bacillus anthracis,species
ORG-0183-p3,ORG-0183,3,biochemistry_structural,6,accepted,Bacillus anthracis,species
ORG-0187-p0,ORG-0187,0,taxonomy_classification,1,accepted,Bacillus subtilis,species
ORG-0215-p0,ORG-0215,0,immunology_host_response,1,accepted,BHRF1,protein
ORG-0233-p0,ORG-0233,0,biochemistry_structural,1,accepted,Bordetella pertussis,species
ORG-0233-p1,ORG-0233,1,countermeasure_susceptibility,1,accepted,Bordetella pertussis,species
ORG-0233-p2,ORG-0233,2,clinical_epidemiological,1,accepted,Bordetella pertussis,species
ORG-0233-p3,ORG-0233,3,immunology_host_response,5,accepted,Bordetella pertussis,species
ORG-0236-p0,ORG-0236,0,biochemistry_structural,3,accepted,botulinum toxin,protein toxin
ORG-0254-p0,ORG-0254,0,reservoir_host,1,accepted,Burkholderia pseudomallei,bacterium
ORG-0254-p1,ORG-0254,1,clinical_epidemiological,1,accepted,Burkholderia pseudomallei,bacterium
ORG-0265-p0,ORG-0265,0,biochemistry_structural,1,accepted,BZLF1,viral protein
ORG-0280-p0,ORG-0280,0,countermeasure_susceptibility,1,accepted,Candida auris,fungus
ORG-0296-p0,ORG-0296,0,immunology_host_response,3,accepted,CD150,cell surface receptor
ORG-0299-p0,ORG-0299,0,immunology_host_response,4,accepted,CD155,cell surface receptor
ORG-0300-p0,ORG-0300,0,immunology_host_response,1,accepted,CD163,cell surface receptor
ORG-0302-p0,ORG-0302,0,immunology_host_response,1,accepted,CD4,protein
ORG-0303-p0,ORG-0303,0,immunology_host_response,4,accepted,CD46,protein
ORG-0306-p0,ORG-0306,0,countermeasure_susceptibility,1,accepted,Canine Distemper Virus,virus
ORG-0332-p0,ORG-0332,0,immunology_host_response,1,accepted,Chikungunya virus,virus
ORG-0332-p1,ORG-0332,1,biochemistry_structural,1,accepted,Chikungunya virus,virus
ORG-0338-p0,ORG-0338,0,immunology_host_response,1,accepted,Chinese Hamster Ovary cells,cell line
ORG-0408-p0,ORG-0408,0,clinical_epidemiological,1,accepted,Corynebacterium diphtheriae,bacterium
ORG-0414-p0,ORG-0414,0,immunology_host_response,1,accepted,Coxiella burnetii,bacterium
ORG-0440-p0,ORG-0440,0,taxonomy_classification,1,accepted,Culex pipiens,mosquito species
ORG-0450-p0,ORG-0450,0,taxonomy_classification,1,accepted,DC-Sign,receptor
ORG-0478-p0,ORG-0478,0,immunology_host_response,1,accepted,disseminated intravascular coagulation,pathological mechanism
ORG-0519-p0,ORG-0519,0,biochemistry_structural,1,accepted,EBNA-LP,biological_entity
ORG-0520-p0,ORG-0520,0,biochemistry_structural,1,accepted,EBNA1,biological_entity
ORG-0521-p0,ORG-0521,0,biochemistry_structural,1,accepted,EBNA3C,biological_entity
ORG-0522-p0,ORG-0522,0,diagnostic_detection,1,accepted,Ebola virus,biological_entity
ORG-0522-p1,ORG-0522,1,immunology_host_response,2,accepted,Ebola virus,biological_entity
ORG-0522-p2,ORG-0522,2,biochemistry_structural,2,accepted,Ebola virus,biological_entity
ORG-0525-p0,ORG-0525,0,reservoir_host,1,accepted,EBOV,biological_entity
ORG-0525-p1,ORG-0525,1,immunology_host_response,1,accepted,EBOV,biological_entity
ORG-0525-p2,ORG-0525,2,biochemistry_structural,3,accepted,EBOV,biological_entity
ORG-0535-p0,ORG-0535,0,biochemistry_structural,1,accepted,EEV,viral particle
ORG-0535-p1,ORG-0535,1,immunology_host_response,1,accepted,EEV,viral particle
ORG-0588-p0,ORG-0588,0,biochemistry_structural,1,accepted,Epsilon toxin,bacterial_toxin
ORG-0596-p0,ORG-0596,0,taxonomy_classification,1,accepted,Escherichia coli,bacterium
ORG-0596-p1,ORG-0596,1,biochemistry_structural,1,accepted,Escherichia coli,bacterium
ORG-0637-p0,ORG-0637,0,immunology_host_response,1,accepted,Flaviviridae,Viral family
ORG-0641-p0,ORG-0641,0,biochemistry_structural,1,accepted,Foot-and-Mouth Disease Virus,Virus
ORG-0670-p0,ORG-0670,0,reservoir_host,1,accepted,Francisella tularensis,bacterium
ORG-0670-p1,ORG-0670,1,biochemistry_structural,1,accepted,Francisella tularensis,bacterium
ORG-0670-p2,ORG-0670,2,clinical_epidemiological,1,accepted,Francisella tularensis,bacterium
ORG-0670-p3,ORG-0670,3,ecology_niche,1,accepted,Francisella tularensis,bacterium
ORG-0741-p0,ORG-0741,0,immunology_host_response,1,accepted,GM-CSF,cytokine
ORG-0753-p0,ORG-0753,0,biochemistry_structural,1,accepted,GTP,molecule
ORG-0760-p0,ORG-0760,0,immunology_host_response,1,accepted,H5N1 influenza A virus,virus
ORG-0762-p0,ORG-0762,0,immunology_host_response,1,accepted,HA2,protein subunit
ORG-0772-p0,ORG-0772,0,immunology_host_response,1,accepted,Human cytomegalovirus,virus
ORG-0773-p0,ORG-0773,0,biochemistry_structural,1,accepted,Hepatitis C virus,virus
ORG-0784-p0,ORG-0784,0,immunology_host_response,1,accepted,hemagglutinin-neuraminidase,protein
ORG-0786-p0,ORG-0786,0,taxonomy_classification,1,accepted,Hendra virus,virus
ORG-0825-p0,ORG-0825,0,immunology_host_response,5,accepted,HIV-1,virus
ORG-0825-p1,ORG-0825,1,taxonomy_classification,1,accepted,HIV-1,virus
ORG-0826-p0,ORG-0826,0,reservoir_host,1,accepted,Human coronavirus HKU1,virus
ORG-0827-p0,ORG-0827,0,immunology_host_response,1,accepted,human metapneumovirus,virus
ORG-0851-p0,ORG-0851,0,biochemistry_structural,1,accepted,human respiratory syncytial virus,virus
ORG-0852-p0,ORG-0852,0,immunology_host_response,1,accepted,herpes simplex keratitis,disease
ORG-0854-p0,ORG-0854,0,immunology_host_response,3,accepted,Herpes Simplex Virus Type 1,virus
ORG-0855-p0,ORG-0855,0,biochemistry_structural,1,accepted,Herpes simplex virus 1,virus
ORG-0882-p0,ORG-0882,0,immunology_host_response,3,accepted,ICP0,protein
ORG-0882-p1,ORG-0882,1,biochemistry_structural,1,accepted,ICP0,protein
ORG-0883-p0,ORG-0883,0,biochemistry_structural,1,accepted,ICP27,protein
ORG-0885-p0,ORG-0885,0,immunology_host_response,3,accepted,ICP47,protein
ORG-0894-p0,ORG-0894,0,immunology_host_response,1,accepted,IFI16,protein
ORG-0898-p0,ORG-0898,0,immunology_host_response,1,accepted,IL-10,protein
ORG-0899-p0,ORG-0899,0,immunology_host_response,1,accepted,IL-12,protein
ORG-0900-p0,ORG-0900,0,immunology_host_response,1,accepted,IL-2,protein
ORG-0902-p0,ORG-0902,0,immunology_host_response,1,accepted,IL-8,protein
ORG-0967-p0,ORG-0967,0,biochemistry_structural,1,accepted,Influenza A virus subtype H7N9,virus
ORG-0968-p0,ORG-0968,0,taxonomy_classification,1,accepted,Influenza A virus,virus
ORG-0969-p0,ORG-0969,0,immunology_host_response,1,accepted,Hemagglutinin,protein
ORG-0971-p0,ORG-0971,0,clinical_epidemiological,1,accepted,Inhalation anthrax,disease
ORG-0988-p0,ORG-0988,0,immunology_host_response,1,accepted,Interferon-gamma,protein
ORG-0989-p0,ORG-0989,0,immunology_host_response,1,accepted,Interleukin-10,protein
ORG-0990-p0,ORG-0990,0,immunology_host_response,1,accepted,Interleukin-8,protein
ORG-1036-p0,ORG-1036,0,biochemistry_structural,1,accepted,KOS,viral strain
ORG-1044-p0,ORG-1044,0,taxonomy_classification,1,accepted,LANA,viral protein
ORG-1048-p0,ORG-1048,0,clinical_epidemiological,1,accepted,Lassa fever,disease
ORG-1122-p0,ORG-1122,0,clinical_epidemiological,2,accepted,Marburg virus,virus
ORG-1127-p0,ORG-1127,0,immunology_host_response,3,accepted,MAVS,protein
ORG-1130-p0,ORG-1130,0,immunology_host_response,1,accepted,Merkel cell carcinoma,disease
ORG-1131-p0,ORG-1131,0,immunology_host_response,1,accepted,Merkel cell polyomavirus,virus
ORG-1136-p0,ORG-1136,0,immunology_host_response,2,accepted,Measles virus,virus
ORG-1136-p1,ORG-1136,1,biochemistry_structural,1,accepted,Measles virus,virus
ORG-1146-p0,ORG-1146,0,immunology_host_response,1,accepted,MERS-CoV,virus
ORG-1147-p0,ORG-1147,0,immunology_host_response,1,accepted,MERS-CoV,virus
ORG-1177-p0,ORG-1177,0,immunology_host_response,2,accepted,mononuclear phagocytic system,anatomical_system
ORG-1178-p0,ORG-1178,0,biochemistry_structural,1,accepted,Mycobacterium tuberculosis,bacterium
ORG-1196-p0,ORG-1196,0,immunology_host_response,1,accepted,Modified Vaccinia Ankara,virus_strain
ORG-1200-p0,ORG-1200,0,biochemistry_structural,1,accepted,Mycobacterium tuberculosis,bacterium
ORG-1200-p1,ORG-1200,1,immunology_host_response,1,accepted,Mycobacterium tuberculosis,bacterium
ORG-1201-p0,ORG-1201,0,biochemistry_structural,1,accepted,Mycoplasma pneumoniae,bacterium
ORG-1203-p0,ORG-1203,0,biochemistry_structural,1,accepted,N-glycosylation,post-translational_modification
ORG-1206-p0,ORG-1206,0,biochemistry_structural,1,accepted,nicotinamide adenine dinucleotide,cofactor
ORG-1215-p0,ORG-1215,0,immunology_host_response,1,accepted,natural killer cells,cell_type
ORG-1218-p0,ORG-1218,0,immunology_host_response,3,accepted,Newcastle disease virus,virus
ORG-1219-p0,ORG-1219,0,biochemistry_structural,1,accepted,nuclear egress complex,protein_complex
ORG-1220-p0,ORG-1220,0,immunology_host_response,3,accepted,nectin-4,protein
ORG-1228-p0,ORG-1228,0,immunology_host_response,1,accepted,neutrophil extracellular traps,cellular_structure
ORG-1233-p0,ORG-1233,0,diagnostic_detection,1,accepted,next-generation sequencing,sequencing_technology
ORG-1234-p0,ORG-1234,0,reservoir_host,1,accepted,Nipah virus,virus
ORG-1235-p0,ORG-1235,0,reservoir_host,1,accepted,Human coronavirus NL63,virus
ORG-1236-p0,ORG-1236,0,immunology_host_response,1,accepted,NLRP3,protein
ORG-1263-p0,ORG-1263,0,immunology_host_response,3,accepted,NS1,protein
ORG-1263-p1,ORG-1263,1,biochemistry_structural,1,accepted,NS1,protein
ORG-1267-p0,ORG-1267,0,biochemistry_structural,1,accepted,NSP3,protein
ORG-1326-p0,ORG-1326,0,countermeasure_susceptibility,1,accepted,Orf virus,virus
ORG-1327-p0,ORG-1327,0,immunology_host_response,1,accepted,ORF63,gene
ORG-1335-p0,ORG-1335,0,ecology_niche,1,accepted,Pseudomonas aeruginosa,bacterium
ORG-1378-p0,ORG-1378,0,immunology_host_response,3,accepted,pertussis toxin,exotoxin
ORG-1395-p0,ORG-1395,0,immunology_host_response,1,accepted,PKR,protein kinase
ORG-1396-p0,ORG-1396,0,immunology_host_response,1,accepted,Phospholipase A2,protein
ORG-1396-p1,ORG-1396,1,biochemistry_structural,1,accepted,Phospholipase A2,protein
ORG-1404-p0,ORG-1404,0,immunology_host_response,1,accepted,Plasmodium,organism
ORG-1409-p0,ORG-1409,0,biochemistry_structural,1,accepted,poly-A tail,rna_modification
ORG-1459-p0,ORG-1459,0,biochemistry_structural,1,accepted,protective antigen,protein
ORG-1476-p0,ORG-1476,0,biochemistry_structural,2,accepted,PVSRIPO,virus
ORG-1476-p1,ORG-1476,1,immunology_host_response,1,accepted,PVSRIPO,virus
ORG-1493-p0,ORG-1493,0,immunology_host_response,1,accepted,receptor-binding domain,protein domain
ORG-1494-p0,ORG-1494,0,immunology_host_response,2,accepted,receptor-binding motif,protein motif
ORG-1495-p0,ORG-1495,0,biochemistry_structural,2,accepted,receptor-binding protein,protein
ORG-1572-p0,ORG-1572,0,biochemistry_structural,1,accepted,RGD motif,amino_acid_motif
ORG-1593-p0,ORG-1593,0,diagnostic_detection,1,accepted,RT-PCR,molecular_technique
ORG-1600-p0,ORG-1600,0,immunology_host_response,1,accepted,S-protein,protein
ORG-1601-p0,ORG-1601,0,biochemistry_structural,1,accepted,SA11,organism
ORG-1680-p0,ORG-1680,0,biochemistry_structural,3,accepted,Signaling Lymphocytic Activation Molecule,protein
ORG-1680-p1,ORG-1680,1,immunology_host_response,4,accepted,Signaling Lymphocytic Activation Molecule,protein
ORG-1695-p0,ORG-1695,0,geographic_distribution,1,accepted,Spanish influenza,disease
ORG-1714-p0,ORG-1714,0,countermeasure_susceptibility,1,accepted,Staphylococcus aureus,organism
ORG-1714-p1,ORG-1714,1,taxonomy_classification,1,accepted,Staphylococcus aureus,organism
ORG-1719-p0,ORG-1719,0,immunology_host_response,2,accepted,Stimulator of Interferon Genes,protein
ORG-1729-p0,ORG-1729,0,clinical_epidemiological,1,accepted,Streptococcus pneumoniae,organism
ORG-1730-p0,ORG-1730,0,immunology_host_response,1,accepted,Streptococcus pyogenes,Bacteria
ORG-1749-p0,ORG-1749,0,immunology_host_response,1,accepted,SV40,virus
ORG-1765-p0,ORG-1765,0,environmental_stability,1,accepted,T-2 toxin,toxin
ORG-1765-p1,ORG-1765,1,biochemistry_structural,1,accepted,T-2 toxin,toxin
ORG-1771-p0,ORG-1771,0,immunology_host_response,1,accepted,TAP,protein_complex
ORG-1850-p0,ORG-1850,0,immunology_host_response,4,accepted,herpes simplex virus,virus
ORG-1850-p1,ORG-1850,1,biochemistry_structural,1,accepted,herpes simplex virus,virus
ORG-1860-p0,ORG-1860,0,biochemistry_structural,1,accepted,influenza A virus,virus
ORG-1912-p0,ORG-1912,0,immunology_host_response,1,accepted,SARS-CoV-2,virus
ORG-1989-p0,ORG-1989,0,biochemistry_structural,1,accepted,Thymidine kinase,protein
ORG-2110-p0,ORG-2110,0,ecology_niche,1,accepted,Vibrio cholerae,bacterium
ORG-2115-p0,ORG-2115,0,immunology_host_response,2,accepted,Vaccinia virus,virus
ORG-2115-p1,ORG-2115,1,countermeasure_susceptibility,1,accepted,Vaccinia virus,virus
ORG-2116-p0,ORG-2116,0,immunology_host_response,1,accepted,Vaccinia virus,virus
ORG-2134-p0,ORG-2134,0,biochemistry_structural,1,accepted,Vibrio parahaemolyticus,bacterial_species
ORG-2135-p0,ORG-2135,0,immunology_host_response,3,accepted,EBV vIL-10,viral_protein
ORG-2136-p0,ORG-2136,0,immunology_host_response,1,accepted,KSHV vIL-6,viral_protein
ORG-2174-p0,ORG-2174,0,biochemistry_structural,2,accepted,Rotavirus VP1,viral_protein
ORG-2174-p1,ORG-2174,1,immunology_host_response,3,accepted,Rotavirus VP1,viral_protein
ORG-2175-p0,ORG-2175,0,biochemistry_structural,1,accepted,HSV VP16,viral_protein
ORG-2177-p0,ORG-2177,0,immunology_host_response,1,accepted,AAV VP3,viral_protein
ORG-2178-p0,ORG-2178,0,immunology_host_response,1,accepted,Ebola virus VP35,viral_protein
ORG-2179-p0,ORG-2179,0,biochemistry_structural,1,accepted,VP4,viral_protein
ORG-2179-p1,ORG-2179,1,immunology_host_response,2,accepted,VP4,viral_protein
ORG-2181-p0,ORG-2181,0,biochemistry_structural,1,accepted,VP5,viral_protein
ORG-2182-p0,ORG-2182,0,biochemistry_structural,2,accepted,VP6,viral_protein
ORG-2183-p0,ORG-2183,0,immunology_host_response,1,accepted,VP7,viral_protein
ORG-2183-p1,ORG-2183,1,biochemistry_structural,1,accepted,VP7,viral_protein
ORG-2184-p0,ORG-2184,0,biochemistry_structural,2,accepted,VP8,viral_protein
ORG-2332-p0,ORG-2332,0,reservoir_host,2,accepted,Yersinia pestis,bacterium
ORG-2332-p1,ORG-2332,1,clinical_epidemiological,1,accepted,Yersinia pestis,bacterium
ORG-2332-p2,ORG-2332,2,biochemistry_structural,1,accepted,Yersinia pestis,bacterium
