proposal_id,entity_id,proposal_index,required_dimension,grounding_question_count,production_audit_status
ORG-0001-p0,ORG-0001,0,taxonomy_classification,1,pending
ORG-0013-p0,ORG-0013,0,biochemistry_structural,1,pending
ORG-0014-p0,ORG-0014,0,immunology_host_response,1,pending
ORG-0020-p0,ORG-0020,0,biochemistry_structural,4,pending
ORG-0020-p1,ORG-0020,1,immunology_host_response,6,pending
ORG-0022-p0,ORG-0022,0,immunology_host_response,1,pending
ORG-0022-p1,ORG-0022,1,biochemistry_structural,1,pending
ORG-0027-p0,ORG-0027,0,immunology_host_response,3,pending
ORG-0045-p0,ORG-0045,0,immunology_host_response,1,pending
ORG-0045-p1,ORG-0045,1,biochemistry_structural,1,pending
ORG-0049-p0,ORG-0049,0,immunology_host_response,1,pending
ORG-0053-p0,ORG-0053,0,immunology_host_response,3,pending
ORG-0057-p0,ORG-0057,0,taxonomy_classification,1,pending
ORG-0058-p0,ORG-0058,0,taxonomy_classification,2,pending
ORG-0121-p0,ORG-0121,0,countermeasure_susceptibility,1,pending
ORG-0122-p0,ORG-0122,0,biochemistry_structural,1,pending
ORG-0122-p1,ORG-0122,1,immunology_host_response,1,pending
ORG-0125-p0,ORG-0125,0,immunology_host_response,1,pending
ORG-0129-p0,ORG-0129,0,biochemistry_structural,1,pending
ORG-0161-p0,ORG-0161,0,immunology_host_response,1,pending
ORG-0183-p0,ORG-0183,0,taxonomy_classification,1,pending
ORG-0183-p1,ORG-0183,1,reservoir_host,1,pending
ORG-0183-p2,ORG-0183,2,immunology_host_response,1,pending
ORG-0183-p3,ORG-0183,3,biochemistry_structural,6,pending
ORG-0187-p0,ORG-0187,0,taxonomy_classification,1,pending
ORG-0194-p0,ORG-0194,0,immunology_host_response,1,pending
ORG-0202-p0,ORG-0202,0,biochemistry_structural,1,pending
ORG-0202-p1,ORG-0202,1,clinical_epidemiological,1,pending
ORG-0215-p0,ORG-0215,0,immunology_host_response,1,pending
ORG-0229-p0,ORG-0229,0,immunology_host_response,1,pending
ORG-0233-p0,ORG-0233,0,biochemistry_structural,1,pending
ORG-0233-p1,ORG-0233,1,countermeasure_susceptibility,1,pending
ORG-0233-p2,ORG-0233,2,clinical_epidemiological,1,pending
ORG-0233-p3,ORG-0233,3,immunology_host_response,5,pending
ORG-0236-p0,ORG-0236,0,biochemistry_structural,3,pending
ORG-0254-p0,ORG-0254,0,reservoir_host,1,pending
ORG-0254-p1,ORG-0254,1,clinical_epidemiological,1,pending
ORG-0265-p0,ORG-0265,0,biochemistry_structural,1,pending
ORG-0280-p0,ORG-0280,0,countermeasure_susceptibility,1,pending
ORG-0296-p0,ORG-0296,0,immunology_host_response,3,pending
ORG-0299-p0,ORG-0299,0,immunology_host_response,4,pending
ORG-0300-p0,ORG-0300,0,immunology_host_response,1,pending
ORG-0302-p0,ORG-0302,0,immunology_host_response,1,pending
ORG-0303-p0,ORG-0303,0,immunology_host_response,4,pending
ORG-0306-p0,ORG-0306,0,countermeasure_susceptibility,1,pending
ORG-0313-p0,ORG-0313,0,biochemistry_structural,1,pending
ORG-0332-p0,ORG-0332,0,immunology_host_response,1,pending
ORG-0332-p1,ORG-0332,1,biochemistry_structural,1,pending
ORG-0337-p0,ORG-0337,0,immunology_host_response,1,pending
ORG-0338-p0,ORG-0338,0,immunology_host_response,1,pending
ORG-0339-p0,ORG-0339,0,immunology_host_response,1,pending
ORG-0362-p0,ORG-0362,0,biochemistry_structural,1,pending
ORG-0363-p0,ORG-0363,0,immunology_host_response,1,pending
ORG-0364-p0,ORG-0364,0,immunology_host_response,1,pending
ORG-0368-p0,ORG-0368,0,genome_structure,1,pending
ORG-0408-p0,ORG-0408,0,clinical_epidemiological,1,pending
ORG-0414-p0,ORG-0414,0,immunology_host_response,1,pending
ORG-0416-p0,ORG-0416,0,immunology_host_response,1,pending
ORG-0417-p0,ORG-0417,0,biochemistry_structural,1,pending
ORG-0433-p0,ORG-0433,0,immunology_host_response,1,pending
ORG-0434-p0,ORG-0434,0,immunology_host_response,1,pending
ORG-0440-p0,ORG-0440,0,taxonomy_classification,1,pending
ORG-0450-p0,ORG-0450,0,taxonomy_classification,1,pending
ORG-0478-p0,ORG-0478,0,immunology_host_response,1,pending
ORG-0492-p0,ORG-0492,0,biochemistry_structural,1,pending
ORG-0519-p0,ORG-0519,0,biochemistry_structural,1,pending
ORG-0520-p0,ORG-0520,0,biochemistry_structural,1,pending
ORG-0521-p0,ORG-0521,0,biochemistry_structural,1,pending
ORG-0522-p0,ORG-0522,0,diagnostic_detection,1,pending
ORG-0522-p1,ORG-0522,1,immunology_host_response,2,pending
ORG-0522-p2,ORG-0522,2,biochemistry_structural,2,pending
ORG-0525-p0,ORG-0525,0,reservoir_host,1,pending
ORG-0525-p1,ORG-0525,1,immunology_host_response,1,pending
ORG-0525-p2,ORG-0525,2,biochemistry_structural,3,pending
ORG-0535-p0,ORG-0535,0,biochemistry_structural,1,pending
ORG-0535-p1,ORG-0535,1,immunology_host_response,1,pending
ORG-0575-p0,ORG-0575,0,immunology_host_response,1,pending
ORG-0584-p0,ORG-0584,0,immunology_host_response,1,pending
ORG-0585-p0,ORG-0585,0,immunology_host_response,1,pending
ORG-0588-p0,ORG-0588,0,biochemistry_structural,1,pending
ORG-0596-p0,ORG-0596,0,taxonomy_classification,1,pending
ORG-0596-p1,ORG-0596,1,biochemistry_structural,1,pending
ORG-0637-p0,ORG-0637,0,immunology_host_response,1,pending
ORG-0641-p0,ORG-0641,0,biochemistry_structural,1,pending
ORG-0667-p0,ORG-0667,0,biochemistry_structural,1,pending
ORG-0670-p0,ORG-0670,0,reservoir_host,1,pending
ORG-0670-p1,ORG-0670,1,biochemistry_structural,1,pending
ORG-0670-p2,ORG-0670,2,clinical_epidemiological,1,pending
ORG-0670-p3,ORG-0670,3,ecology_niche,1,pending
ORG-0690-p0,ORG-0690,0,biochemistry_structural,1,pending
ORG-0691-p0,ORG-0691,0,immunology_host_response,1,pending
ORG-0699-p0,ORG-0699,0,immunology_host_response,1,pending
ORG-0719-p0,ORG-0719,0,immunology_host_response,1,pending
ORG-0720-p0,ORG-0720,0,reservoir_host,1,pending
ORG-0721-p0,ORG-0721,0,reservoir_host,1,pending
ORG-0741-p0,ORG-0741,0,immunology_host_response,1,pending
ORG-0743-p0,ORG-0743,0,biochemistry_structural,1,pending
ORG-0743-p1,ORG-0743,1,immunology_host_response,1,pending
ORG-0744-p0,ORG-0744,0,immunology_host_response,1,pending
ORG-0753-p0,ORG-0753,0,biochemistry_structural,1,pending
ORG-0760-p0,ORG-0760,0,immunology_host_response,1,pending
ORG-0762-p0,ORG-0762,0,immunology_host_response,1,pending
ORG-0772-p0,ORG-0772,0,immunology_host_response,1,pending
ORG-0773-p0,ORG-0773,0,biochemistry_structural,1,pending
ORG-0784-p0,ORG-0784,0,immunology_host_response,1,pending
ORG-0786-p0,ORG-0786,0,taxonomy_classification,1,pending
ORG-0789-p0,ORG-0789,0,immunology_host_response,1,pending
ORG-0825-p0,ORG-0825,0,immunology_host_response,5,pending
ORG-0825-p1,ORG-0825,1,taxonomy_classification,1,pending
ORG-0826-p0,ORG-0826,0,reservoir_host,1,pending
ORG-0827-p0,ORG-0827,0,immunology_host_response,1,pending
ORG-0851-p0,ORG-0851,0,biochemistry_structural,1,pending
ORG-0852-p0,ORG-0852,0,immunology_host_response,1,pending
ORG-0854-p0,ORG-0854,0,immunology_host_response,3,pending
ORG-0855-p0,ORG-0855,0,biochemistry_structural,1,pending
ORG-0876-p0,ORG-0876,0,biochemistry_structural,1,pending
ORG-0878-p0,ORG-0878,0,biochemistry_structural,1,pending
ORG-0882-p0,ORG-0882,0,immunology_host_response,3,pending
ORG-0882-p1,ORG-0882,1,biochemistry_structural,1,pending
ORG-0883-p0,ORG-0883,0,biochemistry_structural,1,pending
ORG-0885-p0,ORG-0885,0,immunology_host_response,3,pending
ORG-0894-p0,ORG-0894,0,immunology_host_response,1,pending
ORG-0898-p0,ORG-0898,0,immunology_host_response,1,pending
ORG-0899-p0,ORG-0899,0,immunology_host_response,1,pending
ORG-0900-p0,ORG-0900,0,immunology_host_response,1,pending
ORG-0902-p0,ORG-0902,0,immunology_host_response,1,pending
ORG-0967-p0,ORG-0967,0,biochemistry_structural,1,pending
ORG-0968-p0,ORG-0968,0,taxonomy_classification,1,pending
ORG-0969-p0,ORG-0969,0,immunology_host_response,1,pending
ORG-0971-p0,ORG-0971,0,clinical_epidemiological,1,pending
ORG-0972-p0,ORG-0972,0,immunology_host_response,1,pending
ORG-0988-p0,ORG-0988,0,immunology_host_response,1,pending
ORG-0989-p0,ORG-0989,0,immunology_host_response,1,pending
ORG-0990-p0,ORG-0990,0,immunology_host_response,1,pending
ORG-1036-p0,ORG-1036,0,biochemistry_structural,1,pending
ORG-1044-p0,ORG-1044,0,taxonomy_classification,1,pending
ORG-1048-p0,ORG-1048,0,clinical_epidemiological,1,pending
ORG-1062-p0,ORG-1062,0,biochemistry_structural,2,pending
ORG-1122-p0,ORG-1122,0,clinical_epidemiological,2,pending
ORG-1127-p0,ORG-1127,0,immunology_host_response,3,pending
ORG-1129-p0,ORG-1129,0,immunology_host_response,1,pending
ORG-1130-p0,ORG-1130,0,immunology_host_response,1,pending
ORG-1131-p0,ORG-1131,0,immunology_host_response,1,pending
ORG-1136-p0,ORG-1136,0,immunology_host_response,2,pending
ORG-1136-p1,ORG-1136,1,biochemistry_structural,1,pending
ORG-1146-p0,ORG-1146,0,immunology_host_response,1,pending
ORG-1147-p0,ORG-1147,0,immunology_host_response,1,pending
ORG-1177-p0,ORG-1177,0,immunology_host_response,2,pending
ORG-1178-p0,ORG-1178,0,biochemistry_structural,1,pending
ORG-1179-p0,ORG-1179,0,immunology_host_response,1,pending
ORG-1196-p0,ORG-1196,0,immunology_host_response,1,pending
ORG-1200-p0,ORG-1200,0,biochemistry_structural,1,pending
ORG-1200-p1,ORG-1200,1,immunology_host_response,1,pending
ORG-1201-p0,ORG-1201,0,biochemistry_structural,1,pending
ORG-1203-p0,ORG-1203,0,biochemistry_structural,1,pending
ORG-1206-p0,ORG-1206,0,biochemistry_structural,1,pending
ORG-1215-p0,ORG-1215,0,immunology_host_response,1,pending
ORG-1216-p0,ORG-1216,0,immunology_host_response,1,pending
ORG-1218-p0,ORG-1218,0,immunology_host_response,3,pending
ORG-1219-p0,ORG-1219,0,biochemistry_structural,1,pending
ORG-1220-p0,ORG-1220,0,immunology_host_response,3,pending
ORG-1225-p0,ORG-1225,0,biochemistry_structural,1,pending
ORG-1225-p1,ORG-1225,1,immunology_host_response,1,pending
ORG-1226-p0,ORG-1226,0,biochemistry_structural,1,pending
ORG-1228-p0,ORG-1228,0,immunology_host_response,1,pending
ORG-1233-p0,ORG-1233,0,diagnostic_detection,1,pending
ORG-1234-p0,ORG-1234,0,reservoir_host,1,pending
ORG-1235-p0,ORG-1235,0,reservoir_host,1,pending
ORG-1236-p0,ORG-1236,0,immunology_host_response,1,pending
ORG-1263-p0,ORG-1263,0,immunology_host_response,3,pending
ORG-1263-p1,ORG-1263,1,biochemistry_structural,1,pending
ORG-1267-p0,ORG-1267,0,biochemistry_structural,1,pending
ORG-1304-p0,ORG-1304,0,diagnostic_detection,1,pending
ORG-1304-p1,ORG-1304,1,immunology_host_response,1,pending
ORG-1304-p2,ORG-1304,2,biochemistry_structural,1,pending
ORG-1326-p0,ORG-1326,0,countermeasure_susceptibility,1,pending
ORG-1327-p0,ORG-1327,0,immunology_host_response,1,pending
ORG-1335-p0,ORG-1335,0,ecology_niche,1,pending
ORG-1361-p0,ORG-1361,0,diagnostic_detection,1,pending
ORG-1361-p1,ORG-1361,1,biochemistry_structural,2,pending
ORG-1378-p0,ORG-1378,0,immunology_host_response,3,pending
ORG-1395-p0,ORG-1395,0,immunology_host_response,1,pending
ORG-1396-p0,ORG-1396,0,immunology_host_response,1,pending
ORG-1396-p1,ORG-1396,1,biochemistry_structural,1,pending
ORG-1404-p0,ORG-1404,0,immunology_host_response,1,pending
ORG-1409-p0,ORG-1409,0,biochemistry_structural,1,pending
ORG-1459-p0,ORG-1459,0,biochemistry_structural,1,pending
ORG-1464-p0,ORG-1464,0,immunology_host_response,1,pending
ORG-1476-p0,ORG-1476,0,biochemistry_structural,2,pending
ORG-1476-p1,ORG-1476,1,immunology_host_response,1,pending
ORG-1479-p0,ORG-1479,0,biochemistry_structural,1,pending
ORG-1493-p0,ORG-1493,0,immunology_host_response,1,pending
ORG-1494-p0,ORG-1494,0,immunology_host_response,2,pending
ORG-1495-p0,ORG-1495,0,biochemistry_structural,2,pending
ORG-1505-p0,ORG-1505,0,immunology_host_response,2,pending
ORG-1505-p1,ORG-1505,1,biochemistry_structural,3,pending
ORG-1540-p0,ORG-1540,0,biochemistry_structural,1,pending
ORG-1572-p0,ORG-1572,0,biochemistry_structural,1,pending
ORG-1585-p0,ORG-1585,0,immunology_host_response,1,pending
ORG-1593-p0,ORG-1593,0,diagnostic_detection,1,pending
ORG-1600-p0,ORG-1600,0,immunology_host_response,1,pending
ORG-1601-p0,ORG-1601,0,biochemistry_structural,1,pending
ORG-1645-p0,ORG-1645,0,reservoir_host,1,pending
ORG-1680-p0,ORG-1680,0,biochemistry_structural,3,pending
ORG-1680-p1,ORG-1680,1,immunology_host_response,4,pending
ORG-1695-p0,ORG-1695,0,geographic_distribution,1,pending
ORG-1702-p0,ORG-1702,0,immunology_host_response,2,pending
ORG-1714-p0,ORG-1714,0,countermeasure_susceptibility,1,pending
ORG-1714-p1,ORG-1714,1,taxonomy_classification,1,pending
ORG-1719-p0,ORG-1719,0,immunology_host_response,2,pending
ORG-1729-p0,ORG-1729,0,clinical_epidemiological,1,pending
ORG-1730-p0,ORG-1730,0,immunology_host_response,1,pending
ORG-1749-p0,ORG-1749,0,immunology_host_response,1,pending
ORG-1765-p0,ORG-1765,0,environmental_stability,1,pending
ORG-1765-p1,ORG-1765,1,biochemistry_structural,1,pending
ORG-1771-p0,ORG-1771,0,immunology_host_response,1,pending
ORG-1850-p0,ORG-1850,0,immunology_host_response,4,pending
ORG-1850-p1,ORG-1850,1,biochemistry_structural,1,pending
ORG-1860-p0,ORG-1860,0,biochemistry_structural,1,pending
ORG-1866-p0,ORG-1866,0,immunology_host_response,1,pending
ORG-1912-p0,ORG-1912,0,immunology_host_response,1,pending
ORG-1989-p0,ORG-1989,0,biochemistry_structural,1,pending
ORG-2069-p0,ORG-2069,0,immunology_host_response,2,pending
ORG-2070-p0,ORG-2070,0,immunology_host_response,2,pending
ORG-2076-p0,ORG-2076,0,immunology_host_response,2,pending
ORG-2077-p0,ORG-2077,0,biochemistry_structural,2,pending
ORG-2110-p0,ORG-2110,0,ecology_niche,1,pending
ORG-2115-p0,ORG-2115,0,immunology_host_response,2,pending
ORG-2115-p1,ORG-2115,1,countermeasure_susceptibility,1,pending
ORG-2116-p0,ORG-2116,0,immunology_host_response,1,pending
ORG-2120-p0,ORG-2120,0,countermeasure_susceptibility,1,pending
ORG-2134-p0,ORG-2134,0,biochemistry_structural,1,pending
ORG-2135-p0,ORG-2135,0,immunology_host_response,3,pending
ORG-2136-p0,ORG-2136,0,immunology_host_response,1,pending
ORG-2153-p0,ORG-2153,0,immunology_host_response,1,pending
ORG-2153-p1,ORG-2153,1,biochemistry_structural,1,pending
ORG-2163-p0,ORG-2163,0,transmission_route,1,pending
ORG-2164-p0,ORG-2164,0,clinical_epidemiological,1,pending
ORG-2165-p0,ORG-2165,0,transmission_route,1,pending
ORG-2174-p0,ORG-2174,0,biochemistry_structural,2,pending
ORG-2174-p1,ORG-2174,1,immunology_host_response,3,pending
ORG-2175-p0,ORG-2175,0,biochemistry_structural,1,pending
ORG-2176-p0,ORG-2176,0,immunology_host_response,2,pending
ORG-2177-p0,ORG-2177,0,immunology_host_response,1,pending
ORG-2178-p0,ORG-2178,0,immunology_host_response,1,pending
ORG-2179-p0,ORG-2179,0,biochemistry_structural,1,pending
ORG-2179-p1,ORG-2179,1,immunology_host_response,2,pending
ORG-2181-p0,ORG-2181,0,biochemistry_structural,1,pending
ORG-2182-p0,ORG-2182,0,biochemistry_structural,2,pending
ORG-2183-p0,ORG-2183,0,immunology_host_response,1,pending
ORG-2183-p1,ORG-2183,1,biochemistry_structural,1,pending
ORG-2184-p0,ORG-2184,0,biochemistry_structural,2,pending
ORG-2332-p0,ORG-2332,0,reservoir_host,2,pending
ORG-2332-p1,ORG-2332,1,clinical_epidemiological,1,pending
ORG-2332-p2,ORG-2332,2,biochemistry_structural,1,pending
