proposal_id,entity_id,canonical_name,source_entity_ids,proposal_index,required_dimension,grounding_question_count
ENT-2E6D68374154-p0,ENT-2E6D68374154,2009 pandemic H1N1 virus,"[""ORG-0001""]",0,taxonomy_classification,1
ENT-834E07B00E4B-p0,ENT-834E07B00E4B,AAV VP3,"[""ORG-2177""]",0,immunology_host_response,1
ENT-4B459FCC8B0D-p0,ENT-4B459FCC8B0D,ACE2,"[""ORG-0027""]",0,immunology_host_response,3
ENT-E2D065397A21-p0,ENT-E2D065397A21,adeno-associated virus,"[""ORG-0020"", ""ORG-0047""]",0,biochemistry_structural,4
ENT-E2D065397A21-p1,ENT-E2D065397A21,adeno-associated virus,"[""ORG-0020"", ""ORG-0047""]",1,immunology_host_response,6
ENT-E41854F24102-p0,ENT-E41854F24102,adeno-associated virus 2,"[""ORG-0022""]",0,biochemistry_structural,1
ENT-E41854F24102-p1,ENT-E41854F24102,adeno-associated virus 2,"[""ORG-0022""]",1,immunology_host_response,1
ENT-B1103CC77477-p0,ENT-B1103CC77477,adenylate cyclase toxin,"[""ORG-0053""]",0,immunology_host_response,3
ENT-4D57FE14D820-p0,ENT-4D57FE14D820,Aedes aegypti,"[""ORG-0057""]",0,taxonomy_classification,1
ENT-6730623EE468-p0,ENT-6730623EE468,Aedes albopictus,"[""ORG-0058""]",0,taxonomy_classification,2
ENT-237F121E6C68-p0,ENT-237F121E6C68,APOBEC3,"[""ORG-0129""]",0,biochemistry_structural,1
ENT-ADD7C5D9489A-p0,ENT-ADD7C5D9489A,Bacillus anthracis,"[""ORG-0183""]",0,taxonomy_classification,1
ENT-ADD7C5D9489A-p1,ENT-ADD7C5D9489A,Bacillus anthracis,"[""ORG-0183""]",1,reservoir_host,1
ENT-ADD7C5D9489A-p2,ENT-ADD7C5D9489A,Bacillus anthracis,"[""ORG-0183""]",2,immunology_host_response,1
ENT-ADD7C5D9489A-p3,ENT-ADD7C5D9489A,Bacillus anthracis,"[""ORG-0183""]",3,biochemistry_structural,6
ENT-868A4B240212-p0,ENT-868A4B240212,Bacillus subtilis,"[""ORG-0187""]",0,taxonomy_classification,1
ENT-4BEB987D5604-p0,ENT-4BEB987D5604,BHRF1,"[""ORG-0215""]",0,immunology_host_response,1
ENT-40A854AE0071-p0,ENT-40A854AE0071,Bordetella pertussis,"[""ORG-0233""]",0,biochemistry_structural,1
ENT-40A854AE0071-p1,ENT-40A854AE0071,Bordetella pertussis,"[""ORG-0233""]",1,clinical_epidemiological,1
ENT-40A854AE0071-p2,ENT-40A854AE0071,Bordetella pertussis,"[""ORG-0233""]",2,countermeasure_susceptibility,1
ENT-40A854AE0071-p3,ENT-40A854AE0071,Bordetella pertussis,"[""ORG-0233""]",3,immunology_host_response,5
ENT-564D69D4866B-p0,ENT-564D69D4866B,botulinum toxin,"[""ORG-0236""]",0,biochemistry_structural,3
ENT-A7F4315A24F1-p0,ENT-A7F4315A24F1,Burkholderia pseudomallei,"[""ORG-0254""]",0,clinical_epidemiological,1
ENT-A7F4315A24F1-p1,ENT-A7F4315A24F1,Burkholderia pseudomallei,"[""ORG-0254""]",1,reservoir_host,1
ENT-2C9B200502B1-p0,ENT-2C9B200502B1,BZLF1,"[""ORG-0265""]",0,biochemistry_structural,1
ENT-610B6212025F-p0,ENT-610B6212025F,Candida auris,"[""ORG-0280""]",0,countermeasure_susceptibility,1
ENT-6D5D77FB251A-p0,ENT-6D5D77FB251A,Canine Distemper Virus,"[""ORG-0306""]",0,countermeasure_susceptibility,1
ENT-A9EB3939ACE2-p0,ENT-A9EB3939ACE2,CD150,"[""ORG-0296""]",0,immunology_host_response,3
ENT-9561D2177D00-p0,ENT-9561D2177D00,CD155,"[""ORG-0299""]",0,immunology_host_response,4
ENT-28C54F63C4B1-p0,ENT-28C54F63C4B1,CD163,"[""ORG-0300""]",0,immunology_host_response,1
ENT-4D2EE500D5D9-p0,ENT-4D2EE500D5D9,CD4,"[""ORG-0302""]",0,immunology_host_response,1
ENT-67762F6C42EE-p0,ENT-67762F6C42EE,CD46,"[""ORG-0303""]",0,immunology_host_response,4
ENT-8AAA216A499A-p0,ENT-8AAA216A499A,Chikungunya virus,"[""ORG-0332""]",0,biochemistry_structural,1
ENT-8AAA216A499A-p1,ENT-8AAA216A499A,Chikungunya virus,"[""ORG-0332""]",1,immunology_host_response,1
ENT-7D5EA4A7D993-p0,ENT-7D5EA4A7D993,Chinese Hamster Ovary cells,"[""ORG-0338""]",0,immunology_host_response,1
ENT-EC29D624E488-p0,ENT-EC29D624E488,Corynebacterium diphtheriae,"[""ORG-0408""]",0,clinical_epidemiological,1
ENT-787846622E47-p0,ENT-787846622E47,Coxiella burnetii,"[""ORG-0414""]",0,immunology_host_response,1
ENT-59E917135FEB-p0,ENT-59E917135FEB,Culex pipiens,"[""ORG-0440""]",0,taxonomy_classification,1
ENT-87AD382B7E89-p0,ENT-87AD382B7E89,DC-Sign,"[""ORG-0450""]",0,taxonomy_classification,1
ENT-41C90614B28B-p0,ENT-41C90614B28B,disseminated intravascular coagulation,"[""ORG-0478""]",0,immunology_host_response,1
ENT-59B39F57AC02-p0,ENT-59B39F57AC02,EBNA-LP,"[""ORG-0519""]",0,biochemistry_structural,1
ENT-2E1BCACAB0A0-p0,ENT-2E1BCACAB0A0,EBNA1,"[""ORG-0520""]",0,biochemistry_structural,1
ENT-A4459184CA70-p0,ENT-A4459184CA70,EBNA3C,"[""ORG-0521""]",0,biochemistry_structural,1
ENT-021850B3792A-p0,ENT-021850B3792A,Ebola virus,"[""ORG-0522""]",0,diagnostic_detection,1
ENT-021850B3792A-p1,ENT-021850B3792A,Ebola virus,"[""ORG-0522""]",1,immunology_host_response,2
ENT-021850B3792A-p2,ENT-021850B3792A,Ebola virus,"[""ORG-0522""]",2,biochemistry_structural,2
ENT-A596C2FE5BAB-p0,ENT-A596C2FE5BAB,Ebola virus VP35,"[""ORG-2178""]",0,immunology_host_response,1
ENT-9531A9A92E79-p0,ENT-9531A9A92E79,EBOV,"[""ORG-0525""]",0,biochemistry_structural,3
ENT-9531A9A92E79-p1,ENT-9531A9A92E79,EBOV,"[""ORG-0525""]",1,reservoir_host,1
ENT-9531A9A92E79-p2,ENT-9531A9A92E79,EBOV,"[""ORG-0525""]",2,immunology_host_response,1
ENT-BF08CC63DD1C-p0,ENT-BF08CC63DD1C,EBV vIL-10,"[""ORG-2135""]",0,immunology_host_response,3
ENT-60E08AE48175-p0,ENT-60E08AE48175,EEV,"[""ORG-0535""]",0,biochemistry_structural,1
ENT-60E08AE48175-p1,ENT-60E08AE48175,EEV,"[""ORG-0535""]",1,immunology_host_response,1
ENT-19AE11E96C21-p0,ENT-19AE11E96C21,Epsilon toxin,"[""ORG-0588""]",0,biochemistry_structural,1
ENT-6CCDE4B17EFE-p0,ENT-6CCDE4B17EFE,Escherichia coli,"[""ORG-0596""]",0,biochemistry_structural,1
ENT-6CCDE4B17EFE-p1,ENT-6CCDE4B17EFE,Escherichia coli,"[""ORG-0596""]",1,taxonomy_classification,1
ENT-630E8AB4CEE7-p0,ENT-630E8AB4CEE7,Flaviviridae,"[""ORG-0637""]",0,immunology_host_response,1
ENT-89696A72A3BF-p0,ENT-89696A72A3BF,Foot-and-Mouth Disease Virus,"[""ORG-0641""]",0,biochemistry_structural,1
ENT-AE67F310DA53-p0,ENT-AE67F310DA53,Francisella tularensis,"[""ORG-0670""]",0,ecology_niche,1
ENT-AE67F310DA53-p1,ENT-AE67F310DA53,Francisella tularensis,"[""ORG-0670""]",1,reservoir_host,1
ENT-AE67F310DA53-p2,ENT-AE67F310DA53,Francisella tularensis,"[""ORG-0670""]",2,clinical_epidemiological,1
ENT-AE67F310DA53-p3,ENT-AE67F310DA53,Francisella tularensis,"[""ORG-0670""]",3,biochemistry_structural,1
ENT-C922CA540B85-p0,ENT-C922CA540B85,GM-CSF,"[""ORG-0741""]",0,immunology_host_response,1
ENT-9BAD28E41D56-p0,ENT-9BAD28E41D56,GTP,"[""ORG-0753""]",0,biochemistry_structural,1
ENT-063B970D786E-p0,ENT-063B970D786E,H5N1 influenza A virus,"[""ORG-0760""]",0,immunology_host_response,1
ENT-74F4164552F8-p0,ENT-74F4164552F8,HA2,"[""ORG-0762""]",0,immunology_host_response,1
ENT-7CBD2A6DCD5F-p0,ENT-7CBD2A6DCD5F,Hemagglutinin,"[""ORG-0969""]",0,immunology_host_response,1
ENT-47BC583ABC24-p0,ENT-47BC583ABC24,hemagglutinin-neuraminidase,"[""ORG-0784""]",0,immunology_host_response,1
ENT-7792876AE03A-p0,ENT-7792876AE03A,Hendra virus,"[""ORG-0786""]",0,taxonomy_classification,1
ENT-D8B6045384D2-p0,ENT-D8B6045384D2,Hepatitis C virus,"[""ORG-0773""]",0,biochemistry_structural,1
ENT-CA4AA126F41B-p0,ENT-CA4AA126F41B,herpes simplex keratitis,"[""ORG-0852""]",0,immunology_host_response,1
ENT-531B58126FA8-p0,ENT-531B58126FA8,herpes simplex virus,"[""ORG-1850""]",0,biochemistry_structural,1
ENT-531B58126FA8-p1,ENT-531B58126FA8,herpes simplex virus,"[""ORG-1850""]",1,immunology_host_response,4
ENT-C754C62155A4-p0,ENT-C754C62155A4,Herpes simplex virus 1,"[""ORG-0855""]",0,biochemistry_structural,1
ENT-4AA44AFFF644-p0,ENT-4AA44AFFF644,Herpes Simplex Virus Type 1,"[""ORG-0854""]",0,immunology_host_response,3
ENT-71A9192B785E-p0,ENT-71A9192B785E,HIV-1,"[""ORG-0825""]",0,immunology_host_response,5
ENT-71A9192B785E-p1,ENT-71A9192B785E,HIV-1,"[""ORG-0825""]",1,taxonomy_classification,1
ENT-53EC60A6CE05-p0,ENT-53EC60A6CE05,HSV VP16,"[""ORG-2175""]",0,biochemistry_structural,1
ENT-5FA8E26C6E6B-p0,ENT-5FA8E26C6E6B,Human coronavirus HKU1,"[""ORG-0826""]",0,reservoir_host,1
ENT-DB0BAE915EE5-p0,ENT-DB0BAE915EE5,Human coronavirus NL63,"[""ORG-1235""]",0,reservoir_host,1
ENT-0B79876DA849-p0,ENT-0B79876DA849,Human cytomegalovirus,"[""ORG-0772"", ""ORG-0858""]",0,immunology_host_response,1
ENT-C219A446EBA5-p0,ENT-C219A446EBA5,human metapneumovirus,"[""ORG-0827""]",0,immunology_host_response,1
ENT-A46B6806708C-p0,ENT-A46B6806708C,human respiratory syncytial virus,"[""ORG-0851""]",0,biochemistry_structural,1
ENT-7FEED691F1D4-p0,ENT-7FEED691F1D4,ICP0,"[""ORG-0882""]",0,immunology_host_response,3
ENT-7FEED691F1D4-p1,ENT-7FEED691F1D4,ICP0,"[""ORG-0882""]",1,biochemistry_structural,1
ENT-EF41C0D3872F-p0,ENT-EF41C0D3872F,ICP27,"[""ORG-0883""]",0,biochemistry_structural,1
ENT-FA2F368472F9-p0,ENT-FA2F368472F9,ICP47,"[""ORG-0885""]",0,immunology_host_response,3
ENT-4FF73080E312-p0,ENT-4FF73080E312,IFI16,"[""ORG-0894""]",0,immunology_host_response,1
ENT-DA4B7D427967-p0,ENT-DA4B7D427967,IL-10,"[""ORG-0898""]",0,immunology_host_response,1
ENT-8DCF9C4FF64C-p0,ENT-8DCF9C4FF64C,IL-12,"[""ORG-0899""]",0,immunology_host_response,1
ENT-2F861543E728-p0,ENT-2F861543E728,IL-2,"[""ORG-0900""]",0,immunology_host_response,1
ENT-5EA7A20B42BB-p0,ENT-5EA7A20B42BB,IL-8,"[""ORG-0902""]",0,immunology_host_response,1
ENT-47107766CAA3-p0,ENT-47107766CAA3,Influenza A virus,"[""ORG-0880"", ""ORG-0968"", ""ORG-1860""]",0,taxonomy_classification,1
ENT-47107766CAA3-p1,ENT-47107766CAA3,Influenza A virus,"[""ORG-0880"", ""ORG-0968"", ""ORG-1860""]",1,biochemistry_structural,1
ENT-D780AC159F3F-p0,ENT-D780AC159F3F,Influenza A virus subtype H7N9,"[""ORG-0967""]",0,biochemistry_structural,1
ENT-67B2AFEEB9EF-p0,ENT-67B2AFEEB9EF,Inhalation anthrax,"[""ORG-0971""]",0,clinical_epidemiological,1
ENT-6282FE061080-p0,ENT-6282FE061080,Interferon-gamma,"[""ORG-0988""]",0,immunology_host_response,1
ENT-254D71849CD2-p0,ENT-254D71849CD2,Interleukin-10,"[""ORG-0989""]",0,immunology_host_response,1
ENT-FCAA018A3BEB-p0,ENT-FCAA018A3BEB,Interleukin-8,"[""ORG-0990""]",0,immunology_host_response,1
ENT-60D69CDA1F37-p0,ENT-60D69CDA1F37,KOS,"[""ORG-1036""]",0,biochemistry_structural,1
ENT-7D8C15750A35-p0,ENT-7D8C15750A35,KSHV vIL-6,"[""ORG-2136""]",0,immunology_host_response,1
ENT-460F8EC80881-p0,ENT-460F8EC80881,LANA,"[""ORG-1044""]",0,taxonomy_classification,1
ENT-3B5B24CEFDDF-p0,ENT-3B5B24CEFDDF,Lassa fever,"[""ORG-1048""]",0,clinical_epidemiological,1
ENT-FF3F714A0CD5-p0,ENT-FF3F714A0CD5,Marburg virus,"[""ORG-1122""]",0,clinical_epidemiological,2
ENT-1101C014A23C-p0,ENT-1101C014A23C,MAVS,"[""ORG-1127""]",0,immunology_host_response,3
ENT-A8028105D109-p0,ENT-A8028105D109,Measles virus,"[""ORG-1136""]",0,biochemistry_structural,1
ENT-A8028105D109-p1,ENT-A8028105D109,Measles virus,"[""ORG-1136""]",1,immunology_host_response,2
ENT-6C7885D8D60D-p0,ENT-6C7885D8D60D,Merkel cell carcinoma,"[""ORG-1130""]",0,immunology_host_response,1
ENT-3236B4899725-p0,ENT-3236B4899725,Merkel cell polyomavirus,"[""ORG-1131""]",0,immunology_host_response,1
ENT-F13107635381-p0,ENT-F13107635381,MERS-CoV,"[""ORG-1146"", ""ORG-1147""]",0,immunology_host_response,2
ENT-B2178C77417B-p0,ENT-B2178C77417B,Modified Vaccinia Ankara,"[""ORG-1196""]",0,immunology_host_response,1
ENT-B8E02C629859-p0,ENT-B8E02C629859,mononuclear phagocytic system,"[""ORG-1177""]",0,immunology_host_response,2
ENT-7A42E9F3DFE5-p0,ENT-7A42E9F3DFE5,Mycobacterium tuberculosis,"[""ORG-1178"", ""ORG-1200""]",0,biochemistry_structural,1
ENT-7A42E9F3DFE5-p1,ENT-7A42E9F3DFE5,Mycobacterium tuberculosis,"[""ORG-1178"", ""ORG-1200""]",1,immunology_host_response,1
ENT-713A3FCF1E08-p0,ENT-713A3FCF1E08,Mycoplasma pneumoniae,"[""ORG-1201""]",0,biochemistry_structural,1
ENT-8F90268E3403-p0,ENT-8F90268E3403,N-glycosylation,"[""ORG-1203""]",0,biochemistry_structural,1
ENT-992C61B06627-p0,ENT-992C61B06627,natural killer cells,"[""ORG-1215""]",0,immunology_host_response,1
ENT-A418A5A10064-p0,ENT-A418A5A10064,nectin-4,"[""ORG-1220""]",0,immunology_host_response,3
ENT-3B9B82BB7A12-p0,ENT-3B9B82BB7A12,neutrophil extracellular traps,"[""ORG-1228""]",0,immunology_host_response,1
ENT-458E9D0E3F4A-p0,ENT-458E9D0E3F4A,Newcastle disease virus,"[""ORG-1218"", ""ORG-1231""]",0,immunology_host_response,3
ENT-74E2C8899E30-p0,ENT-74E2C8899E30,next-generation sequencing,"[""ORG-1233""]",0,diagnostic_detection,1
ENT-50FCD5BCB2B3-p0,ENT-50FCD5BCB2B3,nicotinamide adenine dinucleotide,"[""ORG-1206""]",0,biochemistry_structural,1
ENT-936DA50B48A6-p0,ENT-936DA50B48A6,Nipah virus,"[""ORG-1234""]",0,reservoir_host,1
ENT-A7565CA0D28B-p0,ENT-A7565CA0D28B,NLRP3,"[""ORG-1236""]",0,immunology_host_response,1
ENT-4D2B33D1DFDD-p0,ENT-4D2B33D1DFDD,NS1,"[""ORG-1263""]",0,immunology_host_response,3
ENT-4D2B33D1DFDD-p1,ENT-4D2B33D1DFDD,NS1,"[""ORG-1263""]",1,biochemistry_structural,1
ENT-7704204417D7-p0,ENT-7704204417D7,NSP3,"[""ORG-1267""]",0,biochemistry_structural,1
ENT-DB798DD84502-p0,ENT-DB798DD84502,nuclear egress complex,"[""ORG-1219""]",0,biochemistry_structural,1
ENT-A5F8694571F4-p0,ENT-A5F8694571F4,Orf virus,"[""ORG-1326""]",0,countermeasure_susceptibility,1
ENT-4EF9320B8069-p0,ENT-4EF9320B8069,ORF63,"[""ORG-1327""]",0,immunology_host_response,1
ENT-88AF576B29A5-p0,ENT-88AF576B29A5,pertussis toxin,"[""ORG-1378""]",0,immunology_host_response,3
ENT-0B468C626636-p0,ENT-0B468C626636,Phospholipase A2,"[""ORG-1396""]",0,biochemistry_structural,1
ENT-0B468C626636-p1,ENT-0B468C626636,Phospholipase A2,"[""ORG-1396""]",1,immunology_host_response,1
ENT-EABCD87114D3-p0,ENT-EABCD87114D3,PKR,"[""ORG-1395""]",0,immunology_host_response,1
ENT-065CA35D828C-p0,ENT-065CA35D828C,Plasmodium,"[""ORG-1404""]",0,immunology_host_response,1
ENT-BB8184FF65BB-p0,ENT-BB8184FF65BB,poly-A tail,"[""ORG-1409""]",0,biochemistry_structural,1
ENT-BCC04213A6CB-p0,ENT-BCC04213A6CB,protective antigen,"[""ORG-1459""]",0,biochemistry_structural,1
ENT-B2E1F6055648-p0,ENT-B2E1F6055648,Pseudomonas aeruginosa,"[""ORG-1335""]",0,ecology_niche,1
ENT-3C52AC4CEA46-p0,ENT-3C52AC4CEA46,PVSRIPO,"[""ORG-1476""]",0,biochemistry_structural,2
ENT-3C52AC4CEA46-p1,ENT-3C52AC4CEA46,PVSRIPO,"[""ORG-1476""]",1,immunology_host_response,1
ENT-D25E0CE07D09-p0,ENT-D25E0CE07D09,receptor-binding domain,"[""ORG-1493""]",0,immunology_host_response,1
ENT-E13D407076B5-p0,ENT-E13D407076B5,receptor-binding motif,"[""ORG-1494""]",0,immunology_host_response,2
ENT-AC0ADBEDD2CC-p0,ENT-AC0ADBEDD2CC,receptor-binding protein,"[""ORG-1495""]",0,biochemistry_structural,2
ENT-81D9EA3B4716-p0,ENT-81D9EA3B4716,RGD motif,"[""ORG-1572""]",0,biochemistry_structural,1
ENT-AEC1267B58D3-p0,ENT-AEC1267B58D3,Rotavirus VP1,"[""ORG-2174""]",0,biochemistry_structural,2
ENT-AEC1267B58D3-p1,ENT-AEC1267B58D3,Rotavirus VP1,"[""ORG-2174""]",1,immunology_host_response,3
ENT-C04E1D265293-p0,ENT-C04E1D265293,RT-PCR,"[""ORG-1593""]",0,diagnostic_detection,1
ENT-EE63B03C493E-p0,ENT-EE63B03C493E,S-protein,"[""ORG-1600""]",0,immunology_host_response,1
ENT-39A92451AB0C-p0,ENT-39A92451AB0C,SA11,"[""ORG-1601""]",0,biochemistry_structural,1
ENT-2531687FE7F8-p0,ENT-2531687FE7F8,SARS-CoV-2,"[""ORG-1912""]",0,immunology_host_response,1
ENT-4190B973206F-p0,ENT-4190B973206F,Signaling Lymphocytic Activation Molecule,"[""ORG-1680""]",0,biochemistry_structural,3
ENT-4190B973206F-p1,ENT-4190B973206F,Signaling Lymphocytic Activation Molecule,"[""ORG-1680""]",1,immunology_host_response,4
ENT-521883502281-p0,ENT-521883502281,Spanish influenza,"[""ORG-1695""]",0,geographic_distribution,1
ENT-5E57F2CBC058-p0,ENT-5E57F2CBC058,Staphylococcus aureus,"[""ORG-1714""]",0,taxonomy_classification,1
ENT-5E57F2CBC058-p1,ENT-5E57F2CBC058,Staphylococcus aureus,"[""ORG-1714""]",1,countermeasure_susceptibility,1
ENT-051A9F32F52C-p0,ENT-051A9F32F52C,Stimulator of Interferon Genes,"[""ORG-1719""]",0,immunology_host_response,2
ENT-28F6BCAC1348-p0,ENT-28F6BCAC1348,Streptococcus pneumoniae,"[""ORG-1729""]",0,clinical_epidemiological,1
ENT-D254BF203DCA-p0,ENT-D254BF203DCA,Streptococcus pyogenes,"[""ORG-1730""]",0,immunology_host_response,1
ENT-2C683E275B09-p0,ENT-2C683E275B09,SV40,"[""ORG-1749""]",0,immunology_host_response,1
ENT-36EAA3CE6A84-p0,ENT-36EAA3CE6A84,T-2 toxin,"[""ORG-1765""]",0,biochemistry_structural,1
ENT-36EAA3CE6A84-p1,ENT-36EAA3CE6A84,T-2 toxin,"[""ORG-1765""]",1,environmental_stability,1
ENT-729CD87C6329-p0,ENT-729CD87C6329,TAP,"[""ORG-1771""]",0,immunology_host_response,1
ENT-C2953630DCB8-p0,ENT-C2953630DCB8,Thymidine kinase,"[""ORG-1989""]",0,biochemistry_structural,1
ENT-A2531B1F5EB9-p0,ENT-A2531B1F5EB9,Vaccinia virus,"[""ORG-2115"", ""ORG-2116""]",0,countermeasure_susceptibility,1
ENT-A2531B1F5EB9-p1,ENT-A2531B1F5EB9,Vaccinia virus,"[""ORG-2115"", ""ORG-2116""]",1,immunology_host_response,3
ENT-20D6DB8B0490-p0,ENT-20D6DB8B0490,Vibrio cholerae,"[""ORG-2110""]",0,ecology_niche,1
ENT-FE3CE42CBDA9-p0,ENT-FE3CE42CBDA9,Vibrio parahaemolyticus,"[""ORG-2134""]",0,biochemistry_structural,1
ENT-42B450B0B942-p0,ENT-42B450B0B942,VP4,"[""ORG-2179""]",0,biochemistry_structural,1
ENT-42B450B0B942-p1,ENT-42B450B0B942,VP4,"[""ORG-2179""]",1,immunology_host_response,2
ENT-5C08759280FF-p0,ENT-5C08759280FF,VP5,"[""ORG-2181""]",0,biochemistry_structural,1
ENT-875D101E7AF7-p0,ENT-875D101E7AF7,VP6,"[""ORG-2182""]",0,biochemistry_structural,2
ENT-96B10BA8F438-p0,ENT-96B10BA8F438,VP7,"[""ORG-2183""]",0,biochemistry_structural,1
ENT-96B10BA8F438-p1,ENT-96B10BA8F438,VP7,"[""ORG-2183""]",1,immunology_host_response,1
ENT-B98BB5F7C031-p0,ENT-B98BB5F7C031,VP8,"[""ORG-2184""]",0,biochemistry_structural,2
ENT-BDD4DC9D3B23-p0,ENT-BDD4DC9D3B23,Yersinia pestis,"[""ORG-2332""]",0,biochemistry_structural,1
ENT-BDD4DC9D3B23-p1,ENT-BDD4DC9D3B23,Yersinia pestis,"[""ORG-2332""]",1,reservoir_host,2
ENT-BDD4DC9D3B23-p2,ENT-BDD4DC9D3B23,Yersinia pestis,"[""ORG-2332""]",2,clinical_epidemiological,1
