organism_id,name_normalized,n_questions,n_groundable_questions,groundable_labels,current_tier,tier_v2
ORG-0001,2009 pandemic h1n1 virus,1,1,"[""taxonomy_classification""]",periphery,core
ORG-0005,a helper virus,1,0,[],periphery,core
ORG-0007,a herpes simplex virus,2,0,[],core,core
ORG-0009,a highly pathogenic virus,1,1,"[""biochemistry_structural""]",periphery,core
ORG-0012,a pathogen,1,1,"[""immunology_host_response""]",periphery,core
ORG-0013,a subunit,1,1,"[""biochemistry_structural""]",periphery,core
ORG-0014,a type,2,1,"[""immunology_host_response""]",periphery,core
ORG-0015,a virus,2,2,"[""biochemistry_structural"",""immunology_host_response""]",review,review
ORG-0020,aav,27,10,"[""biochemistry_structural"",""immunology_host_response""]",core,core
ORG-0022,aav2,3,2,"[""biochemistry_structural"",""immunology_host_response""]",core,core
ORG-0024,ability of the virus,1,1,"[""biochemistry_structural""]",periphery,core
ORG-0027,ace2,3,3,"[""immunology_host_response""]",core,core
ORG-0035,actin dynamics,1,0,[],periphery,core
ORG-0036,activating the,1,1,"[""immunology_host_response""]",periphery,core
ORG-0038,adaptation of the virus,1,1,"[""immunology_host_response""]",periphery,core
ORG-0045,ade,2,2,"[""biochemistry_structural"",""immunology_host_response""]",core,core
ORG-0046,adeno associated,12,5,"[""biochemistry_structural"",""immunology_host_response""]",core,core
ORG-0047,adeno associated virus,3,0,[],core,core
ORG-0048,adenoviral vector,1,0,[],periphery,core
ORG-0049,adenoviral vectors,1,1,"[""immunology_host_response""]",periphery,core
ORG-0051,adenovirus vector,1,0,[],periphery,core
ORG-0052,adenovirus vectors,1,0,[],periphery,core
ORG-0053,adenylate cyclase,3,3,"[""immunology_host_response""]",core,core
ORG-0057,aedes aegypti,2,1,"[""taxonomy_classification""]",periphery,core
ORG-0058,aedes albopictus,2,2,"[""taxonomy_classification""]",periphery,core
ORG-0062,affect the virus,1,1,"[""biochemistry_structural""]",periphery,core
ORG-0067,african green,1,0,[],periphery,core
ORG-0072,agrobacterium tumefaciens,1,0,[],periphery,core
ORG-0075,air pollution,1,1,"[""environmental_stability""]",periphery,core
ORG-0080,all sequences,1,0,[],periphery,core
ORG-0082,allows for,1,1,"[""biochemistry_structural""]",periphery,core
ORG-0085,almost all,1,0,[],periphery,core
ORG-0086,alter the,1,1,"[""immunology_host_response""]",periphery,core
ORG-0090,altering the,6,3,"[""countermeasure_susceptibility"",""immunology_host_response""]",core,core
ORG-0093,american and,1,0,[],periphery,core
ORG-0095,amr,1,0,[],periphery,core
ORG-0100,and human influenza viruses,2,2,"[""biochemistry_structural"",""geographic_distribution""]",core,core
ORG-0101,and mouth disease virus,1,1,"[""biochemistry_structural""]",periphery,core
ORG-0107,animal transmission,1,1,"[""biochemistry_structural""]",periphery,core
ORG-0108,animals infected,1,1,"[""immunology_host_response""]",periphery,core
ORG-0110,anthrax and,1,0,[],periphery,core
ORG-0113,anthrax spores,1,0,[],periphery,core
ORG-0117,anti measles,1,1,"[""countermeasure_susceptibility""]",periphery,core
ORG-0118,anti mv,1,1,"[""immunology_host_response""]",periphery,core
ORG-0121,anti vector,1,1,"[""countermeasure_susceptibility""]",periphery,core
ORG-0122,antibody dependent,2,2,"[""biochemistry_structural"",""immunology_host_response""]",core,core
ORG-0123,antibody detection,1,1,"[""diagnostic_detection""]",periphery,core
ORG-0124,antigen presenting,1,1,"[""immunology_host_response""]",periphery,core
ORG-0125,antigenic drift,1,1,"[""immunology_host_response""]",periphery,core
ORG-0129,apobec3,1,1,"[""biochemistry_structural""]",periphery,core
ORG-0133,are either,1,1,"[""biochemistry_structural""]",periphery,core
ORG-0136,areas with,1,1,"[""clinical_epidemiological""]",periphery,core
ORG-0141,as herpes simplex virus,1,0,[],periphery,core
ORG-0150,assemble the,1,0,[],periphery,core
ORG-0155,assessing the,1,1,"[""immunology_host_response""]",periphery,core
ORG-0159,at home,1,0,[],review,review
ORG-0160,atcc,1,0,[],periphery,core
ORG-0161,ati,2,1,"[""immunology_host_response""]",periphery,core
ORG-0163,attachment of the virus,2,1,"[""biochemistry_structural""]",periphery,core
ORG-0167,australia and,1,1,"[""taxonomy_classification""]",periphery,core
ORG-0171,avian influenza,1,1,"[""taxonomy_classification""]",periphery,core
ORG-0172,avian influenza a virus,1,1,"[""taxonomy_classification""]",periphery,core
ORG-0173,avian like,1,1,"[""taxonomy_classification""]",periphery,core
ORG-0181,b mallei,1,0,[],periphery,core
ORG-0182,bac,7,0,[],core,core
ORG-0183,b anthracis strain,31,12,"[""biochemistry_structural"",""clinical_epidemiological"",""environmental_stability"",""immunology_host_response"",""reservoir_host"",""taxonomy_classification""]",core,core
ORG-0184,bacillus cereus,2,0,[],periphery,core
ORG-0185,bacillus globigii,2,0,[],periphery,core
ORG-0187,bacillus subtilis,3,1,"[""taxonomy_classification""]",core,core
ORG-0188,bacteria,2,0,[],review,review
ORG-0189,bacterial toxins,1,1,"[""biochemistry_structural""]",periphery,core
ORG-0191,bacterium,1,0,[],periphery,core
ORG-0194,barf1,1,1,"[""immunology_host_response""]",periphery,core
ORG-0200,bats are,1,1,"[""reservoir_host""]",periphery,core
ORG-0202,bbb,3,2,"[""biochemistry_structural"",""clinical_epidemiological""]",core,core
ORG-0206,because the,1,1,"[""biochemistry_structural""]",review,review
ORG-0207,because they,1,1,"[""immunology_host_response""]",periphery,core
ORG-0214,bhk 21,2,0,[],core,core
ORG-0215,bhrf1,1,1,"[""immunology_host_response""]",periphery,core
ORG-0217,binding of the virus,2,1,"[""biochemistry_structural""]",periphery,core
ORG-0223,biological agent,1,0,[],periphery,core
ORG-0227,blocking the,2,2,"[""immunology_host_response""]",core,core
ORG-0228,blood borne,1,1,"[""immunology_host_response""]",periphery,core
ORG-0229,blood brain,3,1,"[""immunology_host_response""]",core,core
ORG-0230,board for,1,0,[],periphery,core
ORG-0233,bordetella pertussis,10,9,"[""biochemistry_structural"",""clinical_epidemiological"",""countermeasure_susceptibility"",""immunology_host_response"",""transmission_route""]",core,core
ORG-0236,botulinum toxin,4,3,"[""biochemistry_structural""]",core,core
ORG-0237,botulism and,1,0,[],periphery,core
ORG-0242,broad host range,1,0,[],periphery,core
ORG-0243,broad range,1,0,[],periphery,core
ORG-0244,broad spectrum,1,1,"[""immunology_host_response""]",periphery,core
ORG-0246,brucella spp,1,0,[],periphery,core
ORG-0254,burkholderia pseudomallei,2,2,"[""clinical_epidemiological"",""reservoir_host""]",core,core
ORG-0265,bzlf1,2,1,"[""biochemistry_structural""]",periphery,core
ORG-0266,c botulinum,3,0,[],core,core
ORG-0267,c terminal,1,1,"[""biochemistry_structural""]",periphery,core
ORG-0268,c terminus,1,1,"[""immunology_host_response""]",periphery,core
ORG-0280,candida auris,2,1,"[""countermeasure_susceptibility""]",periphery,core
ORG-0285,car,2,2,"[""immunology_host_response""]",periphery,core
ORG-0290,catalyzing the,1,1,"[""biochemistry_structural""]",periphery,core
ORG-0292,causes high,1,0,[],periphery,core
ORG-0293,cchfv,1,0,[],periphery,core
ORG-0296,cd150,3,3,"[""immunology_host_response""]",core,core
ORG-0299,cd155,4,4,"[""immunology_host_response""]",core,core
ORG-0300,cd163,1,1,"[""immunology_host_response""]",periphery,core
ORG-0302,cd4,1,1,"[""immunology_host_response""]",review,review
ORG-0303,cd46,4,4,"[""immunology_host_response""]",core,core
ORG-0304,cdc,1,0,[],periphery,core
ORG-0306,cdv,2,1,"[""countermeasure_susceptibility""]",core,core
ORG-0307,cef,1,0,[],periphery,core
ORG-0308,cell associated,1,1,"[""immunology_host_response""]",periphery,core
ORG-0310,cell based,1,0,[],periphery,core
ORG-0311,cell binding,1,1,"[""biochemistry_structural""]",periphery,core
ORG-0312,cell culture,1,1,"[""biochemistry_structural""]",periphery,core
ORG-0313,cell free,5,1,"[""biochemistry_structural""]",core,core
ORG-0315,cell specific,1,1,"[""countermeasure_susceptibility""]",periphery,core
ORG-0316,cell to cell,2,1,"[""immunology_host_response""]",core,core
ORG-0317,cell type,1,0,[],review,review
ORG-0319,cells from,1,1,"[""biochemistry_structural""]",review,review
ORG-0320,centers for,1,0,[],periphery,core
ORG-0330,chemical synthesis,2,0,[],periphery,core
ORG-0332,chikv,2,2,"[""biochemistry_structural"",""immunology_host_response""]",periphery,core
ORG-0334,chimeric viruses,1,1,"[""immunology_host_response""]",periphery,core
ORG-0335,chinese hamster,1,0,[],periphery,core
ORG-0337,chip seq,1,1,"[""immunology_host_response""]",periphery,core
ORG-0338,cho,3,1,"[""immunology_host_response""]",core,core
ORG-0339,chromatin immunoprecipitation,1,1,"[""immunology_host_response""]",periphery,core
ORG-0343,cleavage and,1,1,"[""biochemistry_structural""]",periphery,core
ORG-0347,clone the,2,0,[],periphery,core
ORG-0354,clostridium botulinum,3,2,"[""biochemistry_structural""]",core,core
ORG-0356,clostridium perfringens,1,1,"[""biochemistry_structural""]",periphery,core
ORG-0360,cns,4,2,"[""biochemistry_structural"",""immunology_host_response""]",core,core
ORG-0361,co culture,1,0,[],periphery,core
ORG-0362,co expression,1,1,"[""biochemistry_structural""]",periphery,core
ORG-0363,co infection,2,1,"[""immunology_host_response""]",periphery,core
ORG-0364,co infections,1,1,"[""immunology_host_response""]",periphery,core
ORG-0365,co stimulatory,1,1,"[""immunology_host_response""]",periphery,core
ORG-0366,co transfect,2,0,[],periphery,core
ORG-0367,co transfected,2,0,[],periphery,core
ORG-0368,co transfection,3,1,"[""genome_structure""]",core,core
ORG-0370,codon optimized,1,0,[],periphery,core
ORG-0373,community acquired,1,1,"[""biochemistry_structural""]",periphery,core
ORG-0374,comparing the,1,1,"[""immunology_host_response""]",periphery,core
ORG-0376,compatibility with,1,0,[],periphery,core
ORG-0377,complement proteins,1,1,"[""countermeasure_susceptibility""]",periphery,core
ORG-0378,computational modeling,1,1,"[""immunology_host_response""]",periphery,core
ORG-0379,concerns about,1,1,"[""countermeasure_susceptibility""]",periphery,core
ORG-0385,considering the,5,3,"[""diagnostic_detection"",""immunology_host_response"",""taxonomy_classification""]",core,core
ORG-0399,control and,1,0,[],periphery,core
ORG-0400,controlled expression,1,1,"[""biochemistry_structural""]",periphery,core
ORG-0408,corynebacterium diphtheriae,2,1,"[""clinical_epidemiological""]",core,core
ORG-0409,cost effective,1,1,"[""immunology_host_response""]",periphery,core
ORG-0414,coxiella burnetii,2,1,"[""immunology_host_response""]",core,core
ORG-0416,cpe,1,1,"[""immunology_host_response""]",periphery,core
ORG-0417,cper,3,1,"[""biochemistry_structural""]",core,core
ORG-0419,cre recombinase,1,0,[],periphery,core
ORG-0421,create,1,0,[],review,review
ORG-0427,crimean congo,1,0,[],periphery,core
ORG-0428,crimean congo hemorrhagic fever virus,1,0,[],periphery,core
ORG-0429,crispr,7,0,[],core,core
ORG-0431,crispr cas9,2,0,[],core,core
ORG-0433,cross neutralization,1,1,"[""immunology_host_response""]",periphery,core
ORG-0434,cross react,1,1,"[""immunology_host_response""]",periphery,core
ORG-0435,cross species,3,2,"[""immunology_host_response""]",core,core
ORG-0437,cryo electron,1,0,[],periphery,core
ORG-0440,culex pipiens,1,1,"[""taxonomy_classification""]",periphery,core
ORG-0444,cyclin dependent,1,0,[],periphery,core
ORG-0450,dc sign,1,1,"[""taxonomy_classification""]",periphery,core
ORG-0451,dead end,1,1,"[""reservoir_host""]",periphery,core
ORG-0455,decrease the,1,0,[],periphery,core
ORG-0457,decreasing the,1,0,[],periphery,core
ORG-0464,dengue virus,1,0,[],periphery,core
ORG-0469,designing the,1,1,"[""immunology_host_response""]",periphery,core
ORG-0471,determining the,3,0,[],core,core
ORG-0478,dic,1,1,"[""immunology_host_response""]",periphery,core
ORG-0480,diphtheria toxin,1,0,[],periphery,core
ORG-0481,direct gene,1,0,[],periphery,core
ORG-0482,direct injection,3,1,"[""reservoir_host""]",core,core
ORG-0484,directed evolution,2,0,[],periphery,core
ORG-0487,directly targeting,1,0,[],periphery,core
ORG-0492,diversifying selection,1,1,"[""biochemistry_structural""]",periphery,core
ORG-0499,dna induced,1,1,"[""immunology_host_response""]",periphery,core
ORG-0500,dna launched,5,1,"[""immunology_host_response""]",core,core
ORG-0503,double stranded,2,1,"[""biochemistry_structural""]",periphery,core
ORG-0506,drug resistance,1,1,"[""biochemistry_structural""]",periphery,core
ORG-0507,drug resistant,2,2,"[""biochemistry_structural"",""countermeasure_susceptibility""]",core,core
ORG-0510,during herpes simplex virus,1,1,"[""immunology_host_response""]",periphery,core
ORG-0511,during latency,2,0,[],core,core
ORG-0516,each viral,1,0,[],periphery,core
ORG-0518,eber,1,0,[],periphery,core
ORG-0519,ebna lp,1,1,"[""biochemistry_structural""]",periphery,core
ORG-0520,ebna1,3,1,"[""biochemistry_structural""]",core,core
ORG-0521,ebna3c,1,1,"[""biochemistry_structural""]",periphery,core
ORG-0522,ebola virus,8,5,"[""biochemistry_structural"",""diagnostic_detection"",""immunology_host_response""]",core,core
ORG-0525,ebov,5,5,"[""biochemistry_structural"",""immunology_host_response"",""reservoir_host""]",core,core
ORG-0527,ebv associated,1,1,"[""immunology_host_response""]",review,review
ORG-0528,ebv based,1,1,"[""immunology_host_response""]",periphery,core
ORG-0529,ebv infected,1,1,"[""immunology_host_response""]",periphery,core
ORG-0534,edta,2,0,[],periphery,core
ORG-0535,eev,2,2,"[""biochemistry_structural"",""immunology_host_response""]",core,core
ORG-0539,efficient gene,1,0,[],periphery,core
ORG-0540,egfr,1,0,[],periphery,core
ORG-0542,elevated levels,1,1,"[""immunology_host_response""]",periphery,core
ORG-0544,elimination of the virus,1,0,[],periphery,core
ORG-0545,elisa,1,0,[],periphery,core
ORG-0547,ems,2,0,[],periphery,core
ORG-0548,enables rapid,2,0,[],periphery,core
ORG-0549,enables the,1,0,[],periphery,core
ORG-0556,engineering and,1,0,[],periphery,core
ORG-0557,engineering the,1,1,"[""immunology_host_response""]",periphery,core
ORG-0559,enhance the,1,1,"[""immunology_host_response""]",review,review
ORG-0560,enhance viral,1,0,[],periphery,core
ORG-0565,enhanced viral,1,0,[],periphery,core
ORG-0566,enhancer region,1,1,"[""biochemistry_structural""]",periphery,core
ORG-0567,enhances binding,1,1,"[""biochemistry_structural""]",periphery,core
ORG-0569,enhancing host,1,1,"[""biochemistry_structural""]",periphery,core
ORG-0571,enhancing the,5,2,"[""immunology_host_response""]",core,core
ORG-0573,enhancing viral,1,1,"[""immunology_host_response""]",periphery,core
ORG-0574,ensuring the,2,1,"[""immunology_host_response""]",core,core
ORG-0575,entry of measles virus,2,1,"[""immunology_host_response""]",core,core
ORG-0576,entry of the virus,2,1,"[""immunology_host_response""]",periphery,core
ORG-0581,environmental factors,1,1,"[""reservoir_host""]",periphery,core
ORG-0583,epidermal growth,1,0,[],periphery,core
ORG-0584,epigenetic changes,1,1,"[""immunology_host_response""]",periphery,core
ORG-0585,epigenetic modifications,1,1,"[""immunology_host_response""]",periphery,core
ORG-0588,epsilon toxin,1,1,"[""biochemistry_structural""]",periphery,core
ORG-0596,escherichia coli,5,2,"[""biochemistry_structural"",""taxonomy_classification""]",core,core
ORG-0598,establishing the,1,0,[],periphery,core
ORG-0599,eurasian avian like,1,1,"[""taxonomy_classification""]",periphery,core
ORG-0601,ev a71,1,1,"[""immunology_host_response""]",periphery,core
ORG-0602,evaluating the,3,1,"[""immunology_host_response""]",core,core
ORG-0605,evolution of the virus,1,0,[],periphery,core
ORG-0606,examining the,1,0,[],periphery,core
ORG-0618,express both,1,0,[],periphery,core
ORG-0619,express the,1,1,"[""immunology_host_response""]",periphery,core
ORG-0620,external protein,1,1,"[""immunology_host_response""]",periphery,core
ORG-0623,facilitate the,1,0,[],periphery,core
ORG-0625,facilitates the,3,1,"[""biochemistry_structural""]",core,core
ORG-0631,fbi,2,0,[],periphery,core
ORG-0633,fecal oral,1,1,"[""immunology_host_response""]",periphery,core
ORG-0636,first generation,2,0,[],periphery,core
ORG-0637,flaviviridae family,1,1,"[""immunology_host_response""]",periphery,core
ORG-0638,flies and,1,0,[],periphery,core
ORG-0639,flp frt,1,0,[],periphery,core
ORG-0640,fmd,1,0,[],periphery,core
ORG-0641,fmdv,1,1,"[""biochemistry_structural""]",periphery,core
ORG-0643,foot and,1,0,[],periphery,core
ORG-0650,for generating recombinant viruses,2,0,[],periphery,core
ORG-0652,for influenza a virus,1,0,[],periphery,core
ORG-0665,fragment genome,1,1,"[""genome_structure""]",periphery,core
ORG-0666,fragment the,1,0,[],periphery,core
ORG-0667,frame shift,1,1,"[""biochemistry_structural""]",periphery,core
ORG-0670,francisella tularensis,5,4,"[""biochemistry_structural"",""clinical_epidemiological"",""ecology_niche"",""reservoir_host""]",core,core
ORG-0671,freeze thaw,1,0,[],periphery,core
ORG-0673,from human immunodeficiency virus,1,1,"[""immunology_host_response""]",periphery,core
ORG-0678,from which,1,1,"[""reservoir_host""]",periphery,core
ORG-0680,full length,9,2,"[""biochemistry_structural"",""immunology_host_response""]",core,core
ORG-0683,fungi,1,0,[],periphery,core
ORG-0690,fusion peptide,1,1,"[""biochemistry_structural""]",periphery,core
ORG-0691,g protein,1,1,"[""immunology_host_response""]",periphery,core
ORG-0694,gain of function,1,0,[],periphery,core
ORG-0697,gel electrophoresis,1,0,[],periphery,core
ORG-0699,gene duplication,1,1,"[""immunology_host_response""]",periphery,core
ORG-0700,gene editing,1,0,[],periphery,core
ORG-0701,gene fragment,1,0,[],periphery,core
ORG-0716,generation of recombinant viruses,2,1,"[""immunology_host_response""]",periphery,core
ORG-0719,genetic instability,1,1,"[""immunology_host_response""]",periphery,core
ORG-0720,genetic mutations,1,1,"[""reservoir_host""]",periphery,core
ORG-0721,genetic recombination,1,1,"[""reservoir_host""]",periphery,core
ORG-0723,genetics based,2,1,"[""biochemistry_structural""]",periphery,core
ORG-0726,genetics of rna viruses,3,0,[],core,core
ORG-0728,genome wide,2,2,"[""biochemistry_structural"",""ecology_niche""]",periphery,core
ORG-0733,gibson assembly,4,0,[],core,core
ORG-0736,given the,3,2,"[""geographic_distribution"",""immunology_host_response""]",core,core
ORG-0741,gm csf,1,1,"[""immunology_host_response""]",periphery,core
ORG-0743,gos,2,2,"[""biochemistry_structural"",""immunology_host_response""]",periphery,core
ORG-0744,gpc,1,1,"[""immunology_host_response""]",periphery,core
ORG-0753,gtp,1,1,"[""biochemistry_structural""]",periphery,core
ORG-0754,guinea pig,2,0,[],periphery,core
ORG-0755,guinea pigs,2,0,[],periphery,core
ORG-0756,gwas,1,1,"[""biochemistry_structural""]",periphery,core
ORG-0760,h5n1 influenza a viruses,1,1,"[""immunology_host_response""]",periphery,core
ORG-0762,ha2,1,1,"[""immunology_host_response""]",periphery,core
ORG-0763,half life,1,1,"[""immunology_host_response""]",periphery,core
ORG-0769,hav,1,0,[],periphery,core
ORG-0772,hcmv,2,1,"[""immunology_host_response""]",review,review
ORG-0773,hcv,1,1,"[""biochemistry_structural""]",periphery,core
ORG-0777,hek 293,1,0,[],periphery,core
ORG-0778,hek293,1,0,[],periphery,core
ORG-0779,hek293t,1,0,[],periphery,core
ORG-0781,helper virus free,1,0,[],periphery,core
ORG-0783,hemagglutinin and,1,0,[],periphery,core
ORG-0784,hemagglutinin neuraminidase,1,1,"[""immunology_host_response""]",periphery,core
ORG-0786,hendra virus,1,1,"[""taxonomy_classification""]",periphery,core
ORG-0788,hepatitis a virus,1,0,[],periphery,core
ORG-0789,herd immunity,1,1,"[""immunology_host_response""]",periphery,core
ORG-0791,herpesvirus associated,1,1,"[""immunology_host_response""]",periphery,core
ORG-0792,herpesvirus encoded,1,1,"[""immunology_host_response""]",periphery,core
ORG-0795,hhv 8,2,2,"[""immunology_host_response""]",periphery,core
ORG-0796,high affinity,1,1,"[""immunology_host_response""]",periphery,core
ORG-0798,high concentration,1,1,"[""immunology_host_response""]",periphery,core
ORG-0799,high copy,1,0,[],periphery,core
ORG-0800,high diversity,1,0,[],periphery,core
ORG-0801,high expression,1,0,[],periphery,core
ORG-0802,high fidelity,1,1,"[""biochemistry_structural""]",periphery,core
ORG-0803,high immunogenicity,1,0,[],periphery,core
ORG-0805,high production,1,0,[],periphery,core
ORG-0806,high rate,1,1,"[""countermeasure_susceptibility""]",periphery,core
ORG-0808,high throughput,2,1,"[""diagnostic_detection""]",core,core
ORG-0809,high titer,1,0,[],periphery,core
ORG-0810,high titers,1,0,[],periphery,core
ORG-0812,high transgene,1,0,[],periphery,core
ORG-0813,high virulence,1,0,[],periphery,core
ORG-0814,higher frequency,1,1,"[""immunology_host_response""]",periphery,core
ORG-0817,higher replication,1,0,[],periphery,core
ORG-0825,hiv 1,7,6,"[""immunology_host_response"",""taxonomy_classification""]",core,core
ORG-0826,hku1,1,1,"[""reservoir_host""]",periphery,core
ORG-0827,hmpv,1,1,"[""immunology_host_response""]",periphery,core
ORG-0829,homologous recombination,7,0,[],core,core
ORG-0833,host cells,1,1,"[""immunology_host_response""]",periphery,core
ORG-0836,host range,2,1,"[""immunology_host_response""]",core,core
ORG-0839,how can,3,0,[],review,review
ORG-0841,how does,16,10,"[""biochemistry_structural"",""countermeasure_susceptibility"",""immunology_host_response""]",review,review
ORG-0842,how long,3,0,[],core,core
ORG-0843,how many,3,0,[],core,core
ORG-0845,how might,3,1,"[""biochemistry_structural""]",core,core
ORG-0846,how much,2,1,"[""biochemistry_structural""]",periphery,core
ORG-0851,hrsv,1,1,"[""biochemistry_structural""]",periphery,core
ORG-0852,hsk,1,1,"[""immunology_host_response""]",periphery,core
ORG-0854,hsv 1,7,3,"[""immunology_host_response""]",review,review
ORG-0855,hsv1,2,1,"[""biochemistry_structural""]",periphery,core
ORG-0856,htlv,1,0,[],periphery,core
ORG-0857,human adapted,2,1,"[""immunology_host_response""]",periphery,core
ORG-0858,human cytomegalovirus,1,0,[],review,review
ORG-0859,human embryonic,1,1,"[""taxonomy_classification""]",periphery,core
ORG-0860,human herpesvirus,1,1,"[""immunology_host_response""]",periphery,core
ORG-0861,human immunodeficiency virus,1,0,[],periphery,core
ORG-0862,human like,1,0,[],periphery,core
ORG-0865,human t lymphotropic virus,1,0,[],periphery,core
ORG-0866,human to human,2,2,"[""immunology_host_response""]",core,core
ORG-0869,humoral immune,1,1,"[""immunology_host_response""]",periphery,core
ORG-0872,hvem,1,1,"[""biochemistry_structural""]",periphery,core
ORG-0873,hvr,1,0,[],periphery,core
ORG-0875,hybrid viruses,1,1,"[""immunology_host_response""]",periphery,core
ORG-0876,hydrophobic interactions,1,1,"[""biochemistry_structural""]",periphery,core
ORG-0877,hyper inflammatory,1,1,"[""immunology_host_response""]",periphery,core
ORG-0878,hypervariable region,1,1,"[""biochemistry_structural""]",periphery,core
ORG-0879,i scei,2,0,[],periphery,core
ORG-0880,iav,1,0,[],periphery,core
ORG-0882,icp0,5,4,"[""biochemistry_structural"",""immunology_host_response""]",core,core
ORG-0883,icp27,1,1,"[""biochemistry_structural""]",periphery,core
ORG-0884,icp4,1,0,[],periphery,core
ORG-0885,icp47,3,3,"[""immunology_host_response""]",core,core
ORG-0887,identify and,2,1,"[""immunology_host_response""]",core,core
ORG-0893,ifa,1,1,"[""immunology_host_response""]",periphery,core
ORG-0894,ifi16,1,1,"[""immunology_host_response""]",periphery,core
ORG-0895,ifn,1,1,"[""immunology_host_response""]",review,review
ORG-0897,iii,1,0,[],review,review
ORG-0898,il 10,1,1,"[""immunology_host_response""]",periphery,core
ORG-0899,il 12,1,1,"[""immunology_host_response""]",periphery,core
ORG-0900,il 2,1,1,"[""immunology_host_response""]",periphery,core
ORG-0901,il 6r,1,0,[],periphery,core
ORG-0902,il 8,1,1,"[""immunology_host_response""]",periphery,core
ORG-0904,immediate early,6,2,"[""immunology_host_response""]",core,core
ORG-0905,immortalized human,1,0,[],periphery,core
ORG-0906,immune mediated,1,1,"[""biochemistry_structural""]",periphery,core
ORG-0907,immune privileged,1,1,"[""immunology_host_response""]",periphery,core
ORG-0911,impaired replication,2,1,"[""immunology_host_response""]",periphery,core
ORG-0917,in herpes simplex virus,4,2,"[""biochemistry_structural"",""countermeasure_susceptibility""]",core,core
ORG-0918,in herpes virus,1,0,[],periphery,core
ORG-0919,in influenza a virus,2,2,"[""biochemistry_structural"",""immunology_host_response""]",periphery,core
ORG-0923,in the measles virus,2,2,"[""biochemistry_structural""]",periphery,core
ORG-0930,inclusion bodies,1,0,[],periphery,core
ORG-0937,increase expression,1,0,[],periphery,core
ORG-0938,increase the,3,1,"[""immunology_host_response""]",review,review
ORG-0939,increase viral,1,0,[],periphery,core
ORG-0941,increased expression,2,2,"[""biochemistry_structural"",""immunology_host_response""]",periphery,core
ORG-0942,increased production,1,0,[],periphery,core
ORG-0943,increased risk,1,0,[],periphery,core
ORG-0946,increased susceptibility,1,1,"[""immunology_host_response""]",periphery,core
ORG-0947,increased virulence,1,1,"[""biochemistry_structural""]",periphery,core
ORG-0951,increasing the,4,2,"[""immunology_host_response"",""taxonomy_classification""]",core,core
ORG-0959,inducing the,2,1,"[""immunology_host_response""]",core,core
ORG-0962,infection through,1,1,"[""reservoir_host""]",periphery,core
ORG-0963,infection with,1,1,"[""immunology_host_response""]",review,review
ORG-0966,infectivity of the virus,1,1,"[""immunology_host_response""]",periphery,core
ORG-0967,influenza a h7n9 virus,1,1,"[""biochemistry_structural""]",periphery,core
ORG-0968,influenza a virus,1,1,"[""taxonomy_classification""]",periphery,core
ORG-0969,influenza hemagglutinin,1,1,"[""immunology_host_response""]",periphery,core
ORG-0970,influenza virus,5,0,[],review,review
ORG-0971,inhalation anthrax,1,1,"[""clinical_epidemiological""]",periphery,core
ORG-0972,inhibiting apoptosis,1,1,"[""immunology_host_response""]",periphery,core
ORG-0974,inhibiting the,1,1,"[""immunology_host_response""]",periphery,core
ORG-0977,insert the,2,0,[],periphery,core
ORG-0978,insertional mutagenesis,1,0,[],periphery,core
ORG-0980,integrate the,2,0,[],core,core
ORG-0982,integration into,1,0,[],periphery,core
ORG-0985,inter species,1,0,[],periphery,core
ORG-0987,interactions between,1,1,"[""immunology_host_response""]",periphery,core
ORG-0988,interferon gamma,1,1,"[""immunology_host_response""]",periphery,core
ORG-0989,interleukin 10,1,1,"[""immunology_host_response""]",periphery,core
ORG-0990,interleukin 8,1,1,"[""immunology_host_response""]",periphery,core
ORG-0999,introducing mutations,6,4,"[""biochemistry_structural"",""countermeasure_susceptibility"",""immunology_host_response""]",core,core
ORG-1000,introduction into,1,0,[],periphery,core
ORG-1002,involved in the virus,1,1,"[""immunology_host_response""]",periphery,core
ORG-1003,ip 10,1,1,"[""immunology_host_response""]",periphery,core
ORG-1004,ires,5,4,"[""biochemistry_structural""]",core,core
ORG-1007,isa,1,0,[],periphery,core
ORG-1019,its ability,3,2,"[""biochemistry_structural"",""immunology_host_response""]",core,core
ORG-1020,its function,1,1,"[""immunology_host_response""]",periphery,core
ORG-1021,its large,1,1,"[""biochemistry_structural""]",periphery,core
ORG-1022,its resistance,1,1,"[""immunology_host_response""]",periphery,core
ORG-1023,its role,1,1,"[""immunology_host_response""]",periphery,core
ORG-1028,jak stat,1,1,"[""immunology_host_response""]",periphery,core
ORG-1031,jurkat cells,1,0,[],periphery,core
ORG-1035,kaposi sarcoma associated,1,0,[],periphery,core
ORG-1036,kos,2,1,"[""biochemistry_structural""]",core,core
ORG-1039,kshv,4,3,"[""immunology_host_response"",""taxonomy_classification""]",review,review
ORG-1040,kshv associated,1,1,"[""immunology_host_response""]",periphery,core
ORG-1043,laboratory acquired,1,0,[],periphery,core
ORG-1044,lana,1,1,"[""taxonomy_classification""]",periphery,core
ORG-1046,large genome,1,0,[],periphery,core
ORG-1047,large scale,2,0,[],core,core
ORG-1048,lassa fever,1,1,"[""clinical_epidemiological""]",periphery,core
ORG-1050,lat,3,3,"[""immunology_host_response""]",core,core
ORG-1051,latency associated,7,5,"[""diagnostic_detection"",""immunology_host_response"",""taxonomy_classification""]",core,core
ORG-1057,lentiviral vectors,1,0,[],periphery,core
ORG-1062,lethal toxin,2,2,"[""biochemistry_structural""]",core,core
ORG-1063,leucine rich,1,0,[],periphery,core
ORG-1068,limited availability,1,0,[],periphery,core
ORG-1072,limited knowledge,1,0,[],periphery,core
ORG-1077,limited viral,1,0,[],periphery,core
ORG-1079,limiting the,1,0,[],periphery,core
ORG-1081,link the,1,0,[],periphery,core
ORG-1084,lipid based,1,0,[],periphery,core
ORG-1085,live animal,1,1,"[""immunology_host_response""]",periphery,core
ORG-1087,lmp1,5,3,"[""immunology_host_response""]",core,core
ORG-1088,loci that,1,0,[],periphery,core
ORG-1089,long term,3,1,"[""immunology_host_response""]",review,review
ORG-1092,low copy number,1,0,[],periphery,core
ORG-1093,low fidelity,4,1,"[""biochemistry_structural""]",core,core
ORG-1094,low immunogenicity,1,0,[],periphery,core
ORG-1095,low level,1,0,[],periphery,core
ORG-1099,lower susceptibility,1,0,[],periphery,core
ORG-1100,ltp,1,0,[],periphery,core
ORG-1102,lumbar puncture,1,0,[],periphery,core
ORG-1103,lymphocyte activation,1,1,"[""immunology_host_response""]",periphery,core
ORG-1104,lytic proteins,1,1,"[""biochemistry_structural""]",periphery,core
ORG-1106,madin darby,1,0,[],periphery,core
ORG-1112,maintain the,1,0,[],periphery,core
ORG-1119,mammalian cell,1,0,[],periphery,core
ORG-1121,many genes,1,1,"[""genome_structure""]",periphery,core
ORG-1122,marburg virus,2,2,"[""clinical_epidemiological""]",core,core
ORG-1125,master donor virus,1,0,[],periphery,core
ORG-1127,mavs,3,3,"[""immunology_host_response""]",core,core
ORG-1129,mbcs,1,1,"[""immunology_host_response""]",periphery,core
ORG-1130,mcc,1,1,"[""immunology_host_response""]",periphery,core
ORG-1131,mcv,1,1,"[""immunology_host_response""]",periphery,core
ORG-1133,mdck,2,0,[],core,core
ORG-1135,mdv,1,0,[],periphery,core
ORG-1136,measles virus,5,3,"[""biochemistry_structural"",""immunology_host_response""]",core,core
ORG-1137,measure the,1,1,"[""ecology_niche""]",periphery,core
ORG-1138,measuring the,1,0,[],periphery,core
ORG-1143,mediating the,1,1,"[""biochemistry_structural""]",periphery,core
ORG-1144,mediating viral,1,0,[],periphery,core
ORG-1146,mers,1,1,"[""immunology_host_response""]",periphery,core
ORG-1147,mers cov,1,1,"[""immunology_host_response""]",periphery,core
ORG-1149,metabolic pathway,1,1,"[""immunology_host_response""]",periphery,core
ORG-1164,mlp,1,0,[],periphery,core
ORG-1167,modifying the,6,3,"[""countermeasure_susceptibility"",""immunology_host_response""]",core,core
ORG-1169,monoclonal antibodies,1,1,"[""immunology_host_response""]",periphery,core
ORG-1173,most similar,1,0,[],periphery,core
ORG-1174,most viral,1,0,[],periphery,core
ORG-1176,mpa,1,0,[],periphery,core
ORG-1177,mps,2,2,"[""immunology_host_response""]",core,core
ORG-1178,mtb,1,1,"[""biochemistry_structural""]",periphery,core
ORG-1179,mucosal immunity,1,1,"[""immunology_host_response""]",periphery,core
ORG-1182,multi drug,1,0,[],periphery,core
ORG-1183,multi site,1,0,[],periphery,core
ORG-1184,multiple sequence,1,1,"[""countermeasure_susceptibility""]",periphery,core
ORG-1189,mutations can,1,0,[],periphery,core
ORG-1192,mv infected,1,0,[],periphery,core
ORG-1196,mva,1,1,"[""immunology_host_response""]",periphery,core
ORG-1197,mva based,1,1,"[""immunology_host_response""]",periphery,core
ORG-1200,mycobacterium tuberculosis,3,2,"[""biochemistry_structural"",""immunology_host_response""]",core,core
ORG-1201,mycoplasma pneumoniae,1,1,"[""biochemistry_structural""]",periphery,core
ORG-1203,n glycosylation,1,1,"[""biochemistry_structural""]",periphery,core
ORG-1205,n terminal,4,3,"[""biochemistry_structural"",""immunology_host_response""]",core,core
ORG-1206,nad,1,1,"[""biochemistry_structural""]",periphery,core
ORG-1215,natural killer,1,1,"[""immunology_host_response""]",periphery,core
ORG-1216,natural selection,1,1,"[""immunology_host_response""]",periphery,core
ORG-1218,ndv,5,3,"[""immunology_host_response""]",core,core
ORG-1219,nec,1,1,"[""biochemistry_structural""]",periphery,core
ORG-1220,nectin 4,4,3,"[""immunology_host_response""]",core,core
ORG-1221,need for,1,0,[],review,review
ORG-1225,negative sense,3,2,"[""biochemistry_structural"",""immunology_host_response""]",core,core
ORG-1226,negative strand,2,1,"[""biochemistry_structural""]",periphery,core
ORG-1228,net,1,1,"[""immunology_host_response""]",review,review
ORG-1230,neutralizing antibodies,1,1,"[""immunology_host_response""]",periphery,core
ORG-1231,newcastle disease virus,2,0,[],core,core
ORG-1232,next generation,2,2,"[""diagnostic_detection"",""immunology_host_response""]",core,core
ORG-1233,ngs,1,1,"[""diagnostic_detection""]",periphery,core
ORG-1234,nipah virus,1,1,"[""reservoir_host""]",periphery,core
ORG-1235,nl63,1,1,"[""reservoir_host""]",periphery,core
ORG-1236,nlrp3,1,1,"[""immunology_host_response""]",periphery,core
ORG-1238,non coding,4,2,"[""diagnostic_detection"",""immunology_host_response""]",core,core
ORG-1241,non enveloped,2,2,"[""environmental_stability"",""immunology_host_response""]",core,core
ORG-1242,non enveloped viruses,1,1,"[""environmental_stability""]",periphery,core
ORG-1243,non essential,5,1,"[""biochemistry_structural""]",core,core
ORG-1245,non human,2,0,[],periphery,core
ORG-1246,non infectious,2,2,"[""biochemistry_structural"",""reservoir_host""]",periphery,core
ORG-1248,non pathogenic,2,0,[],periphery,core
ORG-1249,non permissive,1,0,[],periphery,core
ORG-1252,non replicating,2,1,"[""immunology_host_response""]",core,core
ORG-1253,non specific,1,1,"[""clinical_epidemiological""]",periphery,core
ORG-1254,non structural,1,1,"[""biochemistry_structural""]",periphery,core
ORG-1257,non viral,1,0,[],periphery,core
ORG-1258,non virulent,1,0,[],periphery,core
ORG-1260,not using,1,0,[],periphery,core
ORG-1263,ns1,5,4,"[""biochemistry_structural"",""immunology_host_response""]",core,core
ORG-1267,nsp3,1,1,"[""biochemistry_structural""]",periphery,core
ORG-1273,of a chimeric virus,2,1,"[""biochemistry_structural""]",periphery,core
ORG-1275,of a recombinant virus,3,0,[],core,core
ORG-1276,of a virus,1,0,[],periphery,core
ORG-1278,of an oncolytic virus,1,1,"[""immunology_host_response""]",periphery,core
ORG-1285,of hepatitis c virus,1,1,"[""biochemistry_structural""]",periphery,core
ORG-1286,of herpes simplex virus,7,5,"[""biochemistry_structural"",""genome_structure"",""immunology_host_response""]",core,core
ORG-1287,of human influenza viruses,1,0,[],periphery,core
ORG-1288,of influenza a virus,2,0,[],core,core
ORG-1289,of influenza a viruses,2,0,[],core,core
ORG-1293,of oncolytic measles virus,1,1,"[""countermeasure_susceptibility""]",periphery,core
ORG-1295,of recombinant adeno associated virus,1,0,[],periphery,core
ORG-1296,of recombinant vaccinia virus,1,0,[],periphery,core
ORG-1301,of the chimeric virus,3,2,"[""immunology_host_response""]",core,core
ORG-1304,of the ebola virus,3,3,"[""biochemistry_structural"",""diagnostic_detection"",""immunology_host_response""]",core,core
ORG-1305,of the epstein barr virus,2,0,[],periphery,core
ORG-1310,of the recombinant virus,2,1,"[""biochemistry_structural""]",periphery,core
ORG-1312,of the smallpox virus,1,0,[],periphery,core
ORG-1313,of the vaccinia virus,3,1,"[""biochemistry_structural""]",core,core
ORG-1315,off target,3,1,"[""biochemistry_structural""]",core,core
ORG-1316,omicron variant,1,1,"[""immunology_host_response""]",periphery,core
ORG-1317,omv,2,2,"[""countermeasure_susceptibility"",""immunology_host_response""]",core,core
ORG-1321,only with,1,0,[],periphery,core
ORG-1325,orf,2,2,"[""countermeasure_susceptibility"",""diagnostic_detection""]",core,core
ORG-1326,orf virus,1,1,"[""countermeasure_susceptibility""]",periphery,core
ORG-1327,orf63,1,1,"[""immunology_host_response""]",periphery,core
ORG-1330,other than,1,1,"[""biochemistry_structural""]",periphery,core
ORG-1331,over expressing,1,0,[],periphery,core
ORG-1334,overcoming the,1,1,"[""immunology_host_response""]",periphery,core
ORG-1335,p aeruginosa,1,1,"[""ecology_niche""]",periphery,core
ORG-1338,packaging signal,1,0,[],periphery,core
ORG-1344,passage the,2,1,"[""immunology_host_response""]",core,core
ORG-1351,pathogen specific,1,0,[],periphery,core
ORG-1353,pathogenic avian influenza virus,1,1,"[""taxonomy_classification""]",periphery,core
ORG-1356,pathogenicity of the virus,2,1,"[""biochemistry_structural""]",periphery,core
ORG-1358,pb1,2,2,"[""biochemistry_structural"",""immunology_host_response""]",periphery,core
ORG-1359,pb2,5,5,"[""biochemistry_structural"",""immunology_host_response""]",core,core
ORG-1361,pcr,6,3,"[""biochemistry_structural"",""diagnostic_detection""]",review,review
ORG-1362,pcr amplified,1,0,[],periphery,core
ORG-1364,pd l1,1,1,"[""immunology_host_response""]",periphery,core
ORG-1365,pdm09 influenza virus,4,3,"[""biochemistry_structural"",""clinical_epidemiological"",""taxonomy_classification""]",core,core
ORG-1368,per,1,0,[],review,review
ORG-1374,perk,1,0,[],periphery,core
ORG-1378,pertussis toxin,3,3,"[""immunology_host_response""]",core,core
ORG-1387,php,1,0,[],review,review
ORG-1391,pigs are,1,0,[],periphery,core
ORG-1392,pigs have,1,0,[],periphery,core
ORG-1395,pkr,1,1,"[""immunology_host_response""]",periphery,core
ORG-1396,pla2,2,2,"[""biochemistry_structural"",""immunology_host_response""]",core,core
ORG-1399,place the,1,0,[],periphery,core
ORG-1400,plaque assay,2,0,[],core,core
ORG-1402,plasmid based,4,0,[],core,core
ORG-1404,plasmodium parasites,1,1,"[""immunology_host_response""]",periphery,core
ORG-1405,point mutations,1,1,"[""biochemistry_structural""]",periphery,core
ORG-1407,poliomyelitis virus,4,0,[],core,core
ORG-1409,poly a,1,1,"[""biochemistry_structural""]",periphery,core
ORG-1410,polymerase activity,1,0,[],periphery,core
ORG-1413,positive sense,3,2,"[""biochemistry_structural"",""countermeasure_susceptibility""]",core,core
ORG-1414,positive strand,4,1,"[""biochemistry_structural""]",core,core
ORG-1415,positive stranded,1,0,[],periphery,core
ORG-1418,post translational,5,3,"[""biochemistry_structural""]",core,core
ORG-1421,potential for,1,1,"[""taxonomy_classification""]",review,review
ORG-1424,poxvirus based,4,4,"[""immunology_host_response""]",core,core
ORG-1427,poxvirus vector,1,0,[],periphery,core
ORG-1428,poxvirus vectors,1,0,[],periphery,core
ORG-1429,poxviruses have,1,0,[],periphery,core
ORG-1432,pre existing,11,11,"[""countermeasure_susceptibility"",""immunology_host_response""]",core,core
ORG-1436,pre vaccine,1,0,[],periphery,core
ORG-1439,preventing the,1,1,"[""immunology_host_response""]",periphery,core
ORG-1441,primary cell,1,0,[],periphery,core
ORG-1442,primary cells,1,0,[],periphery,core
ORG-1446,produce the,1,1,"[""immunology_host_response""]",periphery,core
ORG-1454,promoting the,2,2,"[""immunology_host_response""]",core,core
ORG-1459,protective antigen,1,1,"[""biochemistry_structural""]",periphery,core
ORG-1461,protein based,1,0,[],periphery,core
ORG-1462,protein coupled,1,1,"[""immunology_host_response""]",periphery,core
ORG-1464,protein kinase,1,1,"[""immunology_host_response""]",periphery,core
ORG-1468,proteins under,1,1,"[""biochemistry_structural""]",periphery,core
ORG-1469,provide early,1,0,[],periphery,core
ORG-1476,pvsripo,4,3,"[""biochemistry_structural"",""immunology_host_response""]",core,core
ORG-1479,qtl,1,1,"[""biochemistry_structural""]",periphery,core
ORG-1480,quantify the,1,1,"[""ecology_niche""]",periphery,core
ORG-1483,quantitative polymerase,1,1,"[""diagnostic_detection""]",periphery,core
ORG-1484,question the,1,1,"[""diagnostic_detection""]",periphery,core
ORG-1485,raise the,1,0,[],periphery,core
ORG-1490,rapid and,1,0,[],periphery,core
ORG-1493,rbd,1,1,"[""immunology_host_response""]",periphery,core
ORG-1494,rbm,2,2,"[""immunology_host_response""]",periphery,core
ORG-1495,rbp,4,2,"[""biochemistry_structural""]",review,review
ORG-1498,re emergence,1,0,[],periphery,core
ORG-1503,real time,1,0,[],periphery,core
ORG-1505,receptor binding,7,5,"[""biochemistry_structural"",""immunology_host_response""]",core,core
ORG-1506,receptor expressing,1,1,"[""immunology_host_response""]",periphery,core
ORG-1507,receptor specific,1,1,"[""immunology_host_response""]",periphery,core
ORG-1509,recombinant herpes simplex virus,2,0,[],periphery,core
ORG-1511,recombinant viruses,1,0,[],periphery,core
ORG-1514,recovery of infectious virus,3,0,[],core,core
ORG-1519,reduced immunogenicity,1,1,"[""immunology_host_response""]",periphery,core
ORG-1522,reduced virus,1,1,"[""immunology_host_response""]",periphery,core
ORG-1527,regulate the,1,1,"[""immunology_host_response""]",periphery,core
ORG-1534,replacing the,1,0,[],periphery,core
ORG-1536,replication competent,5,1,"[""immunology_host_response""]",core,core
ORG-1538,replication deficient,1,0,[],periphery,core
ORG-1540,replication of the virus,1,1,"[""biochemistry_structural""]",periphery,core
ORG-1543,replication proteins,2,2,"[""biochemistry_structural"",""immunology_host_response""]",core,core
ORG-1545,requirement for,3,1,"[""biochemistry_structural""]",core,core
ORG-1558,respiratory droplets,1,1,"[""transmission_route""]",periphery,core
ORG-1559,response against the virus,1,1,"[""immunology_host_response""]",periphery,core
ORG-1563,restriction enzyme,3,0,[],core,core
ORG-1564,restriction enzymes,1,0,[],periphery,core
ORG-1566,restricts the,1,0,[],periphery,core
ORG-1568,retrovirus vector,1,0,[],periphery,core
ORG-1569,reverse genetics,1,0,[],review,review
ORG-1572,rgd,1,1,"[""biochemistry_structural""]",periphery,core
ORG-1574,ribonucleotide reductase,1,1,"[""biochemistry_structural""]",periphery,core
ORG-1575,ribosome inactivating,1,1,"[""biochemistry_structural""]",periphery,core
ORG-1576,ricin toxin,1,1,"[""biochemistry_structural""]",periphery,core
ORG-1577,ricinus communis,1,1,"[""biochemistry_structural""]",periphery,core
ORG-1579,rig i,1,1,"[""immunology_host_response""]",periphery,core
ORG-1582,rna dependent,3,1,"[""biochemistry_structural""]",core,core
ORG-1583,rna interference,1,0,[],periphery,core
ORG-1585,rna sequencing,1,1,"[""immunology_host_response""]",periphery,core
ORG-1586,rna viruses,1,1,"[""immunology_host_response""]",periphery,core
ORG-1593,rt pcr,2,1,"[""diagnostic_detection""]",core,core
ORG-1597,rv based,1,1,"[""immunology_host_response""]",periphery,core
ORG-1598,rvf,1,0,[],periphery,core
ORG-1600,s protein,1,1,"[""immunology_host_response""]",periphery,core
ORG-1601,sa11,2,1,"[""biochemistry_structural""]",core,core
ORG-1603,safety profile,1,0,[],periphery,core
ORG-1607,sarcoma associated,1,1,"[""taxonomy_classification""]",review,review
ORG-1610,sars cov 2 virus,1,1,"[""immunology_host_response""]",periphery,core
ORG-1611,sars cov2,1,1,"[""reservoir_host""]",periphery,core
ORG-1614,scientific research,1,0,[],periphery,core
ORG-1616,sds page,1,1,"[""biochemistry_structural""]",periphery,core
ORG-1618,second generation,1,0,[],periphery,core
ORG-1622,segmented genome,1,0,[],periphery,core
ORG-1626,selection of recombinant viruses,4,1,"[""immunology_host_response""]",core,core
ORG-1627,self assembly,1,1,"[""immunology_host_response""]",periphery,core
ORG-1629,self destruct,2,0,[],periphery,core
ORG-1631,self limiting,1,0,[],periphery,core
ORG-1634,self replicating,2,1,"[""biochemistry_structural""]",core,core
ORG-1635,self replication,1,1,"[""biochemistry_structural""]",periphery,core
ORG-1638,sequence specific,1,1,"[""biochemistry_structural""]",periphery,core
ORG-1639,sequences from,1,0,[],periphery,core
ORG-1641,sequencing data,1,0,[],periphery,core
ORG-1644,serial passage,1,0,[],periphery,core
ORG-1645,serial passaging,1,1,"[""reservoir_host""]",periphery,core
ORG-1647,serotype specific,1,1,"[""biochemistry_structural""]",periphery,core
ORG-1649,sfv,1,0,[],periphery,core
ORG-1651,shelf life,1,1,"[""countermeasure_susceptibility""]",periphery,core
ORG-1653,shift from,1,0,[],periphery,core
ORG-1654,shiga toxin,2,2,"[""biochemistry_structural"",""taxonomy_classification""]",core,core
ORG-1660,shut off,1,1,"[""immunology_host_response""]",periphery,core
ORG-1663,similar symptoms,1,1,"[""immunology_host_response""]",periphery,core
ORG-1666,sin,1,0,[],periphery,core
ORG-1667,since the,1,0,[],periphery,core
ORG-1668,single cell,1,1,"[""immunology_host_response""]",periphery,core
ORG-1669,single chain,1,0,[],periphery,core
ORG-1671,single site,1,0,[],periphery,core
ORG-1672,single stranded,1,0,[],periphery,core
ORG-1673,single stranded rna virus,1,0,[],periphery,core
ORG-1674,sir,1,0,[],periphery,core
ORG-1675,site directed,2,1,"[""biochemistry_structural""]",periphery,core
ORG-1678,site specific,1,0,[],periphery,core
ORG-1680,slam,7,7,"[""biochemistry_structural"",""immunology_host_response""]",core,core
ORG-1683,smaller than,1,0,[],periphery,core
ORG-1684,smallpox and,1,0,[],periphery,core
ORG-1687,soil samples,1,0,[],periphery,core
ORG-1690,southern blotting,1,0,[],periphery,core
ORG-1695,spanish influenza,1,1,"[""geographic_distribution""]",periphery,core
ORG-1696,species specific,1,0,[],periphery,core
ORG-1702,spike protein,2,2,"[""immunology_host_response""]",periphery,core
ORG-1703,split the,2,1,"[""immunology_host_response""]",periphery,core
ORG-1709,spread of the virus,2,1,"[""biochemistry_structural""]",periphery,core
ORG-1711,stabilizing the,1,0,[],periphery,core
ORG-1714,staphylococcus aureus,3,2,"[""countermeasure_susceptibility"",""taxonomy_classification""]",core,core
ORG-1715,star,1,0,[],periphery,core
ORG-1719,sting,2,2,"[""immunology_host_response""]",periphery,core
ORG-1723,strains of the virus,1,0,[],periphery,core
ORG-1729,streptococcus pneumoniae,1,1,"[""clinical_epidemiological""]",periphery,core
ORG-1730,streptococcus pyogenes,1,1,"[""immunology_host_response""]",periphery,core
ORG-1732,structural analysis,2,2,"[""biochemistry_structural"",""immunology_host_response""]",core,core
ORG-1738,studying the,1,0,[],periphery,core
ORG-1744,suppress the,1,1,"[""immunology_host_response""]",periphery,core
ORG-1746,suppresses the,1,1,"[""immunology_host_response""]",periphery,core
ORG-1747,suppressing the,1,1,"[""countermeasure_susceptibility""]",periphery,core
ORG-1748,sustained release,1,0,[],periphery,core
ORG-1749,sv40,1,1,"[""immunology_host_response""]",periphery,core
ORG-1751,swapping the,3,2,"[""immunology_host_response""]",core,core
ORG-1765,t 2,3,2,"[""biochemistry_structural"",""environmental_stability""]",core,core
ORG-1767,t lymphotropic,1,0,[],periphery,core
ORG-1771,tap,1,1,"[""immunology_host_response""]",periphery,core
ORG-1772,tar,3,0,[],core,core
ORG-1773,target cells,1,1,"[""biochemistry_structural""]",periphery,core
ORG-1774,target host,1,0,[],periphery,core
ORG-1775,targeting and,1,1,"[""immunology_host_response""]",periphery,core
ORG-1778,tbe,1,1,"[""diagnostic_detection""]",periphery,core
ORG-1779,tbev,1,1,"[""diagnostic_detection""]",periphery,core
ORG-1781,temperature sensitive,2,1,"[""biochemistry_structural""]",periphery,core
ORG-1783,testing the,2,1,"[""immunology_host_response""]",core,core
ORG-1795,that the recombinant virus,1,0,[],periphery,core
ORG-1797,the ability,5,3,"[""biochemistry_structural"",""clinical_epidemiological"",""immunology_host_response""]",review,review
ORG-1798,the absence,2,1,"[""clinical_epidemiological""]",review,review
ORG-1800,the acquisition,2,1,"[""taxonomy_classification""]",core,core
ORG-1801,the affinity,1,1,"[""immunology_host_response""]",periphery,core
ORG-1802,the amount,1,0,[],periphery,core
ORG-1803,the animal,1,1,"[""immunology_host_response""]",periphery,core
ORG-1804,the anthrax,1,0,[],periphery,core
ORG-1806,the antigenic,1,1,"[""immunology_host_response""]",periphery,core
ORG-1808,the arginine,1,1,"[""biochemistry_structural""]",periphery,core
ORG-1809,the availability,2,1,"[""geographic_distribution""]",core,core
ORG-1811,the biology,1,0,[],periphery,core
ORG-1812,the capacity,1,1,"[""immunology_host_response""]",periphery,core
ORG-1813,the capsid,1,1,"[""immunology_host_response""]",periphery,core
ORG-1814,the carboxyl,1,1,"[""biochemistry_structural""]",periphery,core
ORG-1815,the chimeric,1,1,"[""immunology_host_response""]",periphery,core
ORG-1817,the choice,1,0,[],periphery,core
ORG-1819,the common,1,1,"[""immunology_host_response""]",periphery,core
ORG-1822,the creation,2,1,"[""immunology_host_response""]",periphery,core
ORG-1826,the difficulty,3,1,"[""immunology_host_response""]",core,core
ORG-1827,the dual,1,1,"[""immunology_host_response""]",periphery,core
ORG-1828,the ease,1,0,[],periphery,core
ORG-1829,the efficient,1,1,"[""immunology_host_response""]",periphery,core
ORG-1831,the entire,1,0,[],periphery,core
ORG-1833,the environment,1,0,[],periphery,core
ORG-1834,the epstein barr virus,1,0,[],periphery,core
ORG-1835,the equilibrium,1,1,"[""ecology_niche""]",periphery,core
ORG-1837,the extensive,1,0,[],periphery,core
ORG-1841,the foreign,1,0,[],periphery,core
ORG-1842,the furin,2,0,[],periphery,core
ORG-1843,the fusion,1,0,[],periphery,core
ORG-1844,the gene,1,1,"[""immunology_host_response""]",periphery,core
ORG-1846,the genetic,2,1,"[""immunology_host_response""]",core,core
ORG-1847,the global,1,1,"[""geographic_distribution""]",periphery,core
ORG-1848,the growth,1,0,[],periphery,core
ORG-1849,the herpes,2,2,"[""immunology_host_response""]",core,core
ORG-1850,the herpes simplex virus,10,5,"[""biochemistry_structural"",""immunology_host_response""]",core,core
ORG-1851,the high,2,1,"[""countermeasure_susceptibility""]",review,review
ORG-1852,the higher,1,1,"[""immunology_host_response""]",periphery,core
ORG-1853,the hydrophobic,1,1,"[""biochemistry_structural""]",periphery,core
ORG-1855,the immunomodulatory,1,1,"[""immunology_host_response""]",periphery,core
ORG-1856,the impact,1,1,"[""countermeasure_susceptibility""]",review,review
ORG-1857,the inability,1,0,[],periphery,core
ORG-1858,the inclusion,1,1,"[""biochemistry_structural""]",periphery,core
ORG-1859,the increased,4,1,"[""immunology_host_response""]",core,core
ORG-1860,the influenza a virus,1,1,"[""biochemistry_structural""]",periphery,core
ORG-1861,the inhibitor,1,1,"[""biochemistry_structural""]",periphery,core
ORG-1862,the initial,1,1,"[""ecology_niche""]",review,review
ORG-1863,the insert,1,0,[],periphery,core
ORG-1864,the insertion,1,0,[],periphery,core
ORG-1865,the instability,1,0,[],periphery,core
ORG-1866,the interaction,1,1,"[""immunology_host_response""]",periphery,core
ORG-1867,the lack,4,1,"[""clinical_epidemiological""]",core,core
ORG-1868,the large,1,0,[],periphery,core
ORG-1869,the leaves,1,0,[],periphery,core
ORG-1870,the likelihood,1,1,"[""immunology_host_response""]",periphery,core
ORG-1872,the magnitude,1,1,"[""biochemistry_structural""]",periphery,core
ORG-1874,the minimal,1,1,"[""biochemistry_structural""]",periphery,core
ORG-1876,the mutants,1,0,[],periphery,core
ORG-1877,the mutation,2,2,"[""biochemistry_structural""]",periphery,core
ORG-1879,the mutations,3,2,"[""biochemistry_structural"",""immunology_host_response""]",core,core
ORG-1881,the need,1,0,[],review,review
ORG-1883,the non specific,1,1,"[""clinical_epidemiological""]",periphery,core
ORG-1885,the orientation,1,0,[],periphery,core
ORG-1887,the pathogen,3,3,"[""ecology_niche"",""immunology_host_response"",""taxonomy_classification""]",core,core
ORG-1890,the possibility,1,1,"[""immunology_host_response""]",periphery,core
ORG-1893,the preferential,1,1,"[""immunology_host_response""]",periphery,core
ORG-1895,the presence of virus,1,1,"[""immunology_host_response""]",periphery,core
ORG-1896,the prevalence,1,1,"[""immunology_host_response""]",periphery,core
ORG-1897,the primary,1,1,"[""immunology_host_response""]",review,review
ORG-1898,the rapid,3,2,"[""clinical_epidemiological"",""countermeasure_susceptibility""]",core,core
ORG-1899,the reassortment,1,1,"[""geographic_distribution""]",periphery,core
ORG-1900,the recombinant,1,0,[],periphery,core
ORG-1901,the recombinant viruses,1,0,[],periphery,core
ORG-1902,the reduction,1,1,"[""taxonomy_classification""]",periphery,core
ORG-1903,the region,1,0,[],periphery,core
ORG-1905,the replication,1,1,"[""immunology_host_response""]",periphery,core
ORG-1906,the requirement,2,0,[],core,core
ORG-1907,the residue,1,1,"[""biochemistry_structural""]",periphery,core
ORG-1908,the resistance,2,2,"[""clinical_epidemiological"",""immunology_host_response""]",core,core
ORG-1909,the rice,1,0,[],periphery,core
ORG-1910,the risk,1,1,"[""immunology_host_response""]",review,review
ORG-1912,the sars cov 2 virus,1,1,"[""immunology_host_response""]",periphery,core
ORG-1913,the small,1,0,[],periphery,core
ORG-1914,the smaller,1,1,"[""biochemistry_structural""]",periphery,core
ORG-1915,the soluble,1,1,"[""biochemistry_structural""]",periphery,core
ORG-1917,the specificity,1,0,[],periphery,core
ORG-1918,the stable,1,0,[],periphery,core
ORG-1919,the strain,1,0,[],periphery,core
ORG-1920,the strong,1,1,"[""immunology_host_response""]",periphery,core
ORG-1921,the suppression,1,1,"[""immunology_host_response""]",periphery,core
ORG-1922,the system,1,1,"[""immunology_host_response""]",review,review
ORG-1923,the technical,1,0,[],periphery,core
ORG-1924,the temperature,1,0,[],periphery,core
ORG-1925,the testing,1,0,[],periphery,core
ORG-1927,the timing,1,1,"[""immunology_host_response""]",periphery,core
ORG-1928,the toxin,1,1,"[""immunology_host_response""]",periphery,core
ORG-1931,the underlying,2,0,[],periphery,core
ORG-1932,the unique,1,0,[],periphery,core
ORG-1934,the use,7,1,"[""immunology_host_response""]",review,review
ORG-1935,the variable,1,1,"[""immunology_host_response""]",periphery,core
ORG-1936,the vector,1,1,"[""immunology_host_response""]",periphery,core
ORG-1941,the wheat,1,0,[],periphery,core
ORG-1943,their broad,1,0,[],periphery,core
ORG-1944,their genomes,1,1,"[""biochemistry_structural""]",periphery,core
ORG-1945,their tropism,1,0,[],periphery,core
ORG-1948,there are,2,2,"[""biochemistry_structural""]",review,review
ORG-1949,these cells,1,1,"[""immunology_host_response""]",periphery,core
ORG-1952,these viruses,1,1,"[""immunology_host_response""]",periphery,core
ORG-1953,they act,5,3,"[""biochemistry_structural"",""immunology_host_response""]",core,core
ORG-1954,they allow,3,2,"[""biochemistry_structural"",""immunology_host_response""]",core,core
ORG-1956,they are,12,8,"[""biochemistry_structural"",""countermeasure_susceptibility"",""immunology_host_response"",""reservoir_host""]",review,review
ORG-1958,they can,3,3,"[""biochemistry_structural"",""countermeasure_susceptibility""]",core,core
ORG-1959,they cannot,1,1,"[""countermeasure_susceptibility""]",periphery,core
ORG-1961,they contain,1,0,[],periphery,core
ORG-1963,they determine,2,1,"[""countermeasure_susceptibility""]",periphery,core
ORG-1966,they encode,1,1,"[""immunology_host_response""]",periphery,core
ORG-1967,they enhance,3,2,"[""biochemistry_structural"",""immunology_host_response""]",core,core
ORG-1969,they have,2,1,"[""taxonomy_classification""]",core,core
ORG-1970,they may,1,1,"[""reservoir_host""]",periphery,core
ORG-1972,they regulate,2,2,"[""biochemistry_structural"",""immunology_host_response""]",core,core
ORG-1973,they serve,3,2,"[""reservoir_host""]",core,core
ORG-1974,third generation,4,1,"[""immunology_host_response""]",core,core
ORG-1975,this allows,1,0,[],periphery,core
ORG-1976,this enables,1,0,[],periphery,core
ORG-1979,this method,1,0,[],periphery,core
ORG-1980,this step,1,0,[],periphery,core
ORG-1981,those who,1,1,"[""reservoir_host""]",periphery,core
ORG-1982,thp 1,1,0,[],periphery,core
ORG-1983,three dimensional,1,1,"[""biochemistry_structural""]",periphery,core
ORG-1985,through specific,1,1,"[""immunology_host_response""]",periphery,core
ORG-1986,through the,1,1,"[""immunology_host_response""]",review,review
ORG-1989,thymidine kinase,1,1,"[""biochemistry_structural""]",periphery,core
ORG-1990,tick borne,1,1,"[""diagnostic_detection""]",periphery,core
ORG-1991,ticks and,1,0,[],periphery,core
ORG-1993,tightly regulated,1,1,"[""biochemistry_structural""]",periphery,core
ORG-1994,tigit,1,1,"[""immunology_host_response""]",periphery,core
ORG-1999,tmprss2,1,0,[],periphery,core
ORG-2000,tnfr,1,0,[],periphery,core
ORG-2011,to enhance the virus,6,4,"[""immunology_host_response""]",core,core
ORG-2017,to generate recombinant viruses,2,0,[],periphery,core
ORG-2020,to increase the virus,2,2,"[""immunology_host_response""]",core,core
ORG-2023,to protect the virus,2,2,"[""countermeasure_susceptibility"",""immunology_host_response""]",core,core
ORG-2032,transfection with,1,0,[],periphery,core
ORG-2034,transfer the,1,0,[],periphery,core
ORG-2036,transformation associated,3,0,[],core,core
ORG-2037,transient transfection,1,0,[],periphery,core
ORG-2038,transmission of influenza viruses,2,2,"[""biochemistry_structural"",""environmental_stability""]",core,core
ORG-2040,transmission of the virus,3,1,"[""reservoir_host""]",core,core
ORG-2052,trojan horse,2,1,"[""reservoir_host""]",core,core
ORG-2054,trp and,1,1,"[""biochemistry_structural""]",periphery,core
ORG-2057,tumor associated,1,1,"[""immunology_host_response""]",periphery,core
ORG-2058,tumor specific,1,1,"[""immunology_host_response""]",periphery,core
ORG-2059,two part,1,0,[],periphery,core
ORG-2060,two plasmid,1,0,[],periphery,core
ORG-2061,two stage,1,0,[],periphery,core
ORG-2062,two strains,1,0,[],periphery,core
ORG-2069,ul13,2,2,"[""immunology_host_response""]",periphery,core
ORG-2070,ul18,2,2,"[""immunology_host_response""]",periphery,core
ORG-2076,ul41,2,2,"[""immunology_host_response""]",periphery,core
ORG-2077,ul42,2,2,"[""biochemistry_structural""]",periphery,core
ORG-2091,upr,1,0,[],periphery,core
ORG-2094,us3,1,1,"[""immunology_host_response""]",periphery,core
ORG-2105,using recombinant,1,0,[],periphery,core
ORG-2108,using viral,1,1,"[""immunology_host_response""]",periphery,core
ORG-2110,v cholerae,1,1,"[""ecology_niche""]",periphery,core
ORG-2111,vac,1,0,[],periphery,core
ORG-2113,vaccination may,1,1,"[""immunology_host_response""]",periphery,core
ORG-2114,vaccine induced,2,2,"[""immunology_host_response""]",core,core
ORG-2115,vaccinia virus,7,3,"[""countermeasure_susceptibility"",""immunology_host_response""]",core,core
ORG-2116,vacv,3,1,"[""immunology_host_response""]",core,core
ORG-2118,variant specific,1,1,"[""immunology_host_response""]",periphery,core
ORG-2120,varicella zoster,1,1,"[""countermeasure_susceptibility""]",review,review
ORG-2125,veev,1,0,[],periphery,core
ORG-2126,venezuelan equine,1,0,[],periphery,core
ORG-2129,vero cells,1,0,[],periphery,core
ORG-2134,vibrio parahaemolyticus,3,1,"[""biochemistry_structural""]",core,core
ORG-2135,vil 10,3,3,"[""immunology_host_response""]",core,core
ORG-2136,vil 6,1,1,"[""immunology_host_response""]",periphery,core
ORG-2137,viral adaptation,1,0,[],periphery,core
ORG-2138,viral based,1,0,[],periphery,core
ORG-2139,viral envelope,2,1,"[""immunology_host_response""]",core,core
ORG-2140,viral genes,1,0,[],periphery,core
ORG-2141,viral genome,2,1,"[""biochemistry_structural""]",review,review
ORG-2142,viral immediate early,1,1,"[""immunology_host_response""]",periphery,core
ORG-2143,viral inhibitor,1,1,"[""immunology_host_response""]",periphery,core
ORG-2144,viral interleukin,1,1,"[""immunology_host_response""]",periphery,core
ORG-2145,viral origin,1,1,"[""biochemistry_structural""]",periphery,core
ORG-2146,viral promoters,1,0,[],periphery,core
ORG-2147,viral protein,1,1,"[""immunology_host_response""]",review,review
ORG-2151,virology and,1,0,[],periphery,core
ORG-2153,virulence of the virus,3,2,"[""biochemistry_structural"",""immunology_host_response""]",core,core
ORG-2155,virus antigen,1,1,"[""immunology_host_response""]",periphery,core
ORG-2156,virus associated,1,0,[],periphery,core
ORG-2157,virus based,1,1,"[""immunology_host_response""]",periphery,core
ORG-2158,virus can,1,1,"[""clinical_epidemiological""]",periphery,core
ORG-2159,virus encoded,1,0,[],periphery,core
ORG-2160,virus host,1,1,"[""immunology_host_response""]",periphery,core
ORG-2161,virus infections,1,0,[],periphery,core
ORG-2162,virus like,1,0,[],periphery,core
ORG-2163,virus replication,2,1,"[""transmission_route""]",review,review
ORG-2164,virus shedding,1,1,"[""clinical_epidemiological""]",periphery,core
ORG-2165,virus spread,1,1,"[""transmission_route""]",periphery,core
ORG-2167,viruses can,1,0,[],periphery,core
ORG-2168,viruses cannot,1,1,"[""immunology_host_response""]",periphery,core
ORG-2169,viruses require,1,0,[],periphery,core
ORG-2170,viruses that,1,1,"[""biochemistry_structural""]",periphery,core
ORG-2171,viruses with,1,1,"[""biochemistry_structural""]",periphery,core
ORG-2172,vlp,1,1,"[""biochemistry_structural""]",periphery,core
ORG-2174,vp1,6,5,"[""biochemistry_structural"",""immunology_host_response""]",core,core
ORG-2175,vp16,4,1,"[""biochemistry_structural""]",core,core
ORG-2176,vp2,2,2,"[""immunology_host_response""]",core,core
ORG-2177,vp3,2,1,"[""immunology_host_response""]",core,core
ORG-2178,vp35,1,1,"[""immunology_host_response""]",periphery,core
ORG-2179,vp4,4,3,"[""biochemistry_structural"",""immunology_host_response""]",core,core
ORG-2181,vp5,1,1,"[""biochemistry_structural""]",periphery,core
ORG-2182,vp6,2,2,"[""biochemistry_structural""]",core,core
ORG-2183,vp7,2,2,"[""biochemistry_structural"",""immunology_host_response""]",core,core
ORG-2184,vp8,2,2,"[""biochemistry_structural""]",core,core
ORG-2187,vsv,3,0,[],core,core
ORG-2189,vzv,2,1,"[""countermeasure_susceptibility""]",core,core
ORG-2192,well described,1,1,"[""biochemistry_structural""]",periphery,core
ORG-2193,well known,1,0,[],periphery,core
ORG-2200,what are,1,0,[],review,review
ORG-2201,what can,1,0,[],periphery,core
ORG-2207,what conditions,2,0,[],periphery,core
ORG-2208,what does,2,2,"[""biochemistry_structural""]",review,review
ORG-2213,what genes,2,1,"[""biochemistry_structural""]",periphery,core
ORG-2226,what potential,2,1,"[""biochemistry_structural""]",periphery,core
ORG-2231,what role,1,1,"[""reservoir_host""]",periphery,core
ORG-2240,what type,2,1,"[""immunology_host_response""]",core,core
ORG-2244,what was,15,4,"[""biochemistry_structural"",""immunology_host_response""]",core,core
ORG-2246,when assessing,1,0,[],periphery,core
ORG-2247,when comparing,1,1,"[""biochemistry_structural""]",periphery,core
ORG-2248,when considering,1,1,"[""immunology_host_response""]",periphery,core
ORG-2249,when constructing,4,3,"[""biochemistry_structural""]",core,core
ORG-2251,when designing,1,0,[],periphery,core
ORG-2256,when using,3,0,[],core,core
ORG-2257,where are,1,1,"[""biochemistry_structural""]",periphery,core
ORG-2260,which are,1,1,"[""biochemistry_structural""]",review,review
ORG-2269,which factor,2,2,"[""environmental_stability"",""reservoir_host""]",core,core
ORG-2273,which host,1,1,"[""immunology_host_response""]",periphery,core
ORG-2275,which method,2,0,[],core,core
ORG-2280,which process,2,1,"[""immunology_host_response""]",core,core
ORG-2281,which protein,1,0,[],periphery,core
ORG-2284,which specific,1,1,"[""immunology_host_response""]",periphery,core
ORG-2294,which two,1,0,[],periphery,core
ORG-2298,which virus,2,0,[],periphery,core
ORG-2303,whole body,1,0,[],periphery,core
ORG-2304,whole genome,1,0,[],periphery,core
ORG-2306,wild type,5,2,"[""immunology_host_response"",""reservoir_host""]",review,review
ORG-2313,within host,1,1,"[""immunology_host_response""]",periphery,core
ORG-2326,yeast based,1,0,[],periphery,core
ORG-2328,yeast cells,1,0,[],periphery,core
ORG-2331,yellow fever virus,3,0,[],core,core
ORG-2332,yersinia pestis,12,4,"[""biochemistry_structural"",""clinical_epidemiological"",""reservoir_host""]",core,core
ORG-2335,you are,4,2,"[""biochemistry_structural"",""taxonomy_classification""]",review,review
ORG-2337,you have,4,2,"[""clinical_epidemiological"",""immunology_host_response""]",review,review
ORG-2340,zikv,4,4,"[""biochemistry_structural"",""immunology_host_response"",""reservoir_host""]",core,core
